#-----------------------------------------------------------
# Vivado v2020.2 (64-bit)
# SW Build 3064766 on Wed Nov 18 09:12:45 MST 2020
# IP Build 3064653 on Wed Nov 18 14:17:31 MST 2020
# Start of session at: Tue Sep 29 12:14:12 2026
# Process ID: 31820
# Current directory: C:/Users/Utilisateur/Documents/POEI/Projet_fin/Projet/src/Flux_VGA
# Command line: vivado.exe -gui_launcher_event rodinguilauncherevent19044 C:\Users\Utilisateur\Documents\POEI\Projet_fin\Projet\src\Flux_VGA\Flux_VGA.xpr
# Log file: C:/Users/Utilisateur/Documents/POEI/Projet_fin/Projet/src/Flux_VGA/vivado.log
# Journal file: C:/Users/Utilisateur/Documents/POEI/Projet_fin/Projet/src/Flux_VGA\vivado.jou
#-----------------------------------------------------------
start_gui
open_project C:/Users/Utilisateur/Documents/POEI/Projet_fin/Projet/src/Flux_VGA/Flux_VGA.xpr
WARNING: [filemgmt 56-3] IP Repository Path: Could not find the directory 'C:/Users/Utilisateur/Documents/POEI/Projet_fin/Projet/IP/source_select/source_select_1.0'.
Scanning sources...
Finished scanning sources
INFO: [IP_Flow 19-234] Refreshing IP repositories
WARNING: [IP_Flow 19-3685] Ignored loading user repository 'c:/Users/Utilisateur/Documents/POEI/Projet_fin/Projet/IP/overlay/overlay_1.0'. The path is contained within another repository.
WARNING: [IP_Flow 19-3685] Ignored loading user repository 'c:/Users/Utilisateur/Documents/POEI/Projet_fin/Projet/IP/seuil/seuil_1.0'. The path is contained within another repository.
WARNING: [IP_Flow 19-3685] Ignored loading user repository 'c:/Users/Utilisateur/Documents/POEI/Projet_fin/Projet/IP/filtre_harris/filtre_harris_1.0'. The path is contained within another repository.
WARNING: [IP_Flow 19-3685] Ignored loading user repository 'c:/Users/Utilisateur/Documents/POEI/Projet_fin/Projet/IP/filtre_gaussien/filtre_gaussien_1.0'. The path is contained within another repository.
WARNING: [IP_Flow 19-3685] Ignored loading user repository 'c:/Users/Utilisateur/Documents/POEI/Projet_fin/Projet/IP/luminance/luminance_1.0'. The path is contained within another repository.
WARNING: [IP_Flow 19-3685] Ignored loading user repository 'c:/Users/Utilisateur/Documents/POEI/Projet_fin/Projet/IP/source_select/source_select_1.0'. The path is contained within another repository.
INFO: [IP_Flow 19-1700] Loaded user IP repository 'c:/Users/Utilisateur/Documents/POEI/Projet_fin/Projet/IP'.
INFO: [IP_Flow 19-2313] Loaded Vivado IP repository 'C:/Xilinx/Vivado/2020.2/data/ip'.
update_compile_order -fileset sources_1
open_bd_design {C:/Users/Utilisateur/Documents/POEI/Projet_fin/Projet/src/Flux_VGA/Flux_VGA.srcs/sources_1/bd/design_1/design_1.bd}
Reading block design file <C:/Users/Utilisateur/Documents/POEI/Projet_fin/Projet/src/Flux_VGA/Flux_VGA.srcs/sources_1/bd/design_1/design_1.bd>...
Adding component instance block -- xilinx.com:user:PMODVGA:1.0 - PMODVGA_0
Adding component instance block -- xilinx.com:ip:clk_wiz:6.0 - clk_wiz_0
Adding component instance block -- xilinx.com:user:TGP:1.0 - TGP_1
Successfully read diagram <design_1> from block design file <C:/Users/Utilisateur/Documents/POEI/Projet_fin/Projet/src/Flux_VGA/Flux_VGA.srcs/sources_1/bd/design_1/design_1.bd>
open_bd_design: Time (s): cpu = 00:00:05 ; elapsed = 00:00:05 . Memory (MB): peak = 1020.281 ; gain = 0.000
ipx::edit_ip_in_project -upgrade true -name TGP_v1_0_project -directory C:/Users/Utilisateur/Documents/POEI/Projet_fin/Projet/src/Flux_VGA/Flux_VGA.tmp/TGP_v1_0_project c:/Users/Utilisateur/Documents/POEI/Projet_fin/Projet/IP/TGP/TGP_1.0/component.xml
INFO: [ProjectBase 1-489] The host OS only allows 260 characters in a normal path. The project is stored in a path with more than 80 characters. If you experience issues with IP, Block Designs, or files not being found, please consider moving the project to a location with a shorter path. Alternately consider using the OS subst command to map part of the path to a drive letter.
Current project path is 'c:/users/utilisateur/documents/poei/projet_fin/projet/src/flux_vga/flux_vga.tmp/tgp_v1_0_project'
INFO: [IP_Flow 19-234] Refreshing IP repositories
INFO: [IP_Flow 19-1704] No user IP repositories specified
INFO: [IP_Flow 19-2313] Loaded Vivado IP repository 'C:/Xilinx/Vivado/2020.2/data/ip'.
INFO: [IP_Flow 19-234] Refreshing IP repositories
WARNING: [IP_Flow 19-3685] Ignored loading user repository 'c:/Users/Utilisateur/Documents/POEI/Projet_fin/Projet/IP/overlay/overlay_1.0'. The path is contained within another repository.
WARNING: [IP_Flow 19-3685] Ignored loading user repository 'c:/Users/Utilisateur/Documents/POEI/Projet_fin/Projet/IP/seuil/seuil_1.0'. The path is contained within another repository.
WARNING: [IP_Flow 19-3685] Ignored loading user repository 'c:/Users/Utilisateur/Documents/POEI/Projet_fin/Projet/IP/filtre_harris/filtre_harris_1.0'. The path is contained within another repository.
WARNING: [IP_Flow 19-3685] Ignored loading user repository 'c:/Users/Utilisateur/Documents/POEI/Projet_fin/Projet/IP/filtre_gaussien/filtre_gaussien_1.0'. The path is contained within another repository.
WARNING: [IP_Flow 19-3685] Ignored loading user repository 'c:/Users/Utilisateur/Documents/POEI/Projet_fin/Projet/IP/luminance/luminance_1.0'. The path is contained within another repository.
WARNING: [IP_Flow 19-3685] Ignored loading user repository 'c:/Users/Utilisateur/Documents/POEI/Projet_fin/Projet/IP/source_select/source_select_1.0'. The path is contained within another repository.
INFO: [IP_Flow 19-1700] Loaded user IP repository 'c:/Users/Utilisateur/Documents/POEI/Projet_fin/Projet/IP'.
INFO: [IP_Flow 19-795] Syncing license key meta-data
ipx::edit_ip_in_project: Time (s): cpu = 00:00:12 ; elapsed = 00:00:06 . Memory (MB): peak = 1020.281 ; gain = 0.000
update_compile_order -fileset sources_1
current_project Flux_VGA
ipx::edit_ip_in_project -upgrade true -name PMODVGA_v1_0_project -directory C:/Users/Utilisateur/Documents/POEI/Projet_fin/Projet/src/Flux_VGA/Flux_VGA.tmp/PMODVGA_v1_0_project c:/Users/Utilisateur/Documents/POEI/Projet_fin/Projet/IP/PMODVGA/PMODVGA_1.0/component.xml
INFO: [ProjectBase 1-489] The host OS only allows 260 characters in a normal path. The project is stored in a path with more than 80 characters. If you experience issues with IP, Block Designs, or files not being found, please consider moving the project to a location with a shorter path. Alternately consider using the OS subst command to map part of the path to a drive letter.
Current project path is 'c:/users/utilisateur/documents/poei/projet_fin/projet/src/flux_vga/flux_vga.tmp/pmodvga_v1_0_project'
INFO: [IP_Flow 19-234] Refreshing IP repositories
INFO: [IP_Flow 19-1704] No user IP repositories specified
INFO: [IP_Flow 19-2313] Loaded Vivado IP repository 'C:/Xilinx/Vivado/2020.2/data/ip'.
INFO: [IP_Flow 19-234] Refreshing IP repositories
WARNING: [IP_Flow 19-3685] Ignored loading user repository 'c:/Users/Utilisateur/Documents/POEI/Projet_fin/Projet/IP/overlay/overlay_1.0'. The path is contained within another repository.
WARNING: [IP_Flow 19-3685] Ignored loading user repository 'c:/Users/Utilisateur/Documents/POEI/Projet_fin/Projet/IP/seuil/seuil_1.0'. The path is contained within another repository.
WARNING: [IP_Flow 19-3685] Ignored loading user repository 'c:/Users/Utilisateur/Documents/POEI/Projet_fin/Projet/IP/filtre_harris/filtre_harris_1.0'. The path is contained within another repository.
WARNING: [IP_Flow 19-3685] Ignored loading user repository 'c:/Users/Utilisateur/Documents/POEI/Projet_fin/Projet/IP/filtre_gaussien/filtre_gaussien_1.0'. The path is contained within another repository.
WARNING: [IP_Flow 19-3685] Ignored loading user repository 'c:/Users/Utilisateur/Documents/POEI/Projet_fin/Projet/IP/luminance/luminance_1.0'. The path is contained within another repository.
WARNING: [IP_Flow 19-3685] Ignored loading user repository 'c:/Users/Utilisateur/Documents/POEI/Projet_fin/Projet/IP/source_select/source_select_1.0'. The path is contained within another repository.
INFO: [IP_Flow 19-1700] Loaded user IP repository 'c:/Users/Utilisateur/Documents/POEI/Projet_fin/Projet/IP'.
INFO: [IP_Flow 19-795] Syncing license key meta-data
ipx::edit_ip_in_project: Time (s): cpu = 00:00:07 ; elapsed = 00:00:06 . Memory (MB): peak = 1020.281 ; gain = 0.000
update_compile_order -fileset sources_1
ipx::unload_core c:/Users/Utilisateur/Documents/POEI/Projet_fin/Projet/IP/PMODVGA/PMODVGA_1.0/component.xml
ipx::open_ipxact_file c:/Users/Utilisateur/Documents/POEI/Projet_fin/Projet/IP/PMODVGA/PMODVGA_1.0/component.xml
WARNING: [IP_Flow 19-5226] Project source file 'c:/Users/Utilisateur/Documents/POEI/Projet_fin/Projet/IP/PMODVGA/PMODVGA_1.0/component.xml' ignored by IP packager.
WARNING: [IP_Flow 19-3898] File Group 'xilinx_vhdlsynthesis (VHDL Synthesis)': File 'c:/Users/Utilisateur/Documents/POEI/Projet_fin/Projet/IP/PMODVGA/PMODVGA_1.0/hdl/PMODVGA_v1_0_S00_AXIS.vhd' is not found in the project sources. It will be removed from the packaged IP when the sources are merged. If still required, please add this file to the project and re-package.
WARNING: [IP_Flow 19-3898] File Group 'xilinx_vhdlsynthesis (VHDL Synthesis)': File 'c:/Users/Utilisateur/Documents/POEI/Projet_fin/Projet/IP/PMODVGA/PMODVGA_1.0/hdl/PMODVGA_v1_0.vhd' is not found in the project sources. It will be removed from the packaged IP when the sources are merged. If still required, please add this file to the project and re-package.
WARNING: [IP_Flow 19-3898] File Group 'xilinx_vhdlbehavioralsimulation (VHDL Simulation)': File 'c:/Users/Utilisateur/Documents/POEI/Projet_fin/Projet/IP/PMODVGA/PMODVGA_1.0/hdl/PMODVGA_v1_0_S00_AXIS.vhd' is not found in the project sources. It will be removed from the packaged IP when the sources are merged. If still required, please add this file to the project and re-package.
WARNING: [IP_Flow 19-3898] File Group 'xilinx_vhdlbehavioralsimulation (VHDL Simulation)': File 'c:/Users/Utilisateur/Documents/POEI/Projet_fin/Projet/IP/PMODVGA/PMODVGA_1.0/hdl/PMODVGA_v1_0.vhd' is not found in the project sources. It will be removed from the packaged IP when the sources are merged. If still required, please add this file to the project and re-package.
ipx::merge_project_changes hdl_parameters [ipx::current_core]
WARNING: [IP_Flow 19-5226] Project source file 'c:/Users/Utilisateur/Documents/POEI/Projet_fin/Projet/IP/PMODVGA/PMODVGA_1.0/component.xml' ignored by IP packager.
set_property core_revision 6 [ipx::current_core]
ipx::create_xgui_files [ipx::current_core]
ipx::update_checksums [ipx::current_core]
ipx::check_integrity [ipx::current_core]
INFO: [IP_Flow 19-2181] Payment Required is not set for this core.
INFO: [IP_Flow 19-2187] The Product Guide file is missing.
INFO: [Ipptcl 7-1486] check_integrity: Integrity check passed.
ipx::save_core [ipx::current_core]
update_ip_catalog -rebuild -repo_path c:/Users/Utilisateur/Documents/POEI/Projet_fin/Projet/IP
INFO: [IP_Flow 19-725] Reloaded user IP repository 'c:/Users/Utilisateur/Documents/POEI/Projet_fin/Projet/IP'
current_project Flux_VGA
update_ip_catalog -rebuild -scan_changes
INFO: [IP_Flow 19-234] Refreshing IP repositories
WARNING: [IP_Flow 19-3685] Ignored loading user repository 'c:/Users/Utilisateur/Documents/POEI/Projet_fin/Projet/IP/overlay/overlay_1.0'. The path is contained within another repository.
WARNING: [IP_Flow 19-3685] Ignored loading user repository 'c:/Users/Utilisateur/Documents/POEI/Projet_fin/Projet/IP/seuil/seuil_1.0'. The path is contained within another repository.
WARNING: [IP_Flow 19-3685] Ignored loading user repository 'c:/Users/Utilisateur/Documents/POEI/Projet_fin/Projet/IP/filtre_harris/filtre_harris_1.0'. The path is contained within another repository.
WARNING: [IP_Flow 19-3685] Ignored loading user repository 'c:/Users/Utilisateur/Documents/POEI/Projet_fin/Projet/IP/filtre_gaussien/filtre_gaussien_1.0'. The path is contained within another repository.
WARNING: [IP_Flow 19-3685] Ignored loading user repository 'c:/Users/Utilisateur/Documents/POEI/Projet_fin/Projet/IP/luminance/luminance_1.0'. The path is contained within another repository.
WARNING: [IP_Flow 19-3685] Ignored loading user repository 'c:/Users/Utilisateur/Documents/POEI/Projet_fin/Projet/IP/source_select/source_select_1.0'. The path is contained within another repository.
INFO: [IP_Flow 19-1700] Loaded user IP repository 'c:/Users/Utilisateur/Documents/POEI/Projet_fin/Projet/IP'.
report_ip_status -name ip_status
current_project PMODVGA_v1_0_project
current_project Flux_VGA
upgrade_ip -vlnv xilinx.com:user:PMODVGA:1.0 [get_ips  design_1_PMODVGA_0_2] -log ip_upgrade.log
Upgrading 'C:/Users/Utilisateur/Documents/POEI/Projet_fin/Projet/src/Flux_VGA/Flux_VGA.srcs/sources_1/bd/design_1/design_1.bd'
INFO: [IP_Flow 19-3422] Upgraded design_1_PMODVGA_0_2 (PMODVGA_v1.0 1.0) from revision 5 to revision 6
Wrote  : <C:\Users\Utilisateur\Documents\POEI\Projet_fin\Projet\src\Flux_VGA\Flux_VGA.srcs\sources_1\bd\design_1\design_1.bd> 
Wrote  : <C:/Users/Utilisateur/Documents/POEI/Projet_fin/Projet/src/Flux_VGA/Flux_VGA.srcs/sources_1/bd/design_1/ui/bd_1f5defd0.ui> 
INFO: [Coretcl 2-1525] Wrote upgrade log to 'C:/Users/Utilisateur/Documents/POEI/Projet_fin/Projet/src/Flux_VGA/ip_upgrade.log'.
export_ip_user_files -of_objects [get_ips design_1_PMODVGA_0_2] -no_script -sync -force -quiet
generate_target all [get_files  C:/Users/Utilisateur/Documents/POEI/Projet_fin/Projet/src/Flux_VGA/Flux_VGA.srcs/sources_1/bd/design_1/design_1.bd]
CRITICAL WARNING: [BD 41-1348] Reset pin /TGP_1/m00_axis_aresetn (associated clock /TGP_1/m00_axis_aclk) is connected to asynchronous reset source /axis_resetn.
This may prevent design from meeting timing. Please add Processor System Reset module to create a reset that is synchronous to the associated clock source /clk_wiz_0/clk_out1.
CRITICAL WARNING: [BD 41-1348] Reset pin /PMODVGA_0/s00_axis_aresetn (associated clock /PMODVGA_0/s00_axis_aclk) is connected to asynchronous reset source /axis_resetn.
This may prevent design from meeting timing. Please add Processor System Reset module to create a reset that is synchronous to the associated clock source /clk_wiz_0/clk_out1.
INFO: [xilinx.com:ip:clk_wiz:6.0-1] /clk_wiz_0 clk_wiz propagate
Wrote  : <C:\Users\Utilisateur\Documents\POEI\Projet_fin\Projet\src\Flux_VGA\Flux_VGA.srcs\sources_1\bd\design_1\design_1.bd> 
VHDL Output written to : c:/Users/Utilisateur/Documents/POEI/Projet_fin/Projet/src/Flux_VGA/Flux_VGA.gen/sources_1/bd/design_1/synth/design_1.vhd
VHDL Output written to : c:/Users/Utilisateur/Documents/POEI/Projet_fin/Projet/src/Flux_VGA/Flux_VGA.gen/sources_1/bd/design_1/sim/design_1.vhd
VHDL Output written to : c:/Users/Utilisateur/Documents/POEI/Projet_fin/Projet/src/Flux_VGA/Flux_VGA.gen/sources_1/bd/design_1/hdl/design_1_wrapper.vhd
INFO: [BD 41-1029] Generation completed for the IP Integrator block PMODVGA_0 .
INFO: [BD 41-1029] Generation completed for the IP Integrator block clk_wiz_0 .
INFO: [BD 41-1029] Generation completed for the IP Integrator block TGP_1 .
Exporting to file c:/Users/Utilisateur/Documents/POEI/Projet_fin/Projet/src/Flux_VGA/Flux_VGA.gen/sources_1/bd/design_1/hw_handoff/design_1.hwh
Generated Block Design Tcl file c:/Users/Utilisateur/Documents/POEI/Projet_fin/Projet/src/Flux_VGA/Flux_VGA.gen/sources_1/bd/design_1/hw_handoff/design_1_bd.tcl
Generated Hardware Definition File c:/Users/Utilisateur/Documents/POEI/Projet_fin/Projet/src/Flux_VGA/Flux_VGA.gen/sources_1/bd/design_1/synth/design_1.hwdef
generate_target: Time (s): cpu = 00:00:04 ; elapsed = 00:00:12 . Memory (MB): peak = 1080.840 ; gain = 60.559
catch { config_ip_cache -export [get_ips -all design_1_PMODVGA_0_2] }
catch { config_ip_cache -export [get_ips -all design_1_clk_wiz_0_0] }
catch { config_ip_cache -export [get_ips -all design_1_TGP_1_0] }
export_ip_user_files -of_objects [get_files C:/Users/Utilisateur/Documents/POEI/Projet_fin/Projet/src/Flux_VGA/Flux_VGA.srcs/sources_1/bd/design_1/design_1.bd] -no_script -sync -force -quiet
create_ip_run [get_files -of_objects [get_fileset sources_1] C:/Users/Utilisateur/Documents/POEI/Projet_fin/Projet/src/Flux_VGA/Flux_VGA.srcs/sources_1/bd/design_1/design_1.bd]
launch_runs design_1_PMODVGA_0_2_synth_1 design_1_clk_wiz_0_0_synth_1 design_1_TGP_1_0_synth_1 -jobs 4
[Tue Sep 29 12:33:38 2026] Launched design_1_PMODVGA_0_2_synth_1, design_1_clk_wiz_0_0_synth_1, design_1_TGP_1_0_synth_1...
Run output will be captured here:
design_1_PMODVGA_0_2_synth_1: C:/Users/Utilisateur/Documents/POEI/Projet_fin/Projet/src/Flux_VGA/Flux_VGA.runs/design_1_PMODVGA_0_2_synth_1/runme.log
design_1_clk_wiz_0_0_synth_1: C:/Users/Utilisateur/Documents/POEI/Projet_fin/Projet/src/Flux_VGA/Flux_VGA.runs/design_1_clk_wiz_0_0_synth_1/runme.log
design_1_TGP_1_0_synth_1: C:/Users/Utilisateur/Documents/POEI/Projet_fin/Projet/src/Flux_VGA/Flux_VGA.runs/design_1_TGP_1_0_synth_1/runme.log
export_simulation -of_objects [get_files C:/Users/Utilisateur/Documents/POEI/Projet_fin/Projet/src/Flux_VGA/Flux_VGA.srcs/sources_1/bd/design_1/design_1.bd] -directory C:/Users/Utilisateur/Documents/POEI/Projet_fin/Projet/src/Flux_VGA/Flux_VGA.ip_user_files/sim_scripts -ip_user_files_dir C:/Users/Utilisateur/Documents/POEI/Projet_fin/Projet/src/Flux_VGA/Flux_VGA.ip_user_files -ipstatic_source_dir C:/Users/Utilisateur/Documents/POEI/Projet_fin/Projet/src/Flux_VGA/Flux_VGA.ip_user_files/ipstatic -lib_map_path [list {modelsim=C:/Users/Utilisateur/Documents/POEI/Projet_fin/Projet/src/Flux_VGA/Flux_VGA.cache/compile_simlib/modelsim} {questa=C:/Users/Utilisateur/Documents/POEI/Projet_fin/Projet/src/Flux_VGA/Flux_VGA.cache/compile_simlib/questa} {riviera=C:/Users/Utilisateur/Documents/POEI/Projet_fin/Projet/src/Flux_VGA/Flux_VGA.cache/compile_simlib/riviera} {activehdl=C:/Users/Utilisateur/Documents/POEI/Projet_fin/Projet/src/Flux_VGA/Flux_VGA.cache/compile_simlib/activehdl}] -use_ip_compiled_libs -force -quiet
report_ip_status -name ip_status 
make_wrapper -files [get_files C:/Users/Utilisateur/Documents/POEI/Projet_fin/Projet/src/Flux_VGA/Flux_VGA.srcs/sources_1/bd/design_1/design_1.bd] -top
add_files -norecurse c:/Users/Utilisateur/Documents/POEI/Projet_fin/Projet/src/Flux_VGA/Flux_VGA.gen/sources_1/bd/design_1/hdl/design_1_wrapper.vhd
update_compile_order -fileset sources_1
update_compile_order -fileset sources_1
reset_run design_1_PMODVGA_0_2_synth_1
launch_runs impl_1 -to_step write_bitstream -jobs 4
[Tue Sep 29 12:39:10 2026] Launched design_1_PMODVGA_0_2_synth_1, synth_1...
Run output will be captured here:
design_1_PMODVGA_0_2_synth_1: C:/Users/Utilisateur/Documents/POEI/Projet_fin/Projet/src/Flux_VGA/Flux_VGA.runs/design_1_PMODVGA_0_2_synth_1/runme.log
synth_1: C:/Users/Utilisateur/Documents/POEI/Projet_fin/Projet/src/Flux_VGA/Flux_VGA.runs/synth_1/runme.log
[Tue Sep 29 12:39:10 2026] Launched impl_1...
Run output will be captured here: C:/Users/Utilisateur/Documents/POEI/Projet_fin/Projet/src/Flux_VGA/Flux_VGA.runs/impl_1/runme.log
reset_run synth_1
reset_run design_1_PMODVGA_0_2_synth_1
launch_runs impl_1 -to_step write_bitstream -jobs 4
[Tue Sep 29 12:41:19 2026] Launched design_1_PMODVGA_0_2_synth_1, synth_1...
Run output will be captured here:
design_1_PMODVGA_0_2_synth_1: C:/Users/Utilisateur/Documents/POEI/Projet_fin/Projet/src/Flux_VGA/Flux_VGA.runs/design_1_PMODVGA_0_2_synth_1/runme.log
synth_1: C:/Users/Utilisateur/Documents/POEI/Projet_fin/Projet/src/Flux_VGA/Flux_VGA.runs/synth_1/runme.log
[Tue Sep 29 12:41:19 2026] Launched impl_1...
Run output will be captured here: C:/Users/Utilisateur/Documents/POEI/Projet_fin/Projet/src/Flux_VGA/Flux_VGA.runs/impl_1/runme.log
reset_run design_1_PMODVGA_0_2_synth_1
reset_run synth_1
launch_runs synth_1 -jobs 4
[Tue Sep 29 12:42:14 2026] Launched design_1_PMODVGA_0_2_synth_1...
Run output will be captured here: C:/Users/Utilisateur/Documents/POEI/Projet_fin/Projet/src/Flux_VGA/Flux_VGA.runs/design_1_PMODVGA_0_2_synth_1/runme.log
[Tue Sep 29 12:42:14 2026] Launched synth_1...
Run output will be captured here: C:/Users/Utilisateur/Documents/POEI/Projet_fin/Projet/src/Flux_VGA/Flux_VGA.runs/synth_1/runme.log
current_project PMODVGA_v1_0_project
ipx::merge_project_changes files [ipx::current_core]
WARNING: [IP_Flow 19-5226] Project source file 'c:/Users/Utilisateur/Documents/POEI/Projet_fin/Projet/IP/PMODVGA/PMODVGA_1.0/component.xml' ignored by IP packager.
ipx::update_checksums [ipx::current_core]
ipx::save_core [ipx::current_core]
set_property core_revision 7 [ipx::current_core]
ipx::create_xgui_files [ipx::current_core]
ipx::update_checksums [ipx::current_core]
ipx::check_integrity [ipx::current_core]
INFO: [IP_Flow 19-2181] Payment Required is not set for this core.
INFO: [IP_Flow 19-2187] The Product Guide file is missing.
INFO: [Ipptcl 7-1486] check_integrity: Integrity check passed.
ipx::save_core [ipx::current_core]
update_ip_catalog -rebuild -repo_path c:/Users/Utilisateur/Documents/POEI/Projet_fin/Projet/IP
INFO: [IP_Flow 19-725] Reloaded user IP repository 'c:/Users/Utilisateur/Documents/POEI/Projet_fin/Projet/IP'
current_project Flux_VGA
regenerate_bd_layout
regenerate_bd_layout
regenerate_bd_layout -routing
reset_run design_1_PMODVGA_0_2_synth_1
reset_run synth_1
launch_runs synth_1 -jobs 4
[Tue Sep 29 12:47:21 2026] Launched design_1_PMODVGA_0_2_synth_1...
Run output will be captured here: C:/Users/Utilisateur/Documents/POEI/Projet_fin/Projet/src/Flux_VGA/Flux_VGA.runs/design_1_PMODVGA_0_2_synth_1/runme.log
[Tue Sep 29 12:47:21 2026] Launched synth_1...
Run output will be captured here: C:/Users/Utilisateur/Documents/POEI/Projet_fin/Projet/src/Flux_VGA/Flux_VGA.runs/synth_1/runme.log
update_ip_catalog -rebuild -scan_changes
INFO: [IP_Flow 19-234] Refreshing IP repositories
WARNING: [IP_Flow 19-3685] Ignored loading user repository 'c:/Users/Utilisateur/Documents/POEI/Projet_fin/Projet/IP/overlay/overlay_1.0'. The path is contained within another repository.
WARNING: [IP_Flow 19-3685] Ignored loading user repository 'c:/Users/Utilisateur/Documents/POEI/Projet_fin/Projet/IP/seuil/seuil_1.0'. The path is contained within another repository.
WARNING: [IP_Flow 19-3685] Ignored loading user repository 'c:/Users/Utilisateur/Documents/POEI/Projet_fin/Projet/IP/filtre_harris/filtre_harris_1.0'. The path is contained within another repository.
WARNING: [IP_Flow 19-3685] Ignored loading user repository 'c:/Users/Utilisateur/Documents/POEI/Projet_fin/Projet/IP/filtre_gaussien/filtre_gaussien_1.0'. The path is contained within another repository.
WARNING: [IP_Flow 19-3685] Ignored loading user repository 'c:/Users/Utilisateur/Documents/POEI/Projet_fin/Projet/IP/luminance/luminance_1.0'. The path is contained within another repository.
WARNING: [IP_Flow 19-3685] Ignored loading user repository 'c:/Users/Utilisateur/Documents/POEI/Projet_fin/Projet/IP/source_select/source_select_1.0'. The path is contained within another repository.
INFO: [IP_Flow 19-1700] Loaded user IP repository 'c:/Users/Utilisateur/Documents/POEI/Projet_fin/Projet/IP'.
report_ip_status -name ip_status
upgrade_ip -vlnv xilinx.com:user:PMODVGA:1.0 [get_ips  design_1_PMODVGA_0_2] -log ip_upgrade.log
Upgrading 'C:/Users/Utilisateur/Documents/POEI/Projet_fin/Projet/src/Flux_VGA/Flux_VGA.srcs/sources_1/bd/design_1/design_1.bd'
INFO: [IP_Flow 19-3422] Upgraded design_1_PMODVGA_0_2 (PMODVGA_v1.0 1.0) from revision 6 to revision 7
Wrote  : <C:\Users\Utilisateur\Documents\POEI\Projet_fin\Projet\src\Flux_VGA\Flux_VGA.srcs\sources_1\bd\design_1\design_1.bd> 
Wrote  : <C:/Users/Utilisateur/Documents/POEI/Projet_fin/Projet/src/Flux_VGA/Flux_VGA.srcs/sources_1/bd/design_1/ui/bd_1f5defd0.ui> 
INFO: [Coretcl 2-1525] Wrote upgrade log to 'C:/Users/Utilisateur/Documents/POEI/Projet_fin/Projet/src/Flux_VGA/ip_upgrade.log'.
export_ip_user_files -of_objects [get_ips design_1_PMODVGA_0_2] -no_script -sync -force -quiet
delete_ip_run [get_files -of_objects [get_fileset sources_1] C:/Users/Utilisateur/Documents/POEI/Projet_fin/Projet/src/Flux_VGA/Flux_VGA.srcs/sources_1/bd/design_1/design_1.bd]
set_property synth_checkpoint_mode None [get_files  C:/Users/Utilisateur/Documents/POEI/Projet_fin/Projet/src/Flux_VGA/Flux_VGA.srcs/sources_1/bd/design_1/design_1.bd]
generate_target all [get_files  C:/Users/Utilisateur/Documents/POEI/Projet_fin/Projet/src/Flux_VGA/Flux_VGA.srcs/sources_1/bd/design_1/design_1.bd]
CRITICAL WARNING: [BD 41-1348] Reset pin /TGP_1/m00_axis_aresetn (associated clock /TGP_1/m00_axis_aclk) is connected to asynchronous reset source /axis_resetn.
This may prevent design from meeting timing. Please add Processor System Reset module to create a reset that is synchronous to the associated clock source /clk_wiz_0/clk_out1.
CRITICAL WARNING: [BD 41-1348] Reset pin /PMODVGA_0/s00_axis_aresetn (associated clock /PMODVGA_0/s00_axis_aclk) is connected to asynchronous reset source /axis_resetn.
This may prevent design from meeting timing. Please add Processor System Reset module to create a reset that is synchronous to the associated clock source /clk_wiz_0/clk_out1.
INFO: [xilinx.com:ip:clk_wiz:6.0-1] /clk_wiz_0 clk_wiz propagate
Wrote  : <C:\Users\Utilisateur\Documents\POEI\Projet_fin\Projet\src\Flux_VGA\Flux_VGA.srcs\sources_1\bd\design_1\design_1.bd> 
VHDL Output written to : c:/Users/Utilisateur/Documents/POEI/Projet_fin/Projet/src/Flux_VGA/Flux_VGA.gen/sources_1/bd/design_1/synth/design_1.vhd
VHDL Output written to : c:/Users/Utilisateur/Documents/POEI/Projet_fin/Projet/src/Flux_VGA/Flux_VGA.gen/sources_1/bd/design_1/sim/design_1.vhd
VHDL Output written to : c:/Users/Utilisateur/Documents/POEI/Projet_fin/Projet/src/Flux_VGA/Flux_VGA.gen/sources_1/bd/design_1/hdl/design_1_wrapper.vhd
INFO: [BD 41-1029] Generation completed for the IP Integrator block PMODVGA_0 .
INFO: [BD 41-1029] Generation completed for the IP Integrator block clk_wiz_0 .
INFO: [BD 41-1029] Generation completed for the IP Integrator block TGP_1 .
Exporting to file c:/Users/Utilisateur/Documents/POEI/Projet_fin/Projet/src/Flux_VGA/Flux_VGA.gen/sources_1/bd/design_1/hw_handoff/design_1.hwh
Generated Block Design Tcl file c:/Users/Utilisateur/Documents/POEI/Projet_fin/Projet/src/Flux_VGA/Flux_VGA.gen/sources_1/bd/design_1/hw_handoff/design_1_bd.tcl
Generated Hardware Definition File c:/Users/Utilisateur/Documents/POEI/Projet_fin/Projet/src/Flux_VGA/Flux_VGA.gen/sources_1/bd/design_1/synth/design_1.hwdef
export_ip_user_files -of_objects [get_files C:/Users/Utilisateur/Documents/POEI/Projet_fin/Projet/src/Flux_VGA/Flux_VGA.srcs/sources_1/bd/design_1/design_1.bd] -no_script -sync -force -quiet
export_simulation -of_objects [get_files C:/Users/Utilisateur/Documents/POEI/Projet_fin/Projet/src/Flux_VGA/Flux_VGA.srcs/sources_1/bd/design_1/design_1.bd] -directory C:/Users/Utilisateur/Documents/POEI/Projet_fin/Projet/src/Flux_VGA/Flux_VGA.ip_user_files/sim_scripts -ip_user_files_dir C:/Users/Utilisateur/Documents/POEI/Projet_fin/Projet/src/Flux_VGA/Flux_VGA.ip_user_files -ipstatic_source_dir C:/Users/Utilisateur/Documents/POEI/Projet_fin/Projet/src/Flux_VGA/Flux_VGA.ip_user_files/ipstatic -lib_map_path [list {modelsim=C:/Users/Utilisateur/Documents/POEI/Projet_fin/Projet/src/Flux_VGA/Flux_VGA.cache/compile_simlib/modelsim} {questa=C:/Users/Utilisateur/Documents/POEI/Projet_fin/Projet/src/Flux_VGA/Flux_VGA.cache/compile_simlib/questa} {riviera=C:/Users/Utilisateur/Documents/POEI/Projet_fin/Projet/src/Flux_VGA/Flux_VGA.cache/compile_simlib/riviera} {activehdl=C:/Users/Utilisateur/Documents/POEI/Projet_fin/Projet/src/Flux_VGA/Flux_VGA.cache/compile_simlib/activehdl}] -use_ip_compiled_libs -force -quiet
report_ip_status -name ip_status 
reset_run synth_1
launch_runs synth_1 -jobs 4
[Tue Sep 29 12:49:34 2026] Launched synth_1...
Run output will be captured here: C:/Users/Utilisateur/Documents/POEI/Projet_fin/Projet/src/Flux_VGA/Flux_VGA.runs/synth_1/runme.log
launch_runs impl_1 -jobs 4
[Tue Sep 29 12:50:20 2026] Launched impl_1...
Run output will be captured here: C:/Users/Utilisateur/Documents/POEI/Projet_fin/Projet/src/Flux_VGA/Flux_VGA.runs/impl_1/runme.log
launch_runs impl_1 -to_step write_bitstream -jobs 4
[Tue Sep 29 12:51:17 2026] Launched impl_1...
Run output will be captured here: C:/Users/Utilisateur/Documents/POEI/Projet_fin/Projet/src/Flux_VGA/Flux_VGA.runs/impl_1/runme.log
reset_run synth_1
launch_runs impl_1 -to_step write_bitstream -jobs 4
[Tue Sep 29 13:27:14 2026] Launched synth_1...
Run output will be captured here: C:/Users/Utilisateur/Documents/POEI/Projet_fin/Projet/src/Flux_VGA/Flux_VGA.runs/synth_1/runme.log
[Tue Sep 29 13:27:14 2026] Launched impl_1...
Run output will be captured here: C:/Users/Utilisateur/Documents/POEI/Projet_fin/Projet/src/Flux_VGA/Flux_VGA.runs/impl_1/runme.log
reset_run synth_1
launch_runs impl_1 -to_step write_bitstream -jobs 4
[Tue Sep 29 13:30:07 2026] Launched synth_1...
Run output will be captured here: C:/Users/Utilisateur/Documents/POEI/Projet_fin/Projet/src/Flux_VGA/Flux_VGA.runs/synth_1/runme.log
[Tue Sep 29 13:30:07 2026] Launched impl_1...
Run output will be captured here: C:/Users/Utilisateur/Documents/POEI/Projet_fin/Projet/src/Flux_VGA/Flux_VGA.runs/impl_1/runme.log
reset_run synth_1
launch_runs impl_1 -to_step write_bitstream -jobs 4
[Tue Sep 29 13:33:02 2026] Launched synth_1...
Run output will be captured here: C:/Users/Utilisateur/Documents/POEI/Projet_fin/Projet/src/Flux_VGA/Flux_VGA.runs/synth_1/runme.log
[Tue Sep 29 13:33:02 2026] Launched impl_1...
Run output will be captured here: C:/Users/Utilisateur/Documents/POEI/Projet_fin/Projet/src/Flux_VGA/Flux_VGA.runs/impl_1/runme.log
open_hw_manager
connect_hw_server -allow_non_jtag
INFO: [Labtools 27-2285] Connecting to hw_server url TCP:localhost:3121
INFO: [Labtools 27-2222] Launching hw_server...
INFO: [Labtools 27-2221] Launch Output:

****** Xilinx hw_server v2020.2
  **** Build date : Nov 18 2020 at 10:01:48
    ** Copyright 1986-2020 Xilinx, Inc. All Rights Reserved.


INFO: [Labtools 27-3415] Connecting to cs_server url TCP:localhost:3042
INFO: [Labtools 27-3417] Launching cs_server...
INFO: [Labtools 27-2221] Launch Output:


******** Xilinx cs_server v2020.2
  ****** Build date   : Nov 03 2020-22:02:56
    **** Build number : 2020.2.1604437376
      ** Copyright 2017-2020 Xilinx, Inc. All Rights Reserved.



connect_hw_server: Time (s): cpu = 00:00:01 ; elapsed = 00:00:11 . Memory (MB): peak = 1166.055 ; gain = 2.059
open_hw_target
INFO: [Labtoolstcl 44-466] Opening hw_target localhost:3121/xilinx_tcf/Digilent/210370AD52ADA
open_hw_target: Time (s): cpu = 00:00:04 ; elapsed = 00:00:07 . Memory (MB): peak = 2730.086 ; gain = 1564.031
set_property PROGRAM.FILE {C:/Users/Utilisateur/Documents/POEI/Projet_fin/Projet/src/Flux_VGA/Flux_VGA.runs/impl_1/design_1_wrapper.bit} [get_hw_devices xc7z010_1]
current_hw_device [get_hw_devices xc7z010_1]
refresh_hw_device -update_hw_probes false [lindex [get_hw_devices xc7z010_1] 0]
INFO: [Labtools 27-1435] Device xc7z010 (JTAG device index = 1) is not programmed (DONE status = 0).
set_property PROBES.FILE {} [get_hw_devices xc7z010_1]
set_property FULL_PROBES.FILE {} [get_hw_devices xc7z010_1]
set_property PROGRAM.FILE {C:/Users/Utilisateur/Documents/POEI/Projet_fin/Projet/src/Flux_VGA/Flux_VGA.runs/impl_1/design_1_wrapper.bit} [get_hw_devices xc7z010_1]
program_hw_devices [get_hw_devices xc7z010_1]
INFO: [Labtools 27-3164] End of startup status: HIGH
refresh_hw_device [lindex [get_hw_devices xc7z010_1] 0]
INFO: [Labtools 27-1434] Device xc7z010 (JTAG device index = 1) is programmed with a design that has no supported debug core(s) in it.
set_property PROBES.FILE {} [get_hw_devices xc7z010_1]
set_property FULL_PROBES.FILE {} [get_hw_devices xc7z010_1]
set_property PROGRAM.FILE {C:/Users/Utilisateur/Documents/POEI/Projet_fin/Projet/src/Flux_VGA/Flux_VGA.runs/impl_1/design_1_wrapper.bit} [get_hw_devices xc7z010_1]
program_hw_devices [get_hw_devices xc7z010_1]
INFO: [Labtools 27-3164] End of startup status: HIGH
refresh_hw_device [lindex [get_hw_devices xc7z010_1] 0]
INFO: [Labtools 27-1434] Device xc7z010 (JTAG device index = 1) is programmed with a design that has no supported debug core(s) in it.
current_project TGP_v1_0_project
current_project Flux_VGA
close_hw_manager
current_project PMODVGA_v1_0_project
set_property core_revision 8 [ipx::current_core]
ipx::create_xgui_files [ipx::current_core]
ipx::update_checksums [ipx::current_core]
ipx::check_integrity [ipx::current_core]
INFO: [IP_Flow 19-2181] Payment Required is not set for this core.
INFO: [IP_Flow 19-2187] The Product Guide file is missing.
INFO: [Ipptcl 7-1486] check_integrity: Integrity check passed.
ipx::save_core [ipx::current_core]
update_ip_catalog -rebuild -repo_path c:/Users/Utilisateur/Documents/POEI/Projet_fin/Projet/IP
INFO: [IP_Flow 19-725] Reloaded user IP repository 'c:/Users/Utilisateur/Documents/POEI/Projet_fin/Projet/IP'
ipx::merge_project_changes files [ipx::current_core]
WARNING: [IP_Flow 19-5226] Project source file 'c:/Users/Utilisateur/Documents/POEI/Projet_fin/Projet/IP/PMODVGA/PMODVGA_1.0/component.xml' ignored by IP packager.
set_property core_revision 9 [ipx::current_core]
ipx::create_xgui_files [ipx::current_core]
ipx::update_checksums [ipx::current_core]
ipx::check_integrity [ipx::current_core]
INFO: [IP_Flow 19-2181] Payment Required is not set for this core.
INFO: [IP_Flow 19-2187] The Product Guide file is missing.
INFO: [Ipptcl 7-1486] check_integrity: Integrity check passed.
ipx::save_core [ipx::current_core]
update_ip_catalog -rebuild -repo_path c:/Users/Utilisateur/Documents/POEI/Projet_fin/Projet/IP
INFO: [IP_Flow 19-725] Reloaded user IP repository 'c:/Users/Utilisateur/Documents/POEI/Projet_fin/Projet/IP'
current_project Flux_VGA
reset_run impl_1 -prev_step 
launch_runs impl_1 -to_step write_bitstream -jobs 4
[Tue Sep 29 14:09:54 2026] Launched impl_1...
Run output will be captured here: C:/Users/Utilisateur/Documents/POEI/Projet_fin/Projet/src/Flux_VGA/Flux_VGA.runs/impl_1/runme.log
open_hw_manager
connect_hw_server -allow_non_jtag
INFO: [Labtools 27-2285] Connecting to hw_server url TCP:localhost:3121
INFO: [Labtools 27-2222] Launching hw_server...
INFO: [Labtools 27-2221] Launch Output:

****** Xilinx hw_server v2020.2
  **** Build date : Nov 18 2020 at 10:01:48
    ** Copyright 1986-2020 Xilinx, Inc. All Rights Reserved.


INFO: [Labtools 27-3415] Connecting to cs_server url TCP:localhost:3042
INFO: [Labtools 27-3417] Launching cs_server...
INFO: [Labtools 27-2221] Launch Output:


******** Xilinx cs_server v2020.2
  ****** Build date   : Nov 03 2020-22:02:56
    **** Build number : 2020.2.1604437376
      ** Copyright 2017-2020 Xilinx, Inc. All Rights Reserved.



connect_hw_server: Time (s): cpu = 00:00:00 ; elapsed = 00:00:09 . Memory (MB): peak = 2970.594 ; gain = 0.000
open_hw_target
INFO: [Labtoolstcl 44-466] Opening hw_target localhost:3121/xilinx_tcf/Digilent/210370AD52ADA
set_property PROGRAM.FILE {C:/Users/Utilisateur/Documents/POEI/Projet_fin/Projet/src/Flux_VGA/Flux_VGA.runs/impl_1/design_1_wrapper.bit} [get_hw_devices xc7z010_1]
current_hw_device [get_hw_devices xc7z010_1]
refresh_hw_device -update_hw_probes false [lindex [get_hw_devices xc7z010_1] 0]
INFO: [Labtools 27-1434] Device xc7z010 (JTAG device index = 1) is programmed with a design that has no supported debug core(s) in it.
update_ip_catalog -rebuild -scan_changes
INFO: [IP_Flow 19-234] Refreshing IP repositories
WARNING: [IP_Flow 19-3685] Ignored loading user repository 'c:/Users/Utilisateur/Documents/POEI/Projet_fin/Projet/IP/overlay/overlay_1.0'. The path is contained within another repository.
WARNING: [IP_Flow 19-3685] Ignored loading user repository 'c:/Users/Utilisateur/Documents/POEI/Projet_fin/Projet/IP/seuil/seuil_1.0'. The path is contained within another repository.
WARNING: [IP_Flow 19-3685] Ignored loading user repository 'c:/Users/Utilisateur/Documents/POEI/Projet_fin/Projet/IP/filtre_harris/filtre_harris_1.0'. The path is contained within another repository.
WARNING: [IP_Flow 19-3685] Ignored loading user repository 'c:/Users/Utilisateur/Documents/POEI/Projet_fin/Projet/IP/filtre_gaussien/filtre_gaussien_1.0'. The path is contained within another repository.
WARNING: [IP_Flow 19-3685] Ignored loading user repository 'c:/Users/Utilisateur/Documents/POEI/Projet_fin/Projet/IP/luminance/luminance_1.0'. The path is contained within another repository.
WARNING: [IP_Flow 19-3685] Ignored loading user repository 'c:/Users/Utilisateur/Documents/POEI/Projet_fin/Projet/IP/source_select/source_select_1.0'. The path is contained within another repository.
INFO: [IP_Flow 19-1700] Loaded user IP repository 'c:/Users/Utilisateur/Documents/POEI/Projet_fin/Projet/IP'.
report_ip_status -name ip_status
upgrade_ip -vlnv xilinx.com:user:PMODVGA:1.0 [get_ips  design_1_PMODVGA_0_2] -log ip_upgrade.log
Upgrading 'C:/Users/Utilisateur/Documents/POEI/Projet_fin/Projet/src/Flux_VGA/Flux_VGA.srcs/sources_1/bd/design_1/design_1.bd'
INFO: [IP_Flow 19-3422] Upgraded design_1_PMODVGA_0_2 (PMODVGA_v1.0 1.0) from revision 7 to revision 9
Wrote  : <C:\Users\Utilisateur\Documents\POEI\Projet_fin\Projet\src\Flux_VGA\Flux_VGA.srcs\sources_1\bd\design_1\design_1.bd> 
Wrote  : <C:/Users/Utilisateur/Documents/POEI/Projet_fin/Projet/src/Flux_VGA/Flux_VGA.srcs/sources_1/bd/design_1/ui/bd_1f5defd0.ui> 
INFO: [Coretcl 2-1525] Wrote upgrade log to 'C:/Users/Utilisateur/Documents/POEI/Projet_fin/Projet/src/Flux_VGA/ip_upgrade.log'.
export_ip_user_files -of_objects [get_ips design_1_PMODVGA_0_2] -no_script -sync -force -quiet
generate_target all [get_files  C:/Users/Utilisateur/Documents/POEI/Projet_fin/Projet/src/Flux_VGA/Flux_VGA.srcs/sources_1/bd/design_1/design_1.bd]
CRITICAL WARNING: [BD 41-1348] Reset pin /TGP_1/m00_axis_aresetn (associated clock /TGP_1/m00_axis_aclk) is connected to asynchronous reset source /axis_resetn.
This may prevent design from meeting timing. Please add Processor System Reset module to create a reset that is synchronous to the associated clock source /clk_wiz_0/clk_out1.
CRITICAL WARNING: [BD 41-1348] Reset pin /PMODVGA_0/s00_axis_aresetn (associated clock /PMODVGA_0/s00_axis_aclk) is connected to asynchronous reset source /axis_resetn.
This may prevent design from meeting timing. Please add Processor System Reset module to create a reset that is synchronous to the associated clock source /clk_wiz_0/clk_out1.
INFO: [xilinx.com:ip:clk_wiz:6.0-1] /clk_wiz_0 clk_wiz propagate
Wrote  : <C:\Users\Utilisateur\Documents\POEI\Projet_fin\Projet\src\Flux_VGA\Flux_VGA.srcs\sources_1\bd\design_1\design_1.bd> 
VHDL Output written to : c:/Users/Utilisateur/Documents/POEI/Projet_fin/Projet/src/Flux_VGA/Flux_VGA.gen/sources_1/bd/design_1/synth/design_1.vhd
VHDL Output written to : c:/Users/Utilisateur/Documents/POEI/Projet_fin/Projet/src/Flux_VGA/Flux_VGA.gen/sources_1/bd/design_1/sim/design_1.vhd
VHDL Output written to : c:/Users/Utilisateur/Documents/POEI/Projet_fin/Projet/src/Flux_VGA/Flux_VGA.gen/sources_1/bd/design_1/hdl/design_1_wrapper.vhd
INFO: [BD 41-1029] Generation completed for the IP Integrator block PMODVGA_0 .
Exporting to file c:/Users/Utilisateur/Documents/POEI/Projet_fin/Projet/src/Flux_VGA/Flux_VGA.gen/sources_1/bd/design_1/hw_handoff/design_1.hwh
Generated Block Design Tcl file c:/Users/Utilisateur/Documents/POEI/Projet_fin/Projet/src/Flux_VGA/Flux_VGA.gen/sources_1/bd/design_1/hw_handoff/design_1_bd.tcl
Generated Hardware Definition File c:/Users/Utilisateur/Documents/POEI/Projet_fin/Projet/src/Flux_VGA/Flux_VGA.gen/sources_1/bd/design_1/synth/design_1.hwdef
export_ip_user_files -of_objects [get_files C:/Users/Utilisateur/Documents/POEI/Projet_fin/Projet/src/Flux_VGA/Flux_VGA.srcs/sources_1/bd/design_1/design_1.bd] -no_script -sync -force -quiet
export_simulation -of_objects [get_files C:/Users/Utilisateur/Documents/POEI/Projet_fin/Projet/src/Flux_VGA/Flux_VGA.srcs/sources_1/bd/design_1/design_1.bd] -directory C:/Users/Utilisateur/Documents/POEI/Projet_fin/Projet/src/Flux_VGA/Flux_VGA.ip_user_files/sim_scripts -ip_user_files_dir C:/Users/Utilisateur/Documents/POEI/Projet_fin/Projet/src/Flux_VGA/Flux_VGA.ip_user_files -ipstatic_source_dir C:/Users/Utilisateur/Documents/POEI/Projet_fin/Projet/src/Flux_VGA/Flux_VGA.ip_user_files/ipstatic -lib_map_path [list {modelsim=C:/Users/Utilisateur/Documents/POEI/Projet_fin/Projet/src/Flux_VGA/Flux_VGA.cache/compile_simlib/modelsim} {questa=C:/Users/Utilisateur/Documents/POEI/Projet_fin/Projet/src/Flux_VGA/Flux_VGA.cache/compile_simlib/questa} {riviera=C:/Users/Utilisateur/Documents/POEI/Projet_fin/Projet/src/Flux_VGA/Flux_VGA.cache/compile_simlib/riviera} {activehdl=C:/Users/Utilisateur/Documents/POEI/Projet_fin/Projet/src/Flux_VGA/Flux_VGA.cache/compile_simlib/activehdl}] -use_ip_compiled_libs -force -quiet
reset_run synth_1
WARNING: [Vivado 12-1017] Problems encountered:
1. Failed to delete one or more files in run directory C:/Users/Utilisateur/Documents/POEI/Projet_fin/Projet/src/Flux_VGA/Flux_VGA.runs/synth_1

launch_runs impl_1 -to_step write_bitstream -jobs 4
[Tue Sep 29 14:11:33 2026] Launched synth_1...
Run output will be captured here: C:/Users/Utilisateur/Documents/POEI/Projet_fin/Projet/src/Flux_VGA/Flux_VGA.runs/synth_1/runme.log
[Tue Sep 29 14:11:33 2026] Launched impl_1...
Run output will be captured here: C:/Users/Utilisateur/Documents/POEI/Projet_fin/Projet/src/Flux_VGA/Flux_VGA.runs/impl_1/runme.log
set_property PROBES.FILE {} [get_hw_devices xc7z010_1]
set_property FULL_PROBES.FILE {} [get_hw_devices xc7z010_1]
set_property PROGRAM.FILE {C:/Users/Utilisateur/Documents/POEI/Projet_fin/Projet/src/Flux_VGA/Flux_VGA.runs/impl_1/design_1_wrapper.bit} [get_hw_devices xc7z010_1]
program_hw_devices [get_hw_devices xc7z010_1]
INFO: [Labtools 27-3164] End of startup status: HIGH
refresh_hw_device [lindex [get_hw_devices xc7z010_1] 0]
INFO: [Labtools 27-1434] Device xc7z010 (JTAG device index = 1) is programmed with a design that has no supported debug core(s) in it.
report_ip_status -name ip_status 
refresh_hw_device [lindex [get_hw_devices xc7z010_1] 0]
INFO: [Labtools 27-1434] Device xc7z010 (JTAG device index = 1) is programmed with a design that has no supported debug core(s) in it.
set_property PROBES.FILE {} [get_hw_devices xc7z010_1]
set_property FULL_PROBES.FILE {} [get_hw_devices xc7z010_1]
set_property PROGRAM.FILE {C:/Users/Utilisateur/Documents/POEI/Projet_fin/Projet/src/Flux_VGA/Flux_VGA.runs/impl_1/design_1_wrapper.bit} [get_hw_devices xc7z010_1]
program_hw_devices [get_hw_devices xc7z010_1]
INFO: [Labtools 27-3164] End of startup status: HIGH
refresh_hw_device [lindex [get_hw_devices xc7z010_1] 0]
INFO: [Labtools 27-1434] Device xc7z010 (JTAG device index = 1) is programmed with a design that has no supported debug core(s) in it.
close_hw_manager
startgroup
create_bd_cell -type ip -vlnv xilinx.com:ip:xlconstant:1.1 xlconstant_0
endgroup
delete_bd_objs [get_bd_ports axis_resetn]
connect_bd_net [get_bd_pins xlconstant_0/dout] [get_bd_pins clk_wiz_0/resetn]
regenerate_bd_layout
save_bd_design
Wrote  : <C:\Users\Utilisateur\Documents\POEI\Projet_fin\Projet\src\Flux_VGA\Flux_VGA.srcs\sources_1\bd\design_1\design_1.bd> 
Wrote  : <C:/Users/Utilisateur/Documents/POEI/Projet_fin/Projet/src/Flux_VGA/Flux_VGA.srcs/sources_1/bd/design_1/ui/bd_1f5defd0.ui> 
make_wrapper -files [get_files C:/Users/Utilisateur/Documents/POEI/Projet_fin/Projet/src/Flux_VGA/Flux_VGA.srcs/sources_1/bd/design_1/design_1.bd] -top
INFO: [xilinx.com:ip:clk_wiz:6.0-1] /clk_wiz_0 clk_wiz propagate
Wrote  : <C:\Users\Utilisateur\Documents\POEI\Projet_fin\Projet\src\Flux_VGA\Flux_VGA.srcs\sources_1\bd\design_1\design_1.bd> 
VHDL Output written to : c:/Users/Utilisateur/Documents/POEI/Projet_fin/Projet/src/Flux_VGA/Flux_VGA.gen/sources_1/bd/design_1/synth/design_1.vhd
VHDL Output written to : c:/Users/Utilisateur/Documents/POEI/Projet_fin/Projet/src/Flux_VGA/Flux_VGA.gen/sources_1/bd/design_1/sim/design_1.vhd
VHDL Output written to : c:/Users/Utilisateur/Documents/POEI/Projet_fin/Projet/src/Flux_VGA/Flux_VGA.gen/sources_1/bd/design_1/hdl/design_1_wrapper.vhd
generate_target all [get_files  C:/Users/Utilisateur/Documents/POEI/Projet_fin/Projet/src/Flux_VGA/Flux_VGA.srcs/sources_1/bd/design_1/design_1.bd]
INFO: [BD 41-1662] The design 'design_1.bd' is already validated. Therefore parameter propagation will not be re-run.
Wrote  : <C:\Users\Utilisateur\Documents\POEI\Projet_fin\Projet\src\Flux_VGA\Flux_VGA.srcs\sources_1\bd\design_1\design_1.bd> 
Wrote  : <C:/Users/Utilisateur/Documents/POEI/Projet_fin/Projet/src/Flux_VGA/Flux_VGA.srcs/sources_1/bd/design_1/ui/bd_1f5defd0.ui> 
VHDL Output written to : c:/Users/Utilisateur/Documents/POEI/Projet_fin/Projet/src/Flux_VGA/Flux_VGA.gen/sources_1/bd/design_1/synth/design_1.vhd
VHDL Output written to : c:/Users/Utilisateur/Documents/POEI/Projet_fin/Projet/src/Flux_VGA/Flux_VGA.gen/sources_1/bd/design_1/sim/design_1.vhd
VHDL Output written to : c:/Users/Utilisateur/Documents/POEI/Projet_fin/Projet/src/Flux_VGA/Flux_VGA.gen/sources_1/bd/design_1/hdl/design_1_wrapper.vhd
INFO: [BD 41-1029] Generation completed for the IP Integrator block xlconstant_0 .
Exporting to file c:/Users/Utilisateur/Documents/POEI/Projet_fin/Projet/src/Flux_VGA/Flux_VGA.gen/sources_1/bd/design_1/hw_handoff/design_1.hwh
Generated Block Design Tcl file c:/Users/Utilisateur/Documents/POEI/Projet_fin/Projet/src/Flux_VGA/Flux_VGA.gen/sources_1/bd/design_1/hw_handoff/design_1_bd.tcl
Generated Hardware Definition File c:/Users/Utilisateur/Documents/POEI/Projet_fin/Projet/src/Flux_VGA/Flux_VGA.gen/sources_1/bd/design_1/synth/design_1.hwdef
export_ip_user_files -of_objects [get_files C:/Users/Utilisateur/Documents/POEI/Projet_fin/Projet/src/Flux_VGA/Flux_VGA.srcs/sources_1/bd/design_1/design_1.bd] -no_script -sync -force -quiet
export_simulation -of_objects [get_files C:/Users/Utilisateur/Documents/POEI/Projet_fin/Projet/src/Flux_VGA/Flux_VGA.srcs/sources_1/bd/design_1/design_1.bd] -directory C:/Users/Utilisateur/Documents/POEI/Projet_fin/Projet/src/Flux_VGA/Flux_VGA.ip_user_files/sim_scripts -ip_user_files_dir C:/Users/Utilisateur/Documents/POEI/Projet_fin/Projet/src/Flux_VGA/Flux_VGA.ip_user_files -ipstatic_source_dir C:/Users/Utilisateur/Documents/POEI/Projet_fin/Projet/src/Flux_VGA/Flux_VGA.ip_user_files/ipstatic -lib_map_path [list {modelsim=C:/Users/Utilisateur/Documents/POEI/Projet_fin/Projet/src/Flux_VGA/Flux_VGA.cache/compile_simlib/modelsim} {questa=C:/Users/Utilisateur/Documents/POEI/Projet_fin/Projet/src/Flux_VGA/Flux_VGA.cache/compile_simlib/questa} {riviera=C:/Users/Utilisateur/Documents/POEI/Projet_fin/Projet/src/Flux_VGA/Flux_VGA.cache/compile_simlib/riviera} {activehdl=C:/Users/Utilisateur/Documents/POEI/Projet_fin/Projet/src/Flux_VGA/Flux_VGA.cache/compile_simlib/activehdl}] -use_ip_compiled_libs -force -quiet
make_wrapper -files [get_files C:/Users/Utilisateur/Documents/POEI/Projet_fin/Projet/src/Flux_VGA/Flux_VGA.srcs/sources_1/bd/design_1/design_1.bd] -top
reset_run synth_1
WARNING: [Vivado 12-1017] Problems encountered:
1. Failed to delete one or more files in run directory C:/Users/Utilisateur/Documents/POEI/Projet_fin/Projet/src/Flux_VGA/Flux_VGA.runs/synth_1

launch_runs impl_1 -to_step write_bitstream -jobs 4
[Tue Sep 29 14:22:32 2026] Launched synth_1...
Run output will be captured here: C:/Users/Utilisateur/Documents/POEI/Projet_fin/Projet/src/Flux_VGA/Flux_VGA.runs/synth_1/runme.log
[Tue Sep 29 14:22:32 2026] Launched impl_1...
Run output will be captured here: C:/Users/Utilisateur/Documents/POEI/Projet_fin/Projet/src/Flux_VGA/Flux_VGA.runs/impl_1/runme.log
open_hw_manager
connect_hw_server -allow_non_jtag
INFO: [Labtools 27-2285] Connecting to hw_server url TCP:localhost:3121
INFO: [Labtools 27-2222] Launching hw_server...
INFO: [Labtools 27-2221] Launch Output:

****** Xilinx hw_server v2020.2
  **** Build date : Nov 18 2020 at 10:01:48
    ** Copyright 1986-2020 Xilinx, Inc. All Rights Reserved.


INFO: [Labtools 27-3415] Connecting to cs_server url TCP:localhost:3042
INFO: [Labtools 27-3417] Launching cs_server...
INFO: [Labtools 27-2221] Launch Output:


******** Xilinx cs_server v2020.2
  ****** Build date   : Nov 03 2020-22:02:56
    **** Build number : 2020.2.1604437376
      ** Copyright 2017-2020 Xilinx, Inc. All Rights Reserved.



connect_hw_server: Time (s): cpu = 00:00:01 ; elapsed = 00:00:09 . Memory (MB): peak = 2974.398 ; gain = 0.000
open_hw_target
INFO: [Labtoolstcl 44-466] Opening hw_target localhost:3121/xilinx_tcf/Digilent/210370AD52ADA
set_property PROGRAM.FILE {C:/Users/Utilisateur/Documents/POEI/Projet_fin/Projet/src/Flux_VGA/Flux_VGA.runs/impl_1/design_1_wrapper.bit} [get_hw_devices xc7z010_1]
current_hw_device [get_hw_devices xc7z010_1]
refresh_hw_device -update_hw_probes false [lindex [get_hw_devices xc7z010_1] 0]
INFO: [Labtools 27-1434] Device xc7z010 (JTAG device index = 1) is programmed with a design that has no supported debug core(s) in it.
set_property PROBES.FILE {} [get_hw_devices xc7z010_1]
set_property FULL_PROBES.FILE {} [get_hw_devices xc7z010_1]
set_property PROGRAM.FILE {C:/Users/Utilisateur/Documents/POEI/Projet_fin/Projet/src/Flux_VGA/Flux_VGA.runs/impl_1/design_1_wrapper.bit} [get_hw_devices xc7z010_1]
program_hw_devices [get_hw_devices xc7z010_1]
INFO: [Labtools 27-3164] End of startup status: HIGH
refresh_hw_device [lindex [get_hw_devices xc7z010_1] 0]
INFO: [Labtools 27-1434] Device xc7z010 (JTAG device index = 1) is programmed with a design that has no supported debug core(s) in it.
open_bd_design {C:/Users/Utilisateur/Documents/POEI/Projet_fin/Projet/src/Flux_VGA/Flux_VGA.srcs/sources_1/bd/design_1/design_1.bd}
report_ip_status -name ip_status 
current_project PMODVGA_v1_0_project
ipx::merge_project_changes files [ipx::current_core]
WARNING: [IP_Flow 19-5226] Project source file 'c:/Users/Utilisateur/Documents/POEI/Projet_fin/Projet/IP/PMODVGA/PMODVGA_1.0/component.xml' ignored by IP packager.
set_property core_revision 10 [ipx::current_core]
ipx::create_xgui_files [ipx::current_core]
ipx::update_checksums [ipx::current_core]
ipx::check_integrity [ipx::current_core]
INFO: [IP_Flow 19-2181] Payment Required is not set for this core.
INFO: [IP_Flow 19-2187] The Product Guide file is missing.
INFO: [Ipptcl 7-1486] check_integrity: Integrity check passed.
ipx::save_core [ipx::current_core]
update_ip_catalog -rebuild -repo_path c:/Users/Utilisateur/Documents/POEI/Projet_fin/Projet/IP
INFO: [IP_Flow 19-725] Reloaded user IP repository 'c:/Users/Utilisateur/Documents/POEI/Projet_fin/Projet/IP'
current_project Flux_VGA
regenerate_bd_layout
regenerate_bd_layout
report_ip_status -name ip_status 
update_ip_catalog -rebuild -scan_changes
INFO: [IP_Flow 19-234] Refreshing IP repositories
WARNING: [IP_Flow 19-3685] Ignored loading user repository 'c:/Users/Utilisateur/Documents/POEI/Projet_fin/Projet/IP/overlay/overlay_1.0'. The path is contained within another repository.
WARNING: [IP_Flow 19-3685] Ignored loading user repository 'c:/Users/Utilisateur/Documents/POEI/Projet_fin/Projet/IP/seuil/seuil_1.0'. The path is contained within another repository.
WARNING: [IP_Flow 19-3685] Ignored loading user repository 'c:/Users/Utilisateur/Documents/POEI/Projet_fin/Projet/IP/filtre_harris/filtre_harris_1.0'. The path is contained within another repository.
WARNING: [IP_Flow 19-3685] Ignored loading user repository 'c:/Users/Utilisateur/Documents/POEI/Projet_fin/Projet/IP/filtre_gaussien/filtre_gaussien_1.0'. The path is contained within another repository.
WARNING: [IP_Flow 19-3685] Ignored loading user repository 'c:/Users/Utilisateur/Documents/POEI/Projet_fin/Projet/IP/luminance/luminance_1.0'. The path is contained within another repository.
WARNING: [IP_Flow 19-3685] Ignored loading user repository 'c:/Users/Utilisateur/Documents/POEI/Projet_fin/Projet/IP/source_select/source_select_1.0'. The path is contained within another repository.
INFO: [IP_Flow 19-1700] Loaded user IP repository 'c:/Users/Utilisateur/Documents/POEI/Projet_fin/Projet/IP'.
report_ip_status -name ip_status
upgrade_ip -vlnv xilinx.com:user:PMODVGA:1.0 [get_ips  design_1_PMODVGA_0_2] -log ip_upgrade.log
Upgrading 'C:/Users/Utilisateur/Documents/POEI/Projet_fin/Projet/src/Flux_VGA/Flux_VGA.srcs/sources_1/bd/design_1/design_1.bd'
INFO: [IP_Flow 19-3422] Upgraded design_1_PMODVGA_0_2 (PMODVGA_v1.0 1.0) from revision 9 to revision 10
Wrote  : <C:\Users\Utilisateur\Documents\POEI\Projet_fin\Projet\src\Flux_VGA\Flux_VGA.srcs\sources_1\bd\design_1\design_1.bd> 
Wrote  : <C:/Users/Utilisateur/Documents/POEI/Projet_fin/Projet/src/Flux_VGA/Flux_VGA.srcs/sources_1/bd/design_1/ui/bd_1f5defd0.ui> 
INFO: [Coretcl 2-1525] Wrote upgrade log to 'C:/Users/Utilisateur/Documents/POEI/Projet_fin/Projet/src/Flux_VGA/ip_upgrade.log'.
export_ip_user_files -of_objects [get_ips design_1_PMODVGA_0_2] -no_script -sync -force -quiet
generate_target all [get_files  C:/Users/Utilisateur/Documents/POEI/Projet_fin/Projet/src/Flux_VGA/Flux_VGA.srcs/sources_1/bd/design_1/design_1.bd]
INFO: [xilinx.com:ip:clk_wiz:6.0-1] /clk_wiz_0 clk_wiz propagate
Wrote  : <C:\Users\Utilisateur\Documents\POEI\Projet_fin\Projet\src\Flux_VGA\Flux_VGA.srcs\sources_1\bd\design_1\design_1.bd> 
VHDL Output written to : c:/Users/Utilisateur/Documents/POEI/Projet_fin/Projet/src/Flux_VGA/Flux_VGA.gen/sources_1/bd/design_1/synth/design_1.vhd
VHDL Output written to : c:/Users/Utilisateur/Documents/POEI/Projet_fin/Projet/src/Flux_VGA/Flux_VGA.gen/sources_1/bd/design_1/sim/design_1.vhd
VHDL Output written to : c:/Users/Utilisateur/Documents/POEI/Projet_fin/Projet/src/Flux_VGA/Flux_VGA.gen/sources_1/bd/design_1/hdl/design_1_wrapper.vhd
INFO: [BD 41-1029] Generation completed for the IP Integrator block PMODVGA_0 .
Exporting to file c:/Users/Utilisateur/Documents/POEI/Projet_fin/Projet/src/Flux_VGA/Flux_VGA.gen/sources_1/bd/design_1/hw_handoff/design_1.hwh
Generated Block Design Tcl file c:/Users/Utilisateur/Documents/POEI/Projet_fin/Projet/src/Flux_VGA/Flux_VGA.gen/sources_1/bd/design_1/hw_handoff/design_1_bd.tcl
Generated Hardware Definition File c:/Users/Utilisateur/Documents/POEI/Projet_fin/Projet/src/Flux_VGA/Flux_VGA.gen/sources_1/bd/design_1/synth/design_1.hwdef
export_ip_user_files -of_objects [get_files C:/Users/Utilisateur/Documents/POEI/Projet_fin/Projet/src/Flux_VGA/Flux_VGA.srcs/sources_1/bd/design_1/design_1.bd] -no_script -sync -force -quiet
export_simulation -of_objects [get_files C:/Users/Utilisateur/Documents/POEI/Projet_fin/Projet/src/Flux_VGA/Flux_VGA.srcs/sources_1/bd/design_1/design_1.bd] -directory C:/Users/Utilisateur/Documents/POEI/Projet_fin/Projet/src/Flux_VGA/Flux_VGA.ip_user_files/sim_scripts -ip_user_files_dir C:/Users/Utilisateur/Documents/POEI/Projet_fin/Projet/src/Flux_VGA/Flux_VGA.ip_user_files -ipstatic_source_dir C:/Users/Utilisateur/Documents/POEI/Projet_fin/Projet/src/Flux_VGA/Flux_VGA.ip_user_files/ipstatic -lib_map_path [list {modelsim=C:/Users/Utilisateur/Documents/POEI/Projet_fin/Projet/src/Flux_VGA/Flux_VGA.cache/compile_simlib/modelsim} {questa=C:/Users/Utilisateur/Documents/POEI/Projet_fin/Projet/src/Flux_VGA/Flux_VGA.cache/compile_simlib/questa} {riviera=C:/Users/Utilisateur/Documents/POEI/Projet_fin/Projet/src/Flux_VGA/Flux_VGA.cache/compile_simlib/riviera} {activehdl=C:/Users/Utilisateur/Documents/POEI/Projet_fin/Projet/src/Flux_VGA/Flux_VGA.cache/compile_simlib/activehdl}] -use_ip_compiled_libs -force -quiet
report_ip_status -name ip_status 
make_wrapper -files [get_files C:/Users/Utilisateur/Documents/POEI/Projet_fin/Projet/src/Flux_VGA/Flux_VGA.srcs/sources_1/bd/design_1/design_1.bd] -top
reset_run synth_1
WARNING: [Vivado 12-1017] Problems encountered:
1. Failed to delete one or more files in run directory C:/Users/Utilisateur/Documents/POEI/Projet_fin/Projet/src/Flux_VGA/Flux_VGA.runs/synth_1

launch_runs impl_1 -to_step write_bitstream -jobs 4
[Tue Sep 29 14:32:06 2026] Launched synth_1...
Run output will be captured here: C:/Users/Utilisateur/Documents/POEI/Projet_fin/Projet/src/Flux_VGA/Flux_VGA.runs/synth_1/runme.log
[Tue Sep 29 14:32:06 2026] Launched impl_1...
Run output will be captured here: C:/Users/Utilisateur/Documents/POEI/Projet_fin/Projet/src/Flux_VGA/Flux_VGA.runs/impl_1/runme.log
current_project PMODVGA_v1_0_project
ipx::merge_project_changes files [ipx::current_core]
WARNING: [IP_Flow 19-5226] Project source file 'c:/Users/Utilisateur/Documents/POEI/Projet_fin/Projet/IP/PMODVGA/PMODVGA_1.0/component.xml' ignored by IP packager.
set_property core_revision 11 [ipx::current_core]
ipx::create_xgui_files [ipx::current_core]
ipx::update_checksums [ipx::current_core]
ipx::check_integrity [ipx::current_core]
INFO: [IP_Flow 19-2181] Payment Required is not set for this core.
INFO: [IP_Flow 19-2187] The Product Guide file is missing.
INFO: [Ipptcl 7-1486] check_integrity: Integrity check passed.
ipx::save_core [ipx::current_core]
update_ip_catalog -rebuild -repo_path c:/Users/Utilisateur/Documents/POEI/Projet_fin/Projet/IP
INFO: [IP_Flow 19-725] Reloaded user IP repository 'c:/Users/Utilisateur/Documents/POEI/Projet_fin/Projet/IP'
current_project Flux_VGA
reset_target all [get_files  C:/Users/Utilisateur/Documents/POEI/Projet_fin/Projet/src/Flux_VGA/Flux_VGA.srcs/sources_1/bd/design_1/design_1.bd]
export_ip_user_files -of_objects  [get_files  C:/Users/Utilisateur/Documents/POEI/Projet_fin/Projet/src/Flux_VGA/Flux_VGA.srcs/sources_1/bd/design_1/design_1.bd] -sync -no_script -force -quiet
report_ip_status -name ip_status 
update_ip_catalog -rebuild -scan_changes
INFO: [IP_Flow 19-234] Refreshing IP repositories
WARNING: [IP_Flow 19-3685] Ignored loading user repository 'c:/Users/Utilisateur/Documents/POEI/Projet_fin/Projet/IP/overlay/overlay_1.0'. The path is contained within another repository.
WARNING: [IP_Flow 19-3685] Ignored loading user repository 'c:/Users/Utilisateur/Documents/POEI/Projet_fin/Projet/IP/seuil/seuil_1.0'. The path is contained within another repository.
WARNING: [IP_Flow 19-3685] Ignored loading user repository 'c:/Users/Utilisateur/Documents/POEI/Projet_fin/Projet/IP/filtre_harris/filtre_harris_1.0'. The path is contained within another repository.
WARNING: [IP_Flow 19-3685] Ignored loading user repository 'c:/Users/Utilisateur/Documents/POEI/Projet_fin/Projet/IP/filtre_gaussien/filtre_gaussien_1.0'. The path is contained within another repository.
WARNING: [IP_Flow 19-3685] Ignored loading user repository 'c:/Users/Utilisateur/Documents/POEI/Projet_fin/Projet/IP/luminance/luminance_1.0'. The path is contained within another repository.
WARNING: [IP_Flow 19-3685] Ignored loading user repository 'c:/Users/Utilisateur/Documents/POEI/Projet_fin/Projet/IP/source_select/source_select_1.0'. The path is contained within another repository.
INFO: [IP_Flow 19-1700] Loaded user IP repository 'c:/Users/Utilisateur/Documents/POEI/Projet_fin/Projet/IP'.
report_ip_status -name ip_status
upgrade_ip -vlnv xilinx.com:user:PMODVGA:1.0 [get_ips  design_1_PMODVGA_0_2] -log ip_upgrade.log
Upgrading 'C:/Users/Utilisateur/Documents/POEI/Projet_fin/Projet/src/Flux_VGA/Flux_VGA.srcs/sources_1/bd/design_1/design_1.bd'
INFO: [IP_Flow 19-3422] Upgraded design_1_PMODVGA_0_2 (PMODVGA_v1.0 1.0) from revision 10 to revision 11
Wrote  : <C:\Users\Utilisateur\Documents\POEI\Projet_fin\Projet\src\Flux_VGA\Flux_VGA.srcs\sources_1\bd\design_1\design_1.bd> 
Wrote  : <C:/Users/Utilisateur/Documents/POEI/Projet_fin/Projet/src/Flux_VGA/Flux_VGA.srcs/sources_1/bd/design_1/ui/bd_1f5defd0.ui> 
INFO: [Coretcl 2-1525] Wrote upgrade log to 'C:/Users/Utilisateur/Documents/POEI/Projet_fin/Projet/src/Flux_VGA/ip_upgrade.log'.
export_ip_user_files -of_objects [get_ips design_1_PMODVGA_0_2] -no_script -sync -force -quiet
generate_target all [get_files  C:/Users/Utilisateur/Documents/POEI/Projet_fin/Projet/src/Flux_VGA/Flux_VGA.srcs/sources_1/bd/design_1/design_1.bd]
INFO: [xilinx.com:ip:clk_wiz:6.0-1] /clk_wiz_0 clk_wiz propagate
Wrote  : <C:\Users\Utilisateur\Documents\POEI\Projet_fin\Projet\src\Flux_VGA\Flux_VGA.srcs\sources_1\bd\design_1\design_1.bd> 
VHDL Output written to : c:/Users/Utilisateur/Documents/POEI/Projet_fin/Projet/src/Flux_VGA/Flux_VGA.gen/sources_1/bd/design_1/synth/design_1.vhd
VHDL Output written to : c:/Users/Utilisateur/Documents/POEI/Projet_fin/Projet/src/Flux_VGA/Flux_VGA.gen/sources_1/bd/design_1/sim/design_1.vhd
VHDL Output written to : c:/Users/Utilisateur/Documents/POEI/Projet_fin/Projet/src/Flux_VGA/Flux_VGA.gen/sources_1/bd/design_1/hdl/design_1_wrapper.vhd
INFO: [BD 41-1029] Generation completed for the IP Integrator block PMODVGA_0 .
INFO: [BD 41-1029] Generation completed for the IP Integrator block clk_wiz_0 .
INFO: [BD 41-1029] Generation completed for the IP Integrator block TGP_1 .
INFO: [BD 41-1029] Generation completed for the IP Integrator block xlconstant_0 .
Exporting to file c:/Users/Utilisateur/Documents/POEI/Projet_fin/Projet/src/Flux_VGA/Flux_VGA.gen/sources_1/bd/design_1/hw_handoff/design_1.hwh
Generated Block Design Tcl file c:/Users/Utilisateur/Documents/POEI/Projet_fin/Projet/src/Flux_VGA/Flux_VGA.gen/sources_1/bd/design_1/hw_handoff/design_1_bd.tcl
Generated Hardware Definition File c:/Users/Utilisateur/Documents/POEI/Projet_fin/Projet/src/Flux_VGA/Flux_VGA.gen/sources_1/bd/design_1/synth/design_1.hwdef
export_ip_user_files -of_objects [get_files C:/Users/Utilisateur/Documents/POEI/Projet_fin/Projet/src/Flux_VGA/Flux_VGA.srcs/sources_1/bd/design_1/design_1.bd] -no_script -sync -force -quiet
export_simulation -of_objects [get_files C:/Users/Utilisateur/Documents/POEI/Projet_fin/Projet/src/Flux_VGA/Flux_VGA.srcs/sources_1/bd/design_1/design_1.bd] -directory C:/Users/Utilisateur/Documents/POEI/Projet_fin/Projet/src/Flux_VGA/Flux_VGA.ip_user_files/sim_scripts -ip_user_files_dir C:/Users/Utilisateur/Documents/POEI/Projet_fin/Projet/src/Flux_VGA/Flux_VGA.ip_user_files -ipstatic_source_dir C:/Users/Utilisateur/Documents/POEI/Projet_fin/Projet/src/Flux_VGA/Flux_VGA.ip_user_files/ipstatic -lib_map_path [list {modelsim=C:/Users/Utilisateur/Documents/POEI/Projet_fin/Projet/src/Flux_VGA/Flux_VGA.cache/compile_simlib/modelsim} {questa=C:/Users/Utilisateur/Documents/POEI/Projet_fin/Projet/src/Flux_VGA/Flux_VGA.cache/compile_simlib/questa} {riviera=C:/Users/Utilisateur/Documents/POEI/Projet_fin/Projet/src/Flux_VGA/Flux_VGA.cache/compile_simlib/riviera} {activehdl=C:/Users/Utilisateur/Documents/POEI/Projet_fin/Projet/src/Flux_VGA/Flux_VGA.cache/compile_simlib/activehdl}] -use_ip_compiled_libs -force -quiet
report_ip_status -name ip_status 
reset_run synth_1
WARNING: [Vivado 12-1017] Problems encountered:
1. Failed to delete one or more files in run directory C:/Users/Utilisateur/Documents/POEI/Projet_fin/Projet/src/Flux_VGA/Flux_VGA.runs/synth_1

launch_runs impl_1 -to_step write_bitstream -jobs 4
[Tue Sep 29 14:36:57 2026] Launched synth_1...
Run output will be captured here: C:/Users/Utilisateur/Documents/POEI/Projet_fin/Projet/src/Flux_VGA/Flux_VGA.runs/synth_1/runme.log
[Tue Sep 29 14:36:57 2026] Launched impl_1...
Run output will be captured here: C:/Users/Utilisateur/Documents/POEI/Projet_fin/Projet/src/Flux_VGA/Flux_VGA.runs/impl_1/runme.log
set_property PROBES.FILE {} [get_hw_devices xc7z010_1]
set_property FULL_PROBES.FILE {} [get_hw_devices xc7z010_1]
set_property PROGRAM.FILE {C:/Users/Utilisateur/Documents/POEI/Projet_fin/Projet/src/Flux_VGA/Flux_VGA.runs/impl_1/design_1_wrapper.bit} [get_hw_devices xc7z010_1]
program_hw_devices [get_hw_devices xc7z010_1]
INFO: [Labtools 27-3164] End of startup status: HIGH
refresh_hw_device [lindex [get_hw_devices xc7z010_1] 0]
INFO: [Labtools 27-1434] Device xc7z010 (JTAG device index = 1) is programmed with a design that has no supported debug core(s) in it.
current_project PMODVGA_v1_0_project
ipx::merge_project_changes hdl_parameters [ipx::current_core]
WARNING: [IP_Flow 19-5226] Project source file 'c:/Users/Utilisateur/Documents/POEI/Projet_fin/Projet/IP/PMODVGA/PMODVGA_1.0/component.xml' ignored by IP packager.
set_property core_revision 12 [ipx::current_core]
ipx::create_xgui_files [ipx::current_core]
ipx::update_checksums [ipx::current_core]
ipx::check_integrity [ipx::current_core]
INFO: [IP_Flow 19-2181] Payment Required is not set for this core.
INFO: [IP_Flow 19-2187] The Product Guide file is missing.
INFO: [Ipptcl 7-1486] check_integrity: Integrity check passed.
ipx::save_core [ipx::current_core]
update_ip_catalog -rebuild -repo_path c:/Users/Utilisateur/Documents/POEI/Projet_fin/Projet/IP
INFO: [IP_Flow 19-725] Reloaded user IP repository 'c:/Users/Utilisateur/Documents/POEI/Projet_fin/Projet/IP'
current_project Flux_VGA
open_bd_design {C:/Users/Utilisateur/Documents/POEI/Projet_fin/Projet/src/Flux_VGA/Flux_VGA.srcs/sources_1/bd/design_1/design_1.bd}
update_ip_catalog -rebuild -scan_changes
INFO: [IP_Flow 19-234] Refreshing IP repositories
WARNING: [IP_Flow 19-3685] Ignored loading user repository 'c:/Users/Utilisateur/Documents/POEI/Projet_fin/Projet/IP/overlay/overlay_1.0'. The path is contained within another repository.
WARNING: [IP_Flow 19-3685] Ignored loading user repository 'c:/Users/Utilisateur/Documents/POEI/Projet_fin/Projet/IP/seuil/seuil_1.0'. The path is contained within another repository.
WARNING: [IP_Flow 19-3685] Ignored loading user repository 'c:/Users/Utilisateur/Documents/POEI/Projet_fin/Projet/IP/filtre_harris/filtre_harris_1.0'. The path is contained within another repository.
WARNING: [IP_Flow 19-3685] Ignored loading user repository 'c:/Users/Utilisateur/Documents/POEI/Projet_fin/Projet/IP/filtre_gaussien/filtre_gaussien_1.0'. The path is contained within another repository.
WARNING: [IP_Flow 19-3685] Ignored loading user repository 'c:/Users/Utilisateur/Documents/POEI/Projet_fin/Projet/IP/luminance/luminance_1.0'. The path is contained within another repository.
WARNING: [IP_Flow 19-3685] Ignored loading user repository 'c:/Users/Utilisateur/Documents/POEI/Projet_fin/Projet/IP/source_select/source_select_1.0'. The path is contained within another repository.
INFO: [IP_Flow 19-1700] Loaded user IP repository 'c:/Users/Utilisateur/Documents/POEI/Projet_fin/Projet/IP'.
report_ip_status -name ip_status
upgrade_ip -vlnv xilinx.com:user:PMODVGA:1.0 [get_ips  design_1_PMODVGA_0_2] -log ip_upgrade.log
Upgrading 'C:/Users/Utilisateur/Documents/POEI/Projet_fin/Projet/src/Flux_VGA/Flux_VGA.srcs/sources_1/bd/design_1/design_1.bd'
INFO: [IP_Flow 19-3422] Upgraded design_1_PMODVGA_0_2 (PMODVGA_v1.0 1.0) from revision 11 to revision 12
Wrote  : <C:\Users\Utilisateur\Documents\POEI\Projet_fin\Projet\src\Flux_VGA\Flux_VGA.srcs\sources_1\bd\design_1\design_1.bd> 
INFO: [Coretcl 2-1525] Wrote upgrade log to 'C:/Users/Utilisateur/Documents/POEI/Projet_fin/Projet/src/Flux_VGA/ip_upgrade.log'.
export_ip_user_files -of_objects [get_ips design_1_PMODVGA_0_2] -no_script -sync -force -quiet
generate_target all [get_files  C:/Users/Utilisateur/Documents/POEI/Projet_fin/Projet/src/Flux_VGA/Flux_VGA.srcs/sources_1/bd/design_1/design_1.bd]
INFO: [xilinx.com:ip:clk_wiz:6.0-1] /clk_wiz_0 clk_wiz propagate
Wrote  : <C:\Users\Utilisateur\Documents\POEI\Projet_fin\Projet\src\Flux_VGA\Flux_VGA.srcs\sources_1\bd\design_1\design_1.bd> 
VHDL Output written to : c:/Users/Utilisateur/Documents/POEI/Projet_fin/Projet/src/Flux_VGA/Flux_VGA.gen/sources_1/bd/design_1/synth/design_1.vhd
VHDL Output written to : c:/Users/Utilisateur/Documents/POEI/Projet_fin/Projet/src/Flux_VGA/Flux_VGA.gen/sources_1/bd/design_1/sim/design_1.vhd
VHDL Output written to : c:/Users/Utilisateur/Documents/POEI/Projet_fin/Projet/src/Flux_VGA/Flux_VGA.gen/sources_1/bd/design_1/hdl/design_1_wrapper.vhd
INFO: [BD 41-1029] Generation completed for the IP Integrator block PMODVGA_0 .
Exporting to file c:/Users/Utilisateur/Documents/POEI/Projet_fin/Projet/src/Flux_VGA/Flux_VGA.gen/sources_1/bd/design_1/hw_handoff/design_1.hwh
Generated Block Design Tcl file c:/Users/Utilisateur/Documents/POEI/Projet_fin/Projet/src/Flux_VGA/Flux_VGA.gen/sources_1/bd/design_1/hw_handoff/design_1_bd.tcl
Generated Hardware Definition File c:/Users/Utilisateur/Documents/POEI/Projet_fin/Projet/src/Flux_VGA/Flux_VGA.gen/sources_1/bd/design_1/synth/design_1.hwdef
export_ip_user_files -of_objects [get_files C:/Users/Utilisateur/Documents/POEI/Projet_fin/Projet/src/Flux_VGA/Flux_VGA.srcs/sources_1/bd/design_1/design_1.bd] -no_script -sync -force -quiet
export_simulation -of_objects [get_files C:/Users/Utilisateur/Documents/POEI/Projet_fin/Projet/src/Flux_VGA/Flux_VGA.srcs/sources_1/bd/design_1/design_1.bd] -directory C:/Users/Utilisateur/Documents/POEI/Projet_fin/Projet/src/Flux_VGA/Flux_VGA.ip_user_files/sim_scripts -ip_user_files_dir C:/Users/Utilisateur/Documents/POEI/Projet_fin/Projet/src/Flux_VGA/Flux_VGA.ip_user_files -ipstatic_source_dir C:/Users/Utilisateur/Documents/POEI/Projet_fin/Projet/src/Flux_VGA/Flux_VGA.ip_user_files/ipstatic -lib_map_path [list {modelsim=C:/Users/Utilisateur/Documents/POEI/Projet_fin/Projet/src/Flux_VGA/Flux_VGA.cache/compile_simlib/modelsim} {questa=C:/Users/Utilisateur/Documents/POEI/Projet_fin/Projet/src/Flux_VGA/Flux_VGA.cache/compile_simlib/questa} {riviera=C:/Users/Utilisateur/Documents/POEI/Projet_fin/Projet/src/Flux_VGA/Flux_VGA.cache/compile_simlib/riviera} {activehdl=C:/Users/Utilisateur/Documents/POEI/Projet_fin/Projet/src/Flux_VGA/Flux_VGA.cache/compile_simlib/activehdl}] -use_ip_compiled_libs -force -quiet
reset_run synth_1
WARNING: [Vivado 12-1017] Problems encountered:
1. Failed to delete one or more files in run directory C:/Users/Utilisateur/Documents/POEI/Projet_fin/Projet/src/Flux_VGA/Flux_VGA.runs/synth_1

launch_runs impl_1 -to_step write_bitstream -jobs 4
[Tue Sep 29 14:40:42 2026] Launched synth_1...
Run output will be captured here: C:/Users/Utilisateur/Documents/POEI/Projet_fin/Projet/src/Flux_VGA/Flux_VGA.runs/synth_1/runme.log
[Tue Sep 29 14:40:42 2026] Launched impl_1...
Run output will be captured here: C:/Users/Utilisateur/Documents/POEI/Projet_fin/Projet/src/Flux_VGA/Flux_VGA.runs/impl_1/runme.log
set_property PROBES.FILE {} [get_hw_devices xc7z010_1]
set_property FULL_PROBES.FILE {} [get_hw_devices xc7z010_1]
set_property PROGRAM.FILE {C:/Users/Utilisateur/Documents/POEI/Projet_fin/Projet/src/Flux_VGA/Flux_VGA.runs/impl_1/design_1_wrapper.bit} [get_hw_devices xc7z010_1]
program_hw_devices [get_hw_devices xc7z010_1]
INFO: [Labtools 27-3164] End of startup status: HIGH
refresh_hw_device [lindex [get_hw_devices xc7z010_1] 0]
INFO: [Labtools 27-1434] Device xc7z010 (JTAG device index = 1) is programmed with a design that has no supported debug core(s) in it.
current_project PMODVGA_v1_0_project
ipx::merge_project_changes hdl_parameters [ipx::current_core]
WARNING: [IP_Flow 19-5226] Project source file 'c:/Users/Utilisateur/Documents/POEI/Projet_fin/Projet/IP/PMODVGA/PMODVGA_1.0/component.xml' ignored by IP packager.
set_property core_revision 13 [ipx::current_core]
ipx::create_xgui_files [ipx::current_core]
ipx::update_checksums [ipx::current_core]
ipx::check_integrity [ipx::current_core]
INFO: [IP_Flow 19-2181] Payment Required is not set for this core.
INFO: [IP_Flow 19-2187] The Product Guide file is missing.
INFO: [Ipptcl 7-1486] check_integrity: Integrity check passed.
ipx::save_core [ipx::current_core]
update_ip_catalog -rebuild -repo_path c:/Users/Utilisateur/Documents/POEI/Projet_fin/Projet/IP
INFO: [IP_Flow 19-725] Reloaded user IP repository 'c:/Users/Utilisateur/Documents/POEI/Projet_fin/Projet/IP'
current_project Flux_VGA
open_bd_design {C:/Users/Utilisateur/Documents/POEI/Projet_fin/Projet/src/Flux_VGA/Flux_VGA.srcs/sources_1/bd/design_1/design_1.bd}
update_ip_catalog -rebuild -scan_changes
INFO: [IP_Flow 19-234] Refreshing IP repositories
WARNING: [IP_Flow 19-3685] Ignored loading user repository 'c:/Users/Utilisateur/Documents/POEI/Projet_fin/Projet/IP/overlay/overlay_1.0'. The path is contained within another repository.
WARNING: [IP_Flow 19-3685] Ignored loading user repository 'c:/Users/Utilisateur/Documents/POEI/Projet_fin/Projet/IP/seuil/seuil_1.0'. The path is contained within another repository.
WARNING: [IP_Flow 19-3685] Ignored loading user repository 'c:/Users/Utilisateur/Documents/POEI/Projet_fin/Projet/IP/filtre_harris/filtre_harris_1.0'. The path is contained within another repository.
WARNING: [IP_Flow 19-3685] Ignored loading user repository 'c:/Users/Utilisateur/Documents/POEI/Projet_fin/Projet/IP/filtre_gaussien/filtre_gaussien_1.0'. The path is contained within another repository.
WARNING: [IP_Flow 19-3685] Ignored loading user repository 'c:/Users/Utilisateur/Documents/POEI/Projet_fin/Projet/IP/luminance/luminance_1.0'. The path is contained within another repository.
WARNING: [IP_Flow 19-3685] Ignored loading user repository 'c:/Users/Utilisateur/Documents/POEI/Projet_fin/Projet/IP/source_select/source_select_1.0'. The path is contained within another repository.
INFO: [IP_Flow 19-1700] Loaded user IP repository 'c:/Users/Utilisateur/Documents/POEI/Projet_fin/Projet/IP'.
report_ip_status -name ip_status
upgrade_ip -vlnv xilinx.com:user:PMODVGA:1.0 [get_ips  design_1_PMODVGA_0_2] -log ip_upgrade.log
Upgrading 'C:/Users/Utilisateur/Documents/POEI/Projet_fin/Projet/src/Flux_VGA/Flux_VGA.srcs/sources_1/bd/design_1/design_1.bd'
INFO: [IP_Flow 19-3422] Upgraded design_1_PMODVGA_0_2 (PMODVGA_v1.0 1.0) from revision 12 to revision 13
Wrote  : <C:\Users\Utilisateur\Documents\POEI\Projet_fin\Projet\src\Flux_VGA\Flux_VGA.srcs\sources_1\bd\design_1\design_1.bd> 
INFO: [Coretcl 2-1525] Wrote upgrade log to 'C:/Users/Utilisateur/Documents/POEI/Projet_fin/Projet/src/Flux_VGA/ip_upgrade.log'.
export_ip_user_files -of_objects [get_ips design_1_PMODVGA_0_2] -no_script -sync -force -quiet
generate_target all [get_files  C:/Users/Utilisateur/Documents/POEI/Projet_fin/Projet/src/Flux_VGA/Flux_VGA.srcs/sources_1/bd/design_1/design_1.bd]
INFO: [xilinx.com:ip:clk_wiz:6.0-1] /clk_wiz_0 clk_wiz propagate
Wrote  : <C:\Users\Utilisateur\Documents\POEI\Projet_fin\Projet\src\Flux_VGA\Flux_VGA.srcs\sources_1\bd\design_1\design_1.bd> 
VHDL Output written to : c:/Users/Utilisateur/Documents/POEI/Projet_fin/Projet/src/Flux_VGA/Flux_VGA.gen/sources_1/bd/design_1/synth/design_1.vhd
VHDL Output written to : c:/Users/Utilisateur/Documents/POEI/Projet_fin/Projet/src/Flux_VGA/Flux_VGA.gen/sources_1/bd/design_1/sim/design_1.vhd
VHDL Output written to : c:/Users/Utilisateur/Documents/POEI/Projet_fin/Projet/src/Flux_VGA/Flux_VGA.gen/sources_1/bd/design_1/hdl/design_1_wrapper.vhd
INFO: [BD 41-1029] Generation completed for the IP Integrator block PMODVGA_0 .
Exporting to file c:/Users/Utilisateur/Documents/POEI/Projet_fin/Projet/src/Flux_VGA/Flux_VGA.gen/sources_1/bd/design_1/hw_handoff/design_1.hwh
Generated Block Design Tcl file c:/Users/Utilisateur/Documents/POEI/Projet_fin/Projet/src/Flux_VGA/Flux_VGA.gen/sources_1/bd/design_1/hw_handoff/design_1_bd.tcl
Generated Hardware Definition File c:/Users/Utilisateur/Documents/POEI/Projet_fin/Projet/src/Flux_VGA/Flux_VGA.gen/sources_1/bd/design_1/synth/design_1.hwdef
export_ip_user_files -of_objects [get_files C:/Users/Utilisateur/Documents/POEI/Projet_fin/Projet/src/Flux_VGA/Flux_VGA.srcs/sources_1/bd/design_1/design_1.bd] -no_script -sync -force -quiet
export_simulation -of_objects [get_files C:/Users/Utilisateur/Documents/POEI/Projet_fin/Projet/src/Flux_VGA/Flux_VGA.srcs/sources_1/bd/design_1/design_1.bd] -directory C:/Users/Utilisateur/Documents/POEI/Projet_fin/Projet/src/Flux_VGA/Flux_VGA.ip_user_files/sim_scripts -ip_user_files_dir C:/Users/Utilisateur/Documents/POEI/Projet_fin/Projet/src/Flux_VGA/Flux_VGA.ip_user_files -ipstatic_source_dir C:/Users/Utilisateur/Documents/POEI/Projet_fin/Projet/src/Flux_VGA/Flux_VGA.ip_user_files/ipstatic -lib_map_path [list {modelsim=C:/Users/Utilisateur/Documents/POEI/Projet_fin/Projet/src/Flux_VGA/Flux_VGA.cache/compile_simlib/modelsim} {questa=C:/Users/Utilisateur/Documents/POEI/Projet_fin/Projet/src/Flux_VGA/Flux_VGA.cache/compile_simlib/questa} {riviera=C:/Users/Utilisateur/Documents/POEI/Projet_fin/Projet/src/Flux_VGA/Flux_VGA.cache/compile_simlib/riviera} {activehdl=C:/Users/Utilisateur/Documents/POEI/Projet_fin/Projet/src/Flux_VGA/Flux_VGA.cache/compile_simlib/activehdl}] -use_ip_compiled_libs -force -quiet
reset_run synth_1
WARNING: [Vivado 12-1017] Problems encountered:
1. Failed to delete one or more files in run directory C:/Users/Utilisateur/Documents/POEI/Projet_fin/Projet/src/Flux_VGA/Flux_VGA.runs/synth_1

launch_runs impl_1 -to_step write_bitstream -jobs 4
[Tue Sep 29 14:50:57 2026] Launched synth_1...
Run output will be captured here: C:/Users/Utilisateur/Documents/POEI/Projet_fin/Projet/src/Flux_VGA/Flux_VGA.runs/synth_1/runme.log
[Tue Sep 29 14:50:57 2026] Launched impl_1...
Run output will be captured here: C:/Users/Utilisateur/Documents/POEI/Projet_fin/Projet/src/Flux_VGA/Flux_VGA.runs/impl_1/runme.log
set_property PROBES.FILE {} [get_hw_devices xc7z010_1]
set_property FULL_PROBES.FILE {} [get_hw_devices xc7z010_1]
set_property PROGRAM.FILE {C:/Users/Utilisateur/Documents/POEI/Projet_fin/Projet/src/Flux_VGA/Flux_VGA.runs/impl_1/design_1_wrapper.bit} [get_hw_devices xc7z010_1]
program_hw_devices [get_hw_devices xc7z010_1]
INFO: [Labtools 27-3164] End of startup status: HIGH
refresh_hw_device [lindex [get_hw_devices xc7z010_1] 0]
INFO: [Labtools 27-1434] Device xc7z010 (JTAG device index = 1) is programmed with a design that has no supported debug core(s) in it.
open_bd_design {C:/Users/Utilisateur/Documents/POEI/Projet_fin/Projet/src/Flux_VGA/Flux_VGA.srcs/sources_1/bd/design_1/design_1.bd}
update_ip_catalog -rebuild -scan_changes
INFO: [IP_Flow 19-234] Refreshing IP repositories
WARNING: [IP_Flow 19-3685] Ignored loading user repository 'c:/Users/Utilisateur/Documents/POEI/Projet_fin/Projet/IP/overlay/overlay_1.0'. The path is contained within another repository.
WARNING: [IP_Flow 19-3685] Ignored loading user repository 'c:/Users/Utilisateur/Documents/POEI/Projet_fin/Projet/IP/seuil/seuil_1.0'. The path is contained within another repository.
WARNING: [IP_Flow 19-3685] Ignored loading user repository 'c:/Users/Utilisateur/Documents/POEI/Projet_fin/Projet/IP/filtre_harris/filtre_harris_1.0'. The path is contained within another repository.
WARNING: [IP_Flow 19-3685] Ignored loading user repository 'c:/Users/Utilisateur/Documents/POEI/Projet_fin/Projet/IP/filtre_gaussien/filtre_gaussien_1.0'. The path is contained within another repository.
WARNING: [IP_Flow 19-3685] Ignored loading user repository 'c:/Users/Utilisateur/Documents/POEI/Projet_fin/Projet/IP/luminance/luminance_1.0'. The path is contained within another repository.
WARNING: [IP_Flow 19-3685] Ignored loading user repository 'c:/Users/Utilisateur/Documents/POEI/Projet_fin/Projet/IP/source_select/source_select_1.0'. The path is contained within another repository.
INFO: [IP_Flow 19-1700] Loaded user IP repository 'c:/Users/Utilisateur/Documents/POEI/Projet_fin/Projet/IP'.
report_ip_status -name ip_status
upgrade_ip -vlnv xilinx.com:user:PMODVGA:1.0 [get_ips  design_1_PMODVGA_0_2] -log ip_upgrade.log
Upgrading 'C:/Users/Utilisateur/Documents/POEI/Projet_fin/Projet/src/Flux_VGA/Flux_VGA.srcs/sources_1/bd/design_1/design_1.bd'
INFO: [IP_Flow 19-1972] Upgraded design_1_PMODVGA_0_2 from PMODVGA_v1.0 1.0 to PMODVGA_v1.0 1.0
Wrote  : <C:\Users\Utilisateur\Documents\POEI\Projet_fin\Projet\src\Flux_VGA\Flux_VGA.srcs\sources_1\bd\design_1\design_1.bd> 
INFO: [Coretcl 2-1525] Wrote upgrade log to 'C:/Users/Utilisateur/Documents/POEI/Projet_fin/Projet/src/Flux_VGA/ip_upgrade.log'.
export_ip_user_files -of_objects [get_ips design_1_PMODVGA_0_2] -no_script -sync -force -quiet
generate_target all [get_files  C:/Users/Utilisateur/Documents/POEI/Projet_fin/Projet/src/Flux_VGA/Flux_VGA.srcs/sources_1/bd/design_1/design_1.bd]
INFO: [xilinx.com:ip:clk_wiz:6.0-1] /clk_wiz_0 clk_wiz propagate
Wrote  : <C:\Users\Utilisateur\Documents\POEI\Projet_fin\Projet\src\Flux_VGA\Flux_VGA.srcs\sources_1\bd\design_1\design_1.bd> 
VHDL Output written to : c:/Users/Utilisateur/Documents/POEI/Projet_fin/Projet/src/Flux_VGA/Flux_VGA.gen/sources_1/bd/design_1/synth/design_1.vhd
VHDL Output written to : c:/Users/Utilisateur/Documents/POEI/Projet_fin/Projet/src/Flux_VGA/Flux_VGA.gen/sources_1/bd/design_1/sim/design_1.vhd
VHDL Output written to : c:/Users/Utilisateur/Documents/POEI/Projet_fin/Projet/src/Flux_VGA/Flux_VGA.gen/sources_1/bd/design_1/hdl/design_1_wrapper.vhd
INFO: [BD 41-1029] Generation completed for the IP Integrator block PMODVGA_0 .
Exporting to file c:/Users/Utilisateur/Documents/POEI/Projet_fin/Projet/src/Flux_VGA/Flux_VGA.gen/sources_1/bd/design_1/hw_handoff/design_1.hwh
Generated Block Design Tcl file c:/Users/Utilisateur/Documents/POEI/Projet_fin/Projet/src/Flux_VGA/Flux_VGA.gen/sources_1/bd/design_1/hw_handoff/design_1_bd.tcl
Generated Hardware Definition File c:/Users/Utilisateur/Documents/POEI/Projet_fin/Projet/src/Flux_VGA/Flux_VGA.gen/sources_1/bd/design_1/synth/design_1.hwdef
export_ip_user_files -of_objects [get_files C:/Users/Utilisateur/Documents/POEI/Projet_fin/Projet/src/Flux_VGA/Flux_VGA.srcs/sources_1/bd/design_1/design_1.bd] -no_script -sync -force -quiet
export_simulation -of_objects [get_files C:/Users/Utilisateur/Documents/POEI/Projet_fin/Projet/src/Flux_VGA/Flux_VGA.srcs/sources_1/bd/design_1/design_1.bd] -directory C:/Users/Utilisateur/Documents/POEI/Projet_fin/Projet/src/Flux_VGA/Flux_VGA.ip_user_files/sim_scripts -ip_user_files_dir C:/Users/Utilisateur/Documents/POEI/Projet_fin/Projet/src/Flux_VGA/Flux_VGA.ip_user_files -ipstatic_source_dir C:/Users/Utilisateur/Documents/POEI/Projet_fin/Projet/src/Flux_VGA/Flux_VGA.ip_user_files/ipstatic -lib_map_path [list {modelsim=C:/Users/Utilisateur/Documents/POEI/Projet_fin/Projet/src/Flux_VGA/Flux_VGA.cache/compile_simlib/modelsim} {questa=C:/Users/Utilisateur/Documents/POEI/Projet_fin/Projet/src/Flux_VGA/Flux_VGA.cache/compile_simlib/questa} {riviera=C:/Users/Utilisateur/Documents/POEI/Projet_fin/Projet/src/Flux_VGA/Flux_VGA.cache/compile_simlib/riviera} {activehdl=C:/Users/Utilisateur/Documents/POEI/Projet_fin/Projet/src/Flux_VGA/Flux_VGA.cache/compile_simlib/activehdl}] -use_ip_compiled_libs -force -quiet
export_ip_user_files -of_objects  [get_files C:/Users/Utilisateur/Documents/POEI/Projet_fin/Cora-Z7-10-Pmod-VGA-hw.xpr/hw/hw.srcs/constrs_1/imports/constraints/Cora-Z7-10-Master.xdc] -no_script -reset -force -quiet
remove_files  -fileset constrs_1 C:/Users/Utilisateur/Documents/POEI/Projet_fin/Cora-Z7-10-Pmod-VGA-hw.xpr/hw/hw.srcs/constrs_1/imports/constraints/Cora-Z7-10-Master.xdc
add_files -fileset constrs_1 -norecurse C:/Users/Utilisateur/Documents/POEI/Projet_fin/Projet/src/Flux_VGA/Flux_VGA.srcs/sources_1/Cora-Z7-10-Master.xdc
reset_run synth_1
WARNING: [Vivado 12-1017] Problems encountered:
1. Failed to delete one or more files in run directory C:/Users/Utilisateur/Documents/POEI/Projet_fin/Projet/src/Flux_VGA/Flux_VGA.runs/synth_1

launch_runs impl_1 -to_step write_bitstream -jobs 4
[Tue Sep 29 15:11:08 2026] Launched synth_1...
Run output will be captured here: C:/Users/Utilisateur/Documents/POEI/Projet_fin/Projet/src/Flux_VGA/Flux_VGA.runs/synth_1/runme.log
[Tue Sep 29 15:11:08 2026] Launched impl_1...
Run output will be captured here: C:/Users/Utilisateur/Documents/POEI/Projet_fin/Projet/src/Flux_VGA/Flux_VGA.runs/impl_1/runme.log
set_property PROBES.FILE {} [get_hw_devices xc7z010_1]
set_property FULL_PROBES.FILE {} [get_hw_devices xc7z010_1]
set_property PROGRAM.FILE {C:/Users/Utilisateur/Documents/POEI/Projet_fin/Projet/src/Flux_VGA/Flux_VGA.runs/impl_1/design_1_wrapper.bit} [get_hw_devices xc7z010_1]
program_hw_devices [get_hw_devices xc7z010_1]
INFO: [Labtools 27-3164] End of startup status: HIGH
refresh_hw_device [lindex [get_hw_devices xc7z010_1] 0]
INFO: [Labtools 27-1434] Device xc7z010 (JTAG device index = 1) is programmed with a design that has no supported debug core(s) in it.
current_project PMODVGA_v1_0_project
ipx::merge_project_changes hdl_parameters [ipx::current_core]
WARNING: [IP_Flow 19-5226] Project source file 'c:/Users/Utilisateur/Documents/POEI/Projet_fin/Projet/IP/PMODVGA/PMODVGA_1.0/component.xml' ignored by IP packager.
set_property core_revision 14 [ipx::current_core]
ipx::create_xgui_files [ipx::current_core]
ipx::update_checksums [ipx::current_core]
ipx::check_integrity [ipx::current_core]
INFO: [IP_Flow 19-2181] Payment Required is not set for this core.
INFO: [IP_Flow 19-2187] The Product Guide file is missing.
INFO: [Ipptcl 7-1486] check_integrity: Integrity check passed.
ipx::save_core [ipx::current_core]
update_ip_catalog -rebuild -repo_path c:/Users/Utilisateur/Documents/POEI/Projet_fin/Projet/IP
INFO: [IP_Flow 19-725] Reloaded user IP repository 'c:/Users/Utilisateur/Documents/POEI/Projet_fin/Projet/IP'
current_project Flux_VGA
open_bd_design {C:/Users/Utilisateur/Documents/POEI/Projet_fin/Projet/src/Flux_VGA/Flux_VGA.srcs/sources_1/bd/design_1/design_1.bd}
update_ip_catalog -rebuild -scan_changes
INFO: [IP_Flow 19-234] Refreshing IP repositories
WARNING: [IP_Flow 19-3685] Ignored loading user repository 'c:/Users/Utilisateur/Documents/POEI/Projet_fin/Projet/IP/overlay/overlay_1.0'. The path is contained within another repository.
WARNING: [IP_Flow 19-3685] Ignored loading user repository 'c:/Users/Utilisateur/Documents/POEI/Projet_fin/Projet/IP/seuil/seuil_1.0'. The path is contained within another repository.
WARNING: [IP_Flow 19-3685] Ignored loading user repository 'c:/Users/Utilisateur/Documents/POEI/Projet_fin/Projet/IP/filtre_harris/filtre_harris_1.0'. The path is contained within another repository.
WARNING: [IP_Flow 19-3685] Ignored loading user repository 'c:/Users/Utilisateur/Documents/POEI/Projet_fin/Projet/IP/filtre_gaussien/filtre_gaussien_1.0'. The path is contained within another repository.
WARNING: [IP_Flow 19-3685] Ignored loading user repository 'c:/Users/Utilisateur/Documents/POEI/Projet_fin/Projet/IP/luminance/luminance_1.0'. The path is contained within another repository.
WARNING: [IP_Flow 19-3685] Ignored loading user repository 'c:/Users/Utilisateur/Documents/POEI/Projet_fin/Projet/IP/source_select/source_select_1.0'. The path is contained within another repository.
INFO: [IP_Flow 19-1700] Loaded user IP repository 'c:/Users/Utilisateur/Documents/POEI/Projet_fin/Projet/IP'.
report_ip_status -name ip_status
upgrade_ip -vlnv xilinx.com:user:PMODVGA:1.0 [get_ips  design_1_PMODVGA_0_2] -log ip_upgrade.log
Upgrading 'C:/Users/Utilisateur/Documents/POEI/Projet_fin/Projet/src/Flux_VGA/Flux_VGA.srcs/sources_1/bd/design_1/design_1.bd'
INFO: [IP_Flow 19-3422] Upgraded design_1_PMODVGA_0_2 (PMODVGA_v1.0 1.0) from revision 13 to revision 14
Wrote  : <C:\Users\Utilisateur\Documents\POEI\Projet_fin\Projet\src\Flux_VGA\Flux_VGA.srcs\sources_1\bd\design_1\design_1.bd> 
INFO: [Coretcl 2-1525] Wrote upgrade log to 'C:/Users/Utilisateur/Documents/POEI/Projet_fin/Projet/src/Flux_VGA/ip_upgrade.log'.
export_ip_user_files -of_objects [get_ips design_1_PMODVGA_0_2] -no_script -sync -force -quiet
generate_target all [get_files  C:/Users/Utilisateur/Documents/POEI/Projet_fin/Projet/src/Flux_VGA/Flux_VGA.srcs/sources_1/bd/design_1/design_1.bd]
INFO: [xilinx.com:ip:clk_wiz:6.0-1] /clk_wiz_0 clk_wiz propagate
Wrote  : <C:\Users\Utilisateur\Documents\POEI\Projet_fin\Projet\src\Flux_VGA\Flux_VGA.srcs\sources_1\bd\design_1\design_1.bd> 
VHDL Output written to : c:/Users/Utilisateur/Documents/POEI/Projet_fin/Projet/src/Flux_VGA/Flux_VGA.gen/sources_1/bd/design_1/synth/design_1.vhd
VHDL Output written to : c:/Users/Utilisateur/Documents/POEI/Projet_fin/Projet/src/Flux_VGA/Flux_VGA.gen/sources_1/bd/design_1/sim/design_1.vhd
VHDL Output written to : c:/Users/Utilisateur/Documents/POEI/Projet_fin/Projet/src/Flux_VGA/Flux_VGA.gen/sources_1/bd/design_1/hdl/design_1_wrapper.vhd
INFO: [BD 41-1029] Generation completed for the IP Integrator block PMODVGA_0 .
Exporting to file c:/Users/Utilisateur/Documents/POEI/Projet_fin/Projet/src/Flux_VGA/Flux_VGA.gen/sources_1/bd/design_1/hw_handoff/design_1.hwh
Generated Block Design Tcl file c:/Users/Utilisateur/Documents/POEI/Projet_fin/Projet/src/Flux_VGA/Flux_VGA.gen/sources_1/bd/design_1/hw_handoff/design_1_bd.tcl
Generated Hardware Definition File c:/Users/Utilisateur/Documents/POEI/Projet_fin/Projet/src/Flux_VGA/Flux_VGA.gen/sources_1/bd/design_1/synth/design_1.hwdef
export_ip_user_files -of_objects [get_files C:/Users/Utilisateur/Documents/POEI/Projet_fin/Projet/src/Flux_VGA/Flux_VGA.srcs/sources_1/bd/design_1/design_1.bd] -no_script -sync -force -quiet
export_simulation -of_objects [get_files C:/Users/Utilisateur/Documents/POEI/Projet_fin/Projet/src/Flux_VGA/Flux_VGA.srcs/sources_1/bd/design_1/design_1.bd] -directory C:/Users/Utilisateur/Documents/POEI/Projet_fin/Projet/src/Flux_VGA/Flux_VGA.ip_user_files/sim_scripts -ip_user_files_dir C:/Users/Utilisateur/Documents/POEI/Projet_fin/Projet/src/Flux_VGA/Flux_VGA.ip_user_files -ipstatic_source_dir C:/Users/Utilisateur/Documents/POEI/Projet_fin/Projet/src/Flux_VGA/Flux_VGA.ip_user_files/ipstatic -lib_map_path [list {modelsim=C:/Users/Utilisateur/Documents/POEI/Projet_fin/Projet/src/Flux_VGA/Flux_VGA.cache/compile_simlib/modelsim} {questa=C:/Users/Utilisateur/Documents/POEI/Projet_fin/Projet/src/Flux_VGA/Flux_VGA.cache/compile_simlib/questa} {riviera=C:/Users/Utilisateur/Documents/POEI/Projet_fin/Projet/src/Flux_VGA/Flux_VGA.cache/compile_simlib/riviera} {activehdl=C:/Users/Utilisateur/Documents/POEI/Projet_fin/Projet/src/Flux_VGA/Flux_VGA.cache/compile_simlib/activehdl}] -use_ip_compiled_libs -force -quiet
reset_run synth_1
WARNING: [Vivado 12-1017] Problems encountered:
1. Failed to delete one or more files in run directory C:/Users/Utilisateur/Documents/POEI/Projet_fin/Projet/src/Flux_VGA/Flux_VGA.runs/synth_1

launch_runs impl_1 -to_step write_bitstream -jobs 4
[Tue Sep 29 16:20:45 2026] Launched synth_1...
Run output will be captured here: C:/Users/Utilisateur/Documents/POEI/Projet_fin/Projet/src/Flux_VGA/Flux_VGA.runs/synth_1/runme.log
[Tue Sep 29 16:20:46 2026] Launched impl_1...
Run output will be captured here: C:/Users/Utilisateur/Documents/POEI/Projet_fin/Projet/src/Flux_VGA/Flux_VGA.runs/impl_1/runme.log
set_property PROBES.FILE {} [get_hw_devices xc7z010_1]
set_property FULL_PROBES.FILE {} [get_hw_devices xc7z010_1]
set_property PROGRAM.FILE {C:/Users/Utilisateur/Documents/POEI/Projet_fin/Projet/src/Flux_VGA/Flux_VGA.runs/impl_1/design_1_wrapper.bit} [get_hw_devices xc7z010_1]
program_hw_devices [get_hw_devices xc7z010_1]
INFO: [Labtools 27-3164] End of startup status: HIGH
refresh_hw_device [lindex [get_hw_devices xc7z010_1] 0]
INFO: [Labtools 27-1434] Device xc7z010 (JTAG device index = 1) is programmed with a design that has no supported debug core(s) in it.
current_project PMODVGA_v1_0_project
ipx::merge_project_changes files [ipx::current_core]
WARNING: [IP_Flow 19-5226] Project source file 'c:/Users/Utilisateur/Documents/POEI/Projet_fin/Projet/IP/PMODVGA/PMODVGA_1.0/component.xml' ignored by IP packager.
ipx::merge_project_changes hdl_parameters [ipx::current_core]
WARNING: [IP_Flow 19-5226] Project source file 'c:/Users/Utilisateur/Documents/POEI/Projet_fin/Projet/IP/PMODVGA/PMODVGA_1.0/component.xml' ignored by IP packager.
set_property core_revision 15 [ipx::current_core]
ipx::create_xgui_files [ipx::current_core]
ipx::update_checksums [ipx::current_core]
ipx::check_integrity [ipx::current_core]
INFO: [IP_Flow 19-2181] Payment Required is not set for this core.
INFO: [IP_Flow 19-2187] The Product Guide file is missing.
INFO: [Ipptcl 7-1486] check_integrity: Integrity check passed.
ipx::save_core [ipx::current_core]
update_ip_catalog -rebuild -repo_path c:/Users/Utilisateur/Documents/POEI/Projet_fin/Projet/IP
INFO: [IP_Flow 19-725] Reloaded user IP repository 'c:/Users/Utilisateur/Documents/POEI/Projet_fin/Projet/IP'
current_project Flux_VGA
open_bd_design {C:/Users/Utilisateur/Documents/POEI/Projet_fin/Projet/src/Flux_VGA/Flux_VGA.srcs/sources_1/bd/design_1/design_1.bd}
update_ip_catalog -rebuild -scan_changes
INFO: [IP_Flow 19-234] Refreshing IP repositories
WARNING: [IP_Flow 19-3685] Ignored loading user repository 'c:/Users/Utilisateur/Documents/POEI/Projet_fin/Projet/IP/overlay/overlay_1.0'. The path is contained within another repository.
WARNING: [IP_Flow 19-3685] Ignored loading user repository 'c:/Users/Utilisateur/Documents/POEI/Projet_fin/Projet/IP/seuil/seuil_1.0'. The path is contained within another repository.
WARNING: [IP_Flow 19-3685] Ignored loading user repository 'c:/Users/Utilisateur/Documents/POEI/Projet_fin/Projet/IP/filtre_harris/filtre_harris_1.0'. The path is contained within another repository.
WARNING: [IP_Flow 19-3685] Ignored loading user repository 'c:/Users/Utilisateur/Documents/POEI/Projet_fin/Projet/IP/filtre_gaussien/filtre_gaussien_1.0'. The path is contained within another repository.
WARNING: [IP_Flow 19-3685] Ignored loading user repository 'c:/Users/Utilisateur/Documents/POEI/Projet_fin/Projet/IP/luminance/luminance_1.0'. The path is contained within another repository.
WARNING: [IP_Flow 19-3685] Ignored loading user repository 'c:/Users/Utilisateur/Documents/POEI/Projet_fin/Projet/IP/source_select/source_select_1.0'. The path is contained within another repository.
INFO: [IP_Flow 19-1700] Loaded user IP repository 'c:/Users/Utilisateur/Documents/POEI/Projet_fin/Projet/IP'.
report_ip_status -name ip_status
upgrade_ip -vlnv xilinx.com:user:PMODVGA:1.0 [get_ips  design_1_PMODVGA_0_2] -log ip_upgrade.log
Upgrading 'C:/Users/Utilisateur/Documents/POEI/Projet_fin/Projet/src/Flux_VGA/Flux_VGA.srcs/sources_1/bd/design_1/design_1.bd'
INFO: [IP_Flow 19-3422] Upgraded design_1_PMODVGA_0_2 (PMODVGA_v1.0 1.0) from revision 14 to revision 15
Wrote  : <C:\Users\Utilisateur\Documents\POEI\Projet_fin\Projet\src\Flux_VGA\Flux_VGA.srcs\sources_1\bd\design_1\design_1.bd> 
Wrote  : <C:/Users/Utilisateur/Documents/POEI/Projet_fin/Projet/src/Flux_VGA/Flux_VGA.srcs/sources_1/bd/design_1/ui/bd_1f5defd0.ui> 
INFO: [Coretcl 2-1525] Wrote upgrade log to 'C:/Users/Utilisateur/Documents/POEI/Projet_fin/Projet/src/Flux_VGA/ip_upgrade.log'.
export_ip_user_files -of_objects [get_ips design_1_PMODVGA_0_2] -no_script -sync -force -quiet
generate_target all [get_files  C:/Users/Utilisateur/Documents/POEI/Projet_fin/Projet/src/Flux_VGA/Flux_VGA.srcs/sources_1/bd/design_1/design_1.bd]
INFO: [xilinx.com:ip:clk_wiz:6.0-1] /clk_wiz_0 clk_wiz propagate
Wrote  : <C:\Users\Utilisateur\Documents\POEI\Projet_fin\Projet\src\Flux_VGA\Flux_VGA.srcs\sources_1\bd\design_1\design_1.bd> 
VHDL Output written to : c:/Users/Utilisateur/Documents/POEI/Projet_fin/Projet/src/Flux_VGA/Flux_VGA.gen/sources_1/bd/design_1/synth/design_1.vhd
VHDL Output written to : c:/Users/Utilisateur/Documents/POEI/Projet_fin/Projet/src/Flux_VGA/Flux_VGA.gen/sources_1/bd/design_1/sim/design_1.vhd
VHDL Output written to : c:/Users/Utilisateur/Documents/POEI/Projet_fin/Projet/src/Flux_VGA/Flux_VGA.gen/sources_1/bd/design_1/hdl/design_1_wrapper.vhd
INFO: [BD 41-1029] Generation completed for the IP Integrator block PMODVGA_0 .
Exporting to file c:/Users/Utilisateur/Documents/POEI/Projet_fin/Projet/src/Flux_VGA/Flux_VGA.gen/sources_1/bd/design_1/hw_handoff/design_1.hwh
Generated Block Design Tcl file c:/Users/Utilisateur/Documents/POEI/Projet_fin/Projet/src/Flux_VGA/Flux_VGA.gen/sources_1/bd/design_1/hw_handoff/design_1_bd.tcl
Generated Hardware Definition File c:/Users/Utilisateur/Documents/POEI/Projet_fin/Projet/src/Flux_VGA/Flux_VGA.gen/sources_1/bd/design_1/synth/design_1.hwdef
export_ip_user_files -of_objects [get_files C:/Users/Utilisateur/Documents/POEI/Projet_fin/Projet/src/Flux_VGA/Flux_VGA.srcs/sources_1/bd/design_1/design_1.bd] -no_script -sync -force -quiet
export_simulation -of_objects [get_files C:/Users/Utilisateur/Documents/POEI/Projet_fin/Projet/src/Flux_VGA/Flux_VGA.srcs/sources_1/bd/design_1/design_1.bd] -directory C:/Users/Utilisateur/Documents/POEI/Projet_fin/Projet/src/Flux_VGA/Flux_VGA.ip_user_files/sim_scripts -ip_user_files_dir C:/Users/Utilisateur/Documents/POEI/Projet_fin/Projet/src/Flux_VGA/Flux_VGA.ip_user_files -ipstatic_source_dir C:/Users/Utilisateur/Documents/POEI/Projet_fin/Projet/src/Flux_VGA/Flux_VGA.ip_user_files/ipstatic -lib_map_path [list {modelsim=C:/Users/Utilisateur/Documents/POEI/Projet_fin/Projet/src/Flux_VGA/Flux_VGA.cache/compile_simlib/modelsim} {questa=C:/Users/Utilisateur/Documents/POEI/Projet_fin/Projet/src/Flux_VGA/Flux_VGA.cache/compile_simlib/questa} {riviera=C:/Users/Utilisateur/Documents/POEI/Projet_fin/Projet/src/Flux_VGA/Flux_VGA.cache/compile_simlib/riviera} {activehdl=C:/Users/Utilisateur/Documents/POEI/Projet_fin/Projet/src/Flux_VGA/Flux_VGA.cache/compile_simlib/activehdl}] -use_ip_compiled_libs -force -quiet
reset_run synth_1
WARNING: [Vivado 12-1017] Problems encountered:
1. Failed to delete one or more files in run directory C:/Users/Utilisateur/Documents/POEI/Projet_fin/Projet/src/Flux_VGA/Flux_VGA.runs/synth_1

launch_runs impl_1 -to_step write_bitstream -jobs 4
[Tue Sep 29 16:32:35 2026] Launched synth_1...
Run output will be captured here: C:/Users/Utilisateur/Documents/POEI/Projet_fin/Projet/src/Flux_VGA/Flux_VGA.runs/synth_1/runme.log
[Tue Sep 29 16:32:35 2026] Launched impl_1...
Run output will be captured here: C:/Users/Utilisateur/Documents/POEI/Projet_fin/Projet/src/Flux_VGA/Flux_VGA.runs/impl_1/runme.log
set_property PROBES.FILE {} [get_hw_devices xc7z010_1]
set_property FULL_PROBES.FILE {} [get_hw_devices xc7z010_1]
set_property PROGRAM.FILE {C:/Users/Utilisateur/Documents/POEI/Projet_fin/Projet/src/Flux_VGA/Flux_VGA.runs/impl_1/design_1_wrapper.bit} [get_hw_devices xc7z010_1]
program_hw_devices [get_hw_devices xc7z010_1]
INFO: [Labtools 27-3164] End of startup status: HIGH
refresh_hw_device [lindex [get_hw_devices xc7z010_1] 0]
INFO: [Labtools 27-1434] Device xc7z010 (JTAG device index = 1) is programmed with a design that has no supported debug core(s) in it.
current_project PMODVGA_v1_0_project
ipx::merge_project_changes hdl_parameters [ipx::current_core]
WARNING: [IP_Flow 19-5226] Project source file 'c:/Users/Utilisateur/Documents/POEI/Projet_fin/Projet/IP/PMODVGA/PMODVGA_1.0/component.xml' ignored by IP packager.
set_property core_revision 16 [ipx::current_core]
ipx::create_xgui_files [ipx::current_core]
ipx::update_checksums [ipx::current_core]
ipx::check_integrity [ipx::current_core]
INFO: [IP_Flow 19-2181] Payment Required is not set for this core.
INFO: [IP_Flow 19-2187] The Product Guide file is missing.
INFO: [Ipptcl 7-1486] check_integrity: Integrity check passed.
ipx::save_core [ipx::current_core]
update_ip_catalog -rebuild -repo_path c:/Users/Utilisateur/Documents/POEI/Projet_fin/Projet/IP
INFO: [IP_Flow 19-725] Reloaded user IP repository 'c:/Users/Utilisateur/Documents/POEI/Projet_fin/Projet/IP'
current_project Flux_VGA
open_bd_design {C:/Users/Utilisateur/Documents/POEI/Projet_fin/Projet/src/Flux_VGA/Flux_VGA.srcs/sources_1/bd/design_1/design_1.bd}
update_ip_catalog -rebuild -scan_changes
INFO: [IP_Flow 19-234] Refreshing IP repositories
WARNING: [IP_Flow 19-3685] Ignored loading user repository 'c:/Users/Utilisateur/Documents/POEI/Projet_fin/Projet/IP/overlay/overlay_1.0'. The path is contained within another repository.
WARNING: [IP_Flow 19-3685] Ignored loading user repository 'c:/Users/Utilisateur/Documents/POEI/Projet_fin/Projet/IP/seuil/seuil_1.0'. The path is contained within another repository.
WARNING: [IP_Flow 19-3685] Ignored loading user repository 'c:/Users/Utilisateur/Documents/POEI/Projet_fin/Projet/IP/filtre_harris/filtre_harris_1.0'. The path is contained within another repository.
WARNING: [IP_Flow 19-3685] Ignored loading user repository 'c:/Users/Utilisateur/Documents/POEI/Projet_fin/Projet/IP/filtre_gaussien/filtre_gaussien_1.0'. The path is contained within another repository.
WARNING: [IP_Flow 19-3685] Ignored loading user repository 'c:/Users/Utilisateur/Documents/POEI/Projet_fin/Projet/IP/luminance/luminance_1.0'. The path is contained within another repository.
WARNING: [IP_Flow 19-3685] Ignored loading user repository 'c:/Users/Utilisateur/Documents/POEI/Projet_fin/Projet/IP/source_select/source_select_1.0'. The path is contained within another repository.
INFO: [IP_Flow 19-1700] Loaded user IP repository 'c:/Users/Utilisateur/Documents/POEI/Projet_fin/Projet/IP'.
report_ip_status -name ip_status
upgrade_ip -vlnv xilinx.com:user:PMODVGA:1.0 [get_ips  design_1_PMODVGA_0_2] -log ip_upgrade.log
Upgrading 'C:/Users/Utilisateur/Documents/POEI/Projet_fin/Projet/src/Flux_VGA/Flux_VGA.srcs/sources_1/bd/design_1/design_1.bd'
INFO: [IP_Flow 19-3422] Upgraded design_1_PMODVGA_0_2 (PMODVGA_v1.0 1.0) from revision 15 to revision 16
Wrote  : <C:\Users\Utilisateur\Documents\POEI\Projet_fin\Projet\src\Flux_VGA\Flux_VGA.srcs\sources_1\bd\design_1\design_1.bd> 
Wrote  : <C:/Users/Utilisateur/Documents/POEI/Projet_fin/Projet/src/Flux_VGA/Flux_VGA.srcs/sources_1/bd/design_1/ui/bd_1f5defd0.ui> 
INFO: [Coretcl 2-1525] Wrote upgrade log to 'C:/Users/Utilisateur/Documents/POEI/Projet_fin/Projet/src/Flux_VGA/ip_upgrade.log'.
export_ip_user_files -of_objects [get_ips design_1_PMODVGA_0_2] -no_script -sync -force -quiet
generate_target all [get_files  C:/Users/Utilisateur/Documents/POEI/Projet_fin/Projet/src/Flux_VGA/Flux_VGA.srcs/sources_1/bd/design_1/design_1.bd]
INFO: [xilinx.com:ip:clk_wiz:6.0-1] /clk_wiz_0 clk_wiz propagate
Wrote  : <C:\Users\Utilisateur\Documents\POEI\Projet_fin\Projet\src\Flux_VGA\Flux_VGA.srcs\sources_1\bd\design_1\design_1.bd> 
VHDL Output written to : c:/Users/Utilisateur/Documents/POEI/Projet_fin/Projet/src/Flux_VGA/Flux_VGA.gen/sources_1/bd/design_1/synth/design_1.vhd
VHDL Output written to : c:/Users/Utilisateur/Documents/POEI/Projet_fin/Projet/src/Flux_VGA/Flux_VGA.gen/sources_1/bd/design_1/sim/design_1.vhd
VHDL Output written to : c:/Users/Utilisateur/Documents/POEI/Projet_fin/Projet/src/Flux_VGA/Flux_VGA.gen/sources_1/bd/design_1/hdl/design_1_wrapper.vhd
INFO: [BD 41-1029] Generation completed for the IP Integrator block PMODVGA_0 .
Exporting to file c:/Users/Utilisateur/Documents/POEI/Projet_fin/Projet/src/Flux_VGA/Flux_VGA.gen/sources_1/bd/design_1/hw_handoff/design_1.hwh
Generated Block Design Tcl file c:/Users/Utilisateur/Documents/POEI/Projet_fin/Projet/src/Flux_VGA/Flux_VGA.gen/sources_1/bd/design_1/hw_handoff/design_1_bd.tcl
Generated Hardware Definition File c:/Users/Utilisateur/Documents/POEI/Projet_fin/Projet/src/Flux_VGA/Flux_VGA.gen/sources_1/bd/design_1/synth/design_1.hwdef
export_ip_user_files -of_objects [get_files C:/Users/Utilisateur/Documents/POEI/Projet_fin/Projet/src/Flux_VGA/Flux_VGA.srcs/sources_1/bd/design_1/design_1.bd] -no_script -sync -force -quiet
export_simulation -of_objects [get_files C:/Users/Utilisateur/Documents/POEI/Projet_fin/Projet/src/Flux_VGA/Flux_VGA.srcs/sources_1/bd/design_1/design_1.bd] -directory C:/Users/Utilisateur/Documents/POEI/Projet_fin/Projet/src/Flux_VGA/Flux_VGA.ip_user_files/sim_scripts -ip_user_files_dir C:/Users/Utilisateur/Documents/POEI/Projet_fin/Projet/src/Flux_VGA/Flux_VGA.ip_user_files -ipstatic_source_dir C:/Users/Utilisateur/Documents/POEI/Projet_fin/Projet/src/Flux_VGA/Flux_VGA.ip_user_files/ipstatic -lib_map_path [list {modelsim=C:/Users/Utilisateur/Documents/POEI/Projet_fin/Projet/src/Flux_VGA/Flux_VGA.cache/compile_simlib/modelsim} {questa=C:/Users/Utilisateur/Documents/POEI/Projet_fin/Projet/src/Flux_VGA/Flux_VGA.cache/compile_simlib/questa} {riviera=C:/Users/Utilisateur/Documents/POEI/Projet_fin/Projet/src/Flux_VGA/Flux_VGA.cache/compile_simlib/riviera} {activehdl=C:/Users/Utilisateur/Documents/POEI/Projet_fin/Projet/src/Flux_VGA/Flux_VGA.cache/compile_simlib/activehdl}] -use_ip_compiled_libs -force -quiet
reset_run synth_1
WARNING: [Vivado 12-1017] Problems encountered:
1. Failed to delete one or more files in run directory C:/Users/Utilisateur/Documents/POEI/Projet_fin/Projet/src/Flux_VGA/Flux_VGA.runs/synth_1

launch_runs impl_1 -to_step write_bitstream -jobs 4
[Tue Sep 29 16:37:05 2026] Launched synth_1...
Run output will be captured here: C:/Users/Utilisateur/Documents/POEI/Projet_fin/Projet/src/Flux_VGA/Flux_VGA.runs/synth_1/runme.log
[Tue Sep 29 16:37:05 2026] Launched impl_1...
Run output will be captured here: C:/Users/Utilisateur/Documents/POEI/Projet_fin/Projet/src/Flux_VGA/Flux_VGA.runs/impl_1/runme.log
set_property PROBES.FILE {} [get_hw_devices xc7z010_1]
set_property FULL_PROBES.FILE {} [get_hw_devices xc7z010_1]
set_property PROGRAM.FILE {C:/Users/Utilisateur/Documents/POEI/Projet_fin/Projet/src/Flux_VGA/Flux_VGA.runs/impl_1/design_1_wrapper.bit} [get_hw_devices xc7z010_1]
program_hw_devices [get_hw_devices xc7z010_1]
INFO: [Labtools 27-3164] End of startup status: HIGH
refresh_hw_device [lindex [get_hw_devices xc7z010_1] 0]
INFO: [Labtools 27-1434] Device xc7z010 (JTAG device index = 1) is programmed with a design that has no supported debug core(s) in it.
current_project PMODVGA_v1_0_project
ipx::merge_project_changes hdl_parameters [ipx::current_core]
WARNING: [IP_Flow 19-5226] Project source file 'c:/Users/Utilisateur/Documents/POEI/Projet_fin/Projet/IP/PMODVGA/PMODVGA_1.0/component.xml' ignored by IP packager.
set_property core_revision 17 [ipx::current_core]
ipx::create_xgui_files [ipx::current_core]
ipx::update_checksums [ipx::current_core]
ipx::check_integrity [ipx::current_core]
INFO: [IP_Flow 19-2181] Payment Required is not set for this core.
INFO: [IP_Flow 19-2187] The Product Guide file is missing.
INFO: [Ipptcl 7-1486] check_integrity: Integrity check passed.
ipx::save_core [ipx::current_core]
update_ip_catalog -rebuild -repo_path c:/Users/Utilisateur/Documents/POEI/Projet_fin/Projet/IP
INFO: [IP_Flow 19-725] Reloaded user IP repository 'c:/Users/Utilisateur/Documents/POEI/Projet_fin/Projet/IP'
current_project Flux_VGA
open_bd_design {C:/Users/Utilisateur/Documents/POEI/Projet_fin/Projet/src/Flux_VGA/Flux_VGA.srcs/sources_1/bd/design_1/design_1.bd}
update_ip_catalog -rebuild -scan_changes
INFO: [IP_Flow 19-234] Refreshing IP repositories
WARNING: [IP_Flow 19-3685] Ignored loading user repository 'c:/Users/Utilisateur/Documents/POEI/Projet_fin/Projet/IP/overlay/overlay_1.0'. The path is contained within another repository.
WARNING: [IP_Flow 19-3685] Ignored loading user repository 'c:/Users/Utilisateur/Documents/POEI/Projet_fin/Projet/IP/seuil/seuil_1.0'. The path is contained within another repository.
WARNING: [IP_Flow 19-3685] Ignored loading user repository 'c:/Users/Utilisateur/Documents/POEI/Projet_fin/Projet/IP/filtre_harris/filtre_harris_1.0'. The path is contained within another repository.
WARNING: [IP_Flow 19-3685] Ignored loading user repository 'c:/Users/Utilisateur/Documents/POEI/Projet_fin/Projet/IP/filtre_gaussien/filtre_gaussien_1.0'. The path is contained within another repository.
WARNING: [IP_Flow 19-3685] Ignored loading user repository 'c:/Users/Utilisateur/Documents/POEI/Projet_fin/Projet/IP/luminance/luminance_1.0'. The path is contained within another repository.
WARNING: [IP_Flow 19-3685] Ignored loading user repository 'c:/Users/Utilisateur/Documents/POEI/Projet_fin/Projet/IP/source_select/source_select_1.0'. The path is contained within another repository.
INFO: [IP_Flow 19-1700] Loaded user IP repository 'c:/Users/Utilisateur/Documents/POEI/Projet_fin/Projet/IP'.
report_ip_status -name ip_status
upgrade_ip -vlnv xilinx.com:user:PMODVGA:1.0 [get_ips  design_1_PMODVGA_0_2] -log ip_upgrade.log
Upgrading 'C:/Users/Utilisateur/Documents/POEI/Projet_fin/Projet/src/Flux_VGA/Flux_VGA.srcs/sources_1/bd/design_1/design_1.bd'
INFO: [IP_Flow 19-3422] Upgraded design_1_PMODVGA_0_2 (PMODVGA_v1.0 1.0) from revision 16 to revision 17
Wrote  : <C:\Users\Utilisateur\Documents\POEI\Projet_fin\Projet\src\Flux_VGA\Flux_VGA.srcs\sources_1\bd\design_1\design_1.bd> 
INFO: [Coretcl 2-1525] Wrote upgrade log to 'C:/Users/Utilisateur/Documents/POEI/Projet_fin/Projet/src/Flux_VGA/ip_upgrade.log'.
export_ip_user_files -of_objects [get_ips design_1_PMODVGA_0_2] -no_script -sync -force -quiet
generate_target all [get_files  C:/Users/Utilisateur/Documents/POEI/Projet_fin/Projet/src/Flux_VGA/Flux_VGA.srcs/sources_1/bd/design_1/design_1.bd]
INFO: [xilinx.com:ip:clk_wiz:6.0-1] /clk_wiz_0 clk_wiz propagate
Wrote  : <C:\Users\Utilisateur\Documents\POEI\Projet_fin\Projet\src\Flux_VGA\Flux_VGA.srcs\sources_1\bd\design_1\design_1.bd> 
VHDL Output written to : c:/Users/Utilisateur/Documents/POEI/Projet_fin/Projet/src/Flux_VGA/Flux_VGA.gen/sources_1/bd/design_1/synth/design_1.vhd
VHDL Output written to : c:/Users/Utilisateur/Documents/POEI/Projet_fin/Projet/src/Flux_VGA/Flux_VGA.gen/sources_1/bd/design_1/sim/design_1.vhd
VHDL Output written to : c:/Users/Utilisateur/Documents/POEI/Projet_fin/Projet/src/Flux_VGA/Flux_VGA.gen/sources_1/bd/design_1/hdl/design_1_wrapper.vhd
INFO: [BD 41-1029] Generation completed for the IP Integrator block PMODVGA_0 .
Exporting to file c:/Users/Utilisateur/Documents/POEI/Projet_fin/Projet/src/Flux_VGA/Flux_VGA.gen/sources_1/bd/design_1/hw_handoff/design_1.hwh
Generated Block Design Tcl file c:/Users/Utilisateur/Documents/POEI/Projet_fin/Projet/src/Flux_VGA/Flux_VGA.gen/sources_1/bd/design_1/hw_handoff/design_1_bd.tcl
Generated Hardware Definition File c:/Users/Utilisateur/Documents/POEI/Projet_fin/Projet/src/Flux_VGA/Flux_VGA.gen/sources_1/bd/design_1/synth/design_1.hwdef
export_ip_user_files -of_objects [get_files C:/Users/Utilisateur/Documents/POEI/Projet_fin/Projet/src/Flux_VGA/Flux_VGA.srcs/sources_1/bd/design_1/design_1.bd] -no_script -sync -force -quiet
export_simulation -of_objects [get_files C:/Users/Utilisateur/Documents/POEI/Projet_fin/Projet/src/Flux_VGA/Flux_VGA.srcs/sources_1/bd/design_1/design_1.bd] -directory C:/Users/Utilisateur/Documents/POEI/Projet_fin/Projet/src/Flux_VGA/Flux_VGA.ip_user_files/sim_scripts -ip_user_files_dir C:/Users/Utilisateur/Documents/POEI/Projet_fin/Projet/src/Flux_VGA/Flux_VGA.ip_user_files -ipstatic_source_dir C:/Users/Utilisateur/Documents/POEI/Projet_fin/Projet/src/Flux_VGA/Flux_VGA.ip_user_files/ipstatic -lib_map_path [list {modelsim=C:/Users/Utilisateur/Documents/POEI/Projet_fin/Projet/src/Flux_VGA/Flux_VGA.cache/compile_simlib/modelsim} {questa=C:/Users/Utilisateur/Documents/POEI/Projet_fin/Projet/src/Flux_VGA/Flux_VGA.cache/compile_simlib/questa} {riviera=C:/Users/Utilisateur/Documents/POEI/Projet_fin/Projet/src/Flux_VGA/Flux_VGA.cache/compile_simlib/riviera} {activehdl=C:/Users/Utilisateur/Documents/POEI/Projet_fin/Projet/src/Flux_VGA/Flux_VGA.cache/compile_simlib/activehdl}] -use_ip_compiled_libs -force -quiet
report_ip_status -name ip_status 
reset_run synth_1
WARNING: [Vivado 12-1017] Problems encountered:
1. Failed to delete one or more files in run directory C:/Users/Utilisateur/Documents/POEI/Projet_fin/Projet/src/Flux_VGA/Flux_VGA.runs/synth_1

launch_runs impl_1 -to_step write_bitstream -jobs 4
[Tue Sep 29 16:40:13 2026] Launched synth_1...
Run output will be captured here: C:/Users/Utilisateur/Documents/POEI/Projet_fin/Projet/src/Flux_VGA/Flux_VGA.runs/synth_1/runme.log
[Tue Sep 29 16:40:13 2026] Launched impl_1...
Run output will be captured here: C:/Users/Utilisateur/Documents/POEI/Projet_fin/Projet/src/Flux_VGA/Flux_VGA.runs/impl_1/runme.log
set_property PROBES.FILE {} [get_hw_devices xc7z010_1]
set_property FULL_PROBES.FILE {} [get_hw_devices xc7z010_1]
set_property PROGRAM.FILE {C:/Users/Utilisateur/Documents/POEI/Projet_fin/Projet/src/Flux_VGA/Flux_VGA.runs/impl_1/design_1_wrapper.bit} [get_hw_devices xc7z010_1]
program_hw_devices [get_hw_devices xc7z010_1]
INFO: [Labtools 27-3164] End of startup status: HIGH
refresh_hw_device [lindex [get_hw_devices xc7z010_1] 0]
INFO: [Labtools 27-1434] Device xc7z010 (JTAG device index = 1) is programmed with a design that has no supported debug core(s) in it.
current_project TGP_v1_0_project
ipx::merge_project_changes files [ipx::current_core]
WARNING: [IP_Flow 19-5226] Project source file 'c:/Users/Utilisateur/Documents/POEI/Projet_fin/Projet/IP/TGP/TGP_1.0/component.xml' ignored by IP packager.
ipx::merge_project_changes hdl_parameters [ipx::current_core]
WARNING: [IP_Flow 19-5226] Project source file 'c:/Users/Utilisateur/Documents/POEI/Projet_fin/Projet/IP/TGP/TGP_1.0/component.xml' ignored by IP packager.
set_property core_revision 6 [ipx::current_core]
ipx::update_source_project_archive -component [ipx::current_core]
ipx::create_xgui_files [ipx::current_core]
ipx::update_checksums [ipx::current_core]
ipx::check_integrity [ipx::current_core]
INFO: [IP_Flow 19-2181] Payment Required is not set for this core.
INFO: [IP_Flow 19-2187] The Product Guide file is missing.
INFO: [Ipptcl 7-1486] check_integrity: Integrity check passed.
ipx::save_core [ipx::current_core]
current_project Flux_VGA
open_bd_design {C:/Users/Utilisateur/Documents/POEI/Projet_fin/Projet/src/Flux_VGA/Flux_VGA.srcs/sources_1/bd/design_1/design_1.bd}
update_ip_catalog -rebuild -scan_changes
INFO: [IP_Flow 19-234] Refreshing IP repositories
WARNING: [IP_Flow 19-3685] Ignored loading user repository 'c:/Users/Utilisateur/Documents/POEI/Projet_fin/Projet/IP/overlay/overlay_1.0'. The path is contained within another repository.
WARNING: [IP_Flow 19-3685] Ignored loading user repository 'c:/Users/Utilisateur/Documents/POEI/Projet_fin/Projet/IP/seuil/seuil_1.0'. The path is contained within another repository.
WARNING: [IP_Flow 19-3685] Ignored loading user repository 'c:/Users/Utilisateur/Documents/POEI/Projet_fin/Projet/IP/filtre_harris/filtre_harris_1.0'. The path is contained within another repository.
WARNING: [IP_Flow 19-3685] Ignored loading user repository 'c:/Users/Utilisateur/Documents/POEI/Projet_fin/Projet/IP/filtre_gaussien/filtre_gaussien_1.0'. The path is contained within another repository.
WARNING: [IP_Flow 19-3685] Ignored loading user repository 'c:/Users/Utilisateur/Documents/POEI/Projet_fin/Projet/IP/luminance/luminance_1.0'. The path is contained within another repository.
WARNING: [IP_Flow 19-3685] Ignored loading user repository 'c:/Users/Utilisateur/Documents/POEI/Projet_fin/Projet/IP/source_select/source_select_1.0'. The path is contained within another repository.
INFO: [IP_Flow 19-1700] Loaded user IP repository 'c:/Users/Utilisateur/Documents/POEI/Projet_fin/Projet/IP'.
report_ip_status -name ip_status
upgrade_ip -vlnv xilinx.com:user:TGP:1.0 [get_ips  design_1_TGP_1_0] -log ip_upgrade.log
Upgrading 'C:/Users/Utilisateur/Documents/POEI/Projet_fin/Projet/src/Flux_VGA/Flux_VGA.srcs/sources_1/bd/design_1/design_1.bd'
INFO: [IP_Flow 19-3422] Upgraded design_1_TGP_1_0 (TGP_v1.0 1.0) from revision 5 to revision 6
Wrote  : <C:\Users\Utilisateur\Documents\POEI\Projet_fin\Projet\src\Flux_VGA\Flux_VGA.srcs\sources_1\bd\design_1\design_1.bd> 
Wrote  : <C:/Users/Utilisateur/Documents/POEI/Projet_fin/Projet/src/Flux_VGA/Flux_VGA.srcs/sources_1/bd/design_1/ui/bd_1f5defd0.ui> 
INFO: [Coretcl 2-1525] Wrote upgrade log to 'C:/Users/Utilisateur/Documents/POEI/Projet_fin/Projet/src/Flux_VGA/ip_upgrade.log'.
export_ip_user_files -of_objects [get_ips design_1_TGP_1_0] -no_script -sync -force -quiet
generate_target all [get_files  C:/Users/Utilisateur/Documents/POEI/Projet_fin/Projet/src/Flux_VGA/Flux_VGA.srcs/sources_1/bd/design_1/design_1.bd]
INFO: [xilinx.com:ip:clk_wiz:6.0-1] /clk_wiz_0 clk_wiz propagate
Wrote  : <C:\Users\Utilisateur\Documents\POEI\Projet_fin\Projet\src\Flux_VGA\Flux_VGA.srcs\sources_1\bd\design_1\design_1.bd> 
VHDL Output written to : c:/Users/Utilisateur/Documents/POEI/Projet_fin/Projet/src/Flux_VGA/Flux_VGA.gen/sources_1/bd/design_1/synth/design_1.vhd
VHDL Output written to : c:/Users/Utilisateur/Documents/POEI/Projet_fin/Projet/src/Flux_VGA/Flux_VGA.gen/sources_1/bd/design_1/sim/design_1.vhd
VHDL Output written to : c:/Users/Utilisateur/Documents/POEI/Projet_fin/Projet/src/Flux_VGA/Flux_VGA.gen/sources_1/bd/design_1/hdl/design_1_wrapper.vhd
INFO: [BD 41-1029] Generation completed for the IP Integrator block TGP_1 .
Exporting to file c:/Users/Utilisateur/Documents/POEI/Projet_fin/Projet/src/Flux_VGA/Flux_VGA.gen/sources_1/bd/design_1/hw_handoff/design_1.hwh
Generated Block Design Tcl file c:/Users/Utilisateur/Documents/POEI/Projet_fin/Projet/src/Flux_VGA/Flux_VGA.gen/sources_1/bd/design_1/hw_handoff/design_1_bd.tcl
Generated Hardware Definition File c:/Users/Utilisateur/Documents/POEI/Projet_fin/Projet/src/Flux_VGA/Flux_VGA.gen/sources_1/bd/design_1/synth/design_1.hwdef
export_ip_user_files -of_objects [get_files C:/Users/Utilisateur/Documents/POEI/Projet_fin/Projet/src/Flux_VGA/Flux_VGA.srcs/sources_1/bd/design_1/design_1.bd] -no_script -sync -force -quiet
export_simulation -of_objects [get_files C:/Users/Utilisateur/Documents/POEI/Projet_fin/Projet/src/Flux_VGA/Flux_VGA.srcs/sources_1/bd/design_1/design_1.bd] -directory C:/Users/Utilisateur/Documents/POEI/Projet_fin/Projet/src/Flux_VGA/Flux_VGA.ip_user_files/sim_scripts -ip_user_files_dir C:/Users/Utilisateur/Documents/POEI/Projet_fin/Projet/src/Flux_VGA/Flux_VGA.ip_user_files -ipstatic_source_dir C:/Users/Utilisateur/Documents/POEI/Projet_fin/Projet/src/Flux_VGA/Flux_VGA.ip_user_files/ipstatic -lib_map_path [list {modelsim=C:/Users/Utilisateur/Documents/POEI/Projet_fin/Projet/src/Flux_VGA/Flux_VGA.cache/compile_simlib/modelsim} {questa=C:/Users/Utilisateur/Documents/POEI/Projet_fin/Projet/src/Flux_VGA/Flux_VGA.cache/compile_simlib/questa} {riviera=C:/Users/Utilisateur/Documents/POEI/Projet_fin/Projet/src/Flux_VGA/Flux_VGA.cache/compile_simlib/riviera} {activehdl=C:/Users/Utilisateur/Documents/POEI/Projet_fin/Projet/src/Flux_VGA/Flux_VGA.cache/compile_simlib/activehdl}] -use_ip_compiled_libs -force -quiet
reset_run synth_1
WARNING: [Vivado 12-1017] Problems encountered:
1. Failed to delete one or more files in run directory C:/Users/Utilisateur/Documents/POEI/Projet_fin/Projet/src/Flux_VGA/Flux_VGA.runs/synth_1

launch_runs impl_1 -to_step write_bitstream -jobs 4
[Tue Sep 29 16:50:27 2026] Launched synth_1...
Run output will be captured here: C:/Users/Utilisateur/Documents/POEI/Projet_fin/Projet/src/Flux_VGA/Flux_VGA.runs/synth_1/runme.log
[Tue Sep 29 16:50:27 2026] Launched impl_1...
Run output will be captured here: C:/Users/Utilisateur/Documents/POEI/Projet_fin/Projet/src/Flux_VGA/Flux_VGA.runs/impl_1/runme.log
set_property PROBES.FILE {} [get_hw_devices xc7z010_1]
set_property FULL_PROBES.FILE {} [get_hw_devices xc7z010_1]
set_property PROGRAM.FILE {C:/Users/Utilisateur/Documents/POEI/Projet_fin/Projet/src/Flux_VGA/Flux_VGA.runs/impl_1/design_1_wrapper.bit} [get_hw_devices xc7z010_1]
program_hw_devices [get_hw_devices xc7z010_1]
INFO: [Labtools 27-3164] End of startup status: HIGH
refresh_hw_device [lindex [get_hw_devices xc7z010_1] 0]
INFO: [Labtools 27-1434] Device xc7z010 (JTAG device index = 1) is programmed with a design that has no supported debug core(s) in it.
current_project PMODVGA_v1_0_project
ipx::merge_project_changes hdl_parameters [ipx::current_core]
WARNING: [IP_Flow 19-5226] Project source file 'c:/Users/Utilisateur/Documents/POEI/Projet_fin/Projet/IP/PMODVGA/PMODVGA_1.0/component.xml' ignored by IP packager.
set_property core_revision 18 [ipx::current_core]
ipx::create_xgui_files [ipx::current_core]
ipx::update_checksums [ipx::current_core]
ipx::check_integrity [ipx::current_core]
INFO: [IP_Flow 19-2181] Payment Required is not set for this core.
INFO: [IP_Flow 19-2187] The Product Guide file is missing.
INFO: [Ipptcl 7-1486] check_integrity: Integrity check passed.
ipx::save_core [ipx::current_core]
update_ip_catalog -rebuild -repo_path c:/Users/Utilisateur/Documents/POEI/Projet_fin/Projet/IP
INFO: [IP_Flow 19-725] Reloaded user IP repository 'c:/Users/Utilisateur/Documents/POEI/Projet_fin/Projet/IP'
current_project TGP_v1_0_project
ipx::merge_project_changes hdl_parameters [ipx::current_core]
WARNING: [IP_Flow 19-5226] Project source file 'c:/Users/Utilisateur/Documents/POEI/Projet_fin/Projet/IP/TGP/TGP_1.0/component.xml' ignored by IP packager.
set_property core_revision 7 [ipx::current_core]
ipx::update_source_project_archive -component [ipx::current_core]
ipx::create_xgui_files [ipx::current_core]
ipx::update_checksums [ipx::current_core]
ipx::check_integrity [ipx::current_core]
INFO: [IP_Flow 19-2181] Payment Required is not set for this core.
INFO: [IP_Flow 19-2187] The Product Guide file is missing.
INFO: [Ipptcl 7-1486] check_integrity: Integrity check passed.
ipx::save_core [ipx::current_core]
current_project Flux_VGA
open_bd_design {C:/Users/Utilisateur/Documents/POEI/Projet_fin/Projet/src/Flux_VGA/Flux_VGA.srcs/sources_1/bd/design_1/design_1.bd}
update_ip_catalog -rebuild -scan_changes
INFO: [IP_Flow 19-234] Refreshing IP repositories
WARNING: [IP_Flow 19-3685] Ignored loading user repository 'c:/Users/Utilisateur/Documents/POEI/Projet_fin/Projet/IP/overlay/overlay_1.0'. The path is contained within another repository.
WARNING: [IP_Flow 19-3685] Ignored loading user repository 'c:/Users/Utilisateur/Documents/POEI/Projet_fin/Projet/IP/seuil/seuil_1.0'. The path is contained within another repository.
WARNING: [IP_Flow 19-3685] Ignored loading user repository 'c:/Users/Utilisateur/Documents/POEI/Projet_fin/Projet/IP/filtre_harris/filtre_harris_1.0'. The path is contained within another repository.
WARNING: [IP_Flow 19-3685] Ignored loading user repository 'c:/Users/Utilisateur/Documents/POEI/Projet_fin/Projet/IP/filtre_gaussien/filtre_gaussien_1.0'. The path is contained within another repository.
WARNING: [IP_Flow 19-3685] Ignored loading user repository 'c:/Users/Utilisateur/Documents/POEI/Projet_fin/Projet/IP/luminance/luminance_1.0'. The path is contained within another repository.
WARNING: [IP_Flow 19-3685] Ignored loading user repository 'c:/Users/Utilisateur/Documents/POEI/Projet_fin/Projet/IP/source_select/source_select_1.0'. The path is contained within another repository.
INFO: [IP_Flow 19-1700] Loaded user IP repository 'c:/Users/Utilisateur/Documents/POEI/Projet_fin/Projet/IP'.
report_ip_status -name ip_status
upgrade_ip [get_ips  {design_1_PMODVGA_0_2 design_1_TGP_1_0}] -log ip_upgrade.log
Upgrading 'C:/Users/Utilisateur/Documents/POEI/Projet_fin/Projet/src/Flux_VGA/Flux_VGA.srcs/sources_1/bd/design_1/design_1.bd'
INFO: [IP_Flow 19-3422] Upgraded design_1_PMODVGA_0_2 (PMODVGA_v1.0 1.0) from revision 17 to revision 18
INFO: [IP_Flow 19-3422] Upgraded design_1_TGP_1_0 (TGP_v1.0 1.0) from revision 6 to revision 7
Wrote  : <C:\Users\Utilisateur\Documents\POEI\Projet_fin\Projet\src\Flux_VGA\Flux_VGA.srcs\sources_1\bd\design_1\design_1.bd> 
INFO: [Coretcl 2-1525] Wrote upgrade log to 'C:/Users/Utilisateur/Documents/POEI/Projet_fin/Projet/src/Flux_VGA/ip_upgrade.log'.
export_ip_user_files -of_objects [get_ips {design_1_PMODVGA_0_2 design_1_TGP_1_0}] -no_script -sync -force -quiet
generate_target all [get_files  C:/Users/Utilisateur/Documents/POEI/Projet_fin/Projet/src/Flux_VGA/Flux_VGA.srcs/sources_1/bd/design_1/design_1.bd]
INFO: [xilinx.com:ip:clk_wiz:6.0-1] /clk_wiz_0 clk_wiz propagate
Wrote  : <C:\Users\Utilisateur\Documents\POEI\Projet_fin\Projet\src\Flux_VGA\Flux_VGA.srcs\sources_1\bd\design_1\design_1.bd> 
VHDL Output written to : c:/Users/Utilisateur/Documents/POEI/Projet_fin/Projet/src/Flux_VGA/Flux_VGA.gen/sources_1/bd/design_1/synth/design_1.vhd
VHDL Output written to : c:/Users/Utilisateur/Documents/POEI/Projet_fin/Projet/src/Flux_VGA/Flux_VGA.gen/sources_1/bd/design_1/sim/design_1.vhd
VHDL Output written to : c:/Users/Utilisateur/Documents/POEI/Projet_fin/Projet/src/Flux_VGA/Flux_VGA.gen/sources_1/bd/design_1/hdl/design_1_wrapper.vhd
INFO: [BD 41-1029] Generation completed for the IP Integrator block PMODVGA_0 .
INFO: [BD 41-1029] Generation completed for the IP Integrator block TGP_1 .
Exporting to file c:/Users/Utilisateur/Documents/POEI/Projet_fin/Projet/src/Flux_VGA/Flux_VGA.gen/sources_1/bd/design_1/hw_handoff/design_1.hwh
Generated Block Design Tcl file c:/Users/Utilisateur/Documents/POEI/Projet_fin/Projet/src/Flux_VGA/Flux_VGA.gen/sources_1/bd/design_1/hw_handoff/design_1_bd.tcl
Generated Hardware Definition File c:/Users/Utilisateur/Documents/POEI/Projet_fin/Projet/src/Flux_VGA/Flux_VGA.gen/sources_1/bd/design_1/synth/design_1.hwdef
export_ip_user_files -of_objects [get_files C:/Users/Utilisateur/Documents/POEI/Projet_fin/Projet/src/Flux_VGA/Flux_VGA.srcs/sources_1/bd/design_1/design_1.bd] -no_script -sync -force -quiet
export_simulation -of_objects [get_files C:/Users/Utilisateur/Documents/POEI/Projet_fin/Projet/src/Flux_VGA/Flux_VGA.srcs/sources_1/bd/design_1/design_1.bd] -directory C:/Users/Utilisateur/Documents/POEI/Projet_fin/Projet/src/Flux_VGA/Flux_VGA.ip_user_files/sim_scripts -ip_user_files_dir C:/Users/Utilisateur/Documents/POEI/Projet_fin/Projet/src/Flux_VGA/Flux_VGA.ip_user_files -ipstatic_source_dir C:/Users/Utilisateur/Documents/POEI/Projet_fin/Projet/src/Flux_VGA/Flux_VGA.ip_user_files/ipstatic -lib_map_path [list {modelsim=C:/Users/Utilisateur/Documents/POEI/Projet_fin/Projet/src/Flux_VGA/Flux_VGA.cache/compile_simlib/modelsim} {questa=C:/Users/Utilisateur/Documents/POEI/Projet_fin/Projet/src/Flux_VGA/Flux_VGA.cache/compile_simlib/questa} {riviera=C:/Users/Utilisateur/Documents/POEI/Projet_fin/Projet/src/Flux_VGA/Flux_VGA.cache/compile_simlib/riviera} {activehdl=C:/Users/Utilisateur/Documents/POEI/Projet_fin/Projet/src/Flux_VGA/Flux_VGA.cache/compile_simlib/activehdl}] -use_ip_compiled_libs -force -quiet
report_ip_status -name ip_status 
reset_run synth_1
WARNING: [Vivado 12-1017] Problems encountered:
1. Failed to delete one or more files in run directory C:/Users/Utilisateur/Documents/POEI/Projet_fin/Projet/src/Flux_VGA/Flux_VGA.runs/synth_1

launch_runs impl_1 -to_step write_bitstream -jobs 4
[Tue Sep 29 16:55:14 2026] Launched synth_1...
Run output will be captured here: C:/Users/Utilisateur/Documents/POEI/Projet_fin/Projet/src/Flux_VGA/Flux_VGA.runs/synth_1/runme.log
[Tue Sep 29 16:55:14 2026] Launched impl_1...
Run output will be captured here: C:/Users/Utilisateur/Documents/POEI/Projet_fin/Projet/src/Flux_VGA/Flux_VGA.runs/impl_1/runme.log
set_property PROBES.FILE {} [get_hw_devices xc7z010_1]
set_property FULL_PROBES.FILE {} [get_hw_devices xc7z010_1]
set_property PROGRAM.FILE {C:/Users/Utilisateur/Documents/POEI/Projet_fin/Projet/src/Flux_VGA/Flux_VGA.runs/impl_1/design_1_wrapper.bit} [get_hw_devices xc7z010_1]
program_hw_devices [get_hw_devices xc7z010_1]
INFO: [Labtools 27-3164] End of startup status: HIGH
refresh_hw_device [lindex [get_hw_devices xc7z010_1] 0]
INFO: [Labtools 27-1434] Device xc7z010 (JTAG device index = 1) is programmed with a design that has no supported debug core(s) in it.
current_project PMODVGA_v1_0_project
ipx::merge_project_changes hdl_parameters [ipx::current_core]
WARNING: [IP_Flow 19-5226] Project source file 'c:/Users/Utilisateur/Documents/POEI/Projet_fin/Projet/IP/PMODVGA/PMODVGA_1.0/component.xml' ignored by IP packager.
set_property core_revision 19 [ipx::current_core]
ipx::create_xgui_files [ipx::current_core]
ipx::update_checksums [ipx::current_core]
ipx::check_integrity [ipx::current_core]
INFO: [IP_Flow 19-2181] Payment Required is not set for this core.
INFO: [IP_Flow 19-2187] The Product Guide file is missing.
INFO: [Ipptcl 7-1486] check_integrity: Integrity check passed.
ipx::save_core [ipx::current_core]
update_ip_catalog -rebuild -repo_path c:/Users/Utilisateur/Documents/POEI/Projet_fin/Projet/IP
INFO: [IP_Flow 19-725] Reloaded user IP repository 'c:/Users/Utilisateur/Documents/POEI/Projet_fin/Projet/IP'
current_project TGP_v1_0_project
ipx::merge_project_changes hdl_parameters [ipx::current_core]
WARNING: [IP_Flow 19-5226] Project source file 'c:/Users/Utilisateur/Documents/POEI/Projet_fin/Projet/IP/TGP/TGP_1.0/component.xml' ignored by IP packager.
set_property core_revision 8 [ipx::current_core]
ipx::update_source_project_archive -component [ipx::current_core]
ipx::create_xgui_files [ipx::current_core]
ipx::update_checksums [ipx::current_core]
ipx::check_integrity [ipx::current_core]
INFO: [IP_Flow 19-2181] Payment Required is not set for this core.
INFO: [IP_Flow 19-2187] The Product Guide file is missing.
INFO: [Ipptcl 7-1486] check_integrity: Integrity check passed.
ipx::save_core [ipx::current_core]
current_project Flux_VGA
open_bd_design {C:/Users/Utilisateur/Documents/POEI/Projet_fin/Projet/src/Flux_VGA/Flux_VGA.srcs/sources_1/bd/design_1/design_1.bd}
update_ip_catalog -rebuild -scan_changes
INFO: [IP_Flow 19-234] Refreshing IP repositories
WARNING: [IP_Flow 19-3685] Ignored loading user repository 'c:/Users/Utilisateur/Documents/POEI/Projet_fin/Projet/IP/overlay/overlay_1.0'. The path is contained within another repository.
WARNING: [IP_Flow 19-3685] Ignored loading user repository 'c:/Users/Utilisateur/Documents/POEI/Projet_fin/Projet/IP/seuil/seuil_1.0'. The path is contained within another repository.
WARNING: [IP_Flow 19-3685] Ignored loading user repository 'c:/Users/Utilisateur/Documents/POEI/Projet_fin/Projet/IP/filtre_harris/filtre_harris_1.0'. The path is contained within another repository.
WARNING: [IP_Flow 19-3685] Ignored loading user repository 'c:/Users/Utilisateur/Documents/POEI/Projet_fin/Projet/IP/filtre_gaussien/filtre_gaussien_1.0'. The path is contained within another repository.
WARNING: [IP_Flow 19-3685] Ignored loading user repository 'c:/Users/Utilisateur/Documents/POEI/Projet_fin/Projet/IP/luminance/luminance_1.0'. The path is contained within another repository.
WARNING: [IP_Flow 19-3685] Ignored loading user repository 'c:/Users/Utilisateur/Documents/POEI/Projet_fin/Projet/IP/source_select/source_select_1.0'. The path is contained within another repository.
INFO: [IP_Flow 19-1700] Loaded user IP repository 'c:/Users/Utilisateur/Documents/POEI/Projet_fin/Projet/IP'.
report_ip_status -name ip_status
upgrade_ip [get_ips  {design_1_PMODVGA_0_2 design_1_TGP_1_0}] -log ip_upgrade.log
Upgrading 'C:/Users/Utilisateur/Documents/POEI/Projet_fin/Projet/src/Flux_VGA/Flux_VGA.srcs/sources_1/bd/design_1/design_1.bd'
INFO: [IP_Flow 19-3422] Upgraded design_1_PMODVGA_0_2 (PMODVGA_v1.0 1.0) from revision 18 to revision 19
INFO: [IP_Flow 19-3422] Upgraded design_1_TGP_1_0 (TGP_v1.0 1.0) from revision 7 to revision 8
Wrote  : <C:\Users\Utilisateur\Documents\POEI\Projet_fin\Projet\src\Flux_VGA\Flux_VGA.srcs\sources_1\bd\design_1\design_1.bd> 
INFO: [Coretcl 2-1525] Wrote upgrade log to 'C:/Users/Utilisateur/Documents/POEI/Projet_fin/Projet/src/Flux_VGA/ip_upgrade.log'.
export_ip_user_files -of_objects [get_ips {design_1_PMODVGA_0_2 design_1_TGP_1_0}] -no_script -sync -force -quiet
generate_target all [get_files  C:/Users/Utilisateur/Documents/POEI/Projet_fin/Projet/src/Flux_VGA/Flux_VGA.srcs/sources_1/bd/design_1/design_1.bd]
INFO: [xilinx.com:ip:clk_wiz:6.0-1] /clk_wiz_0 clk_wiz propagate
Wrote  : <C:\Users\Utilisateur\Documents\POEI\Projet_fin\Projet\src\Flux_VGA\Flux_VGA.srcs\sources_1\bd\design_1\design_1.bd> 
VHDL Output written to : c:/Users/Utilisateur/Documents/POEI/Projet_fin/Projet/src/Flux_VGA/Flux_VGA.gen/sources_1/bd/design_1/synth/design_1.vhd
VHDL Output written to : c:/Users/Utilisateur/Documents/POEI/Projet_fin/Projet/src/Flux_VGA/Flux_VGA.gen/sources_1/bd/design_1/sim/design_1.vhd
VHDL Output written to : c:/Users/Utilisateur/Documents/POEI/Projet_fin/Projet/src/Flux_VGA/Flux_VGA.gen/sources_1/bd/design_1/hdl/design_1_wrapper.vhd
INFO: [BD 41-1029] Generation completed for the IP Integrator block PMODVGA_0 .
INFO: [BD 41-1029] Generation completed for the IP Integrator block TGP_1 .
Exporting to file c:/Users/Utilisateur/Documents/POEI/Projet_fin/Projet/src/Flux_VGA/Flux_VGA.gen/sources_1/bd/design_1/hw_handoff/design_1.hwh
Generated Block Design Tcl file c:/Users/Utilisateur/Documents/POEI/Projet_fin/Projet/src/Flux_VGA/Flux_VGA.gen/sources_1/bd/design_1/hw_handoff/design_1_bd.tcl
Generated Hardware Definition File c:/Users/Utilisateur/Documents/POEI/Projet_fin/Projet/src/Flux_VGA/Flux_VGA.gen/sources_1/bd/design_1/synth/design_1.hwdef
export_ip_user_files -of_objects [get_files C:/Users/Utilisateur/Documents/POEI/Projet_fin/Projet/src/Flux_VGA/Flux_VGA.srcs/sources_1/bd/design_1/design_1.bd] -no_script -sync -force -quiet
export_simulation -of_objects [get_files C:/Users/Utilisateur/Documents/POEI/Projet_fin/Projet/src/Flux_VGA/Flux_VGA.srcs/sources_1/bd/design_1/design_1.bd] -directory C:/Users/Utilisateur/Documents/POEI/Projet_fin/Projet/src/Flux_VGA/Flux_VGA.ip_user_files/sim_scripts -ip_user_files_dir C:/Users/Utilisateur/Documents/POEI/Projet_fin/Projet/src/Flux_VGA/Flux_VGA.ip_user_files -ipstatic_source_dir C:/Users/Utilisateur/Documents/POEI/Projet_fin/Projet/src/Flux_VGA/Flux_VGA.ip_user_files/ipstatic -lib_map_path [list {modelsim=C:/Users/Utilisateur/Documents/POEI/Projet_fin/Projet/src/Flux_VGA/Flux_VGA.cache/compile_simlib/modelsim} {questa=C:/Users/Utilisateur/Documents/POEI/Projet_fin/Projet/src/Flux_VGA/Flux_VGA.cache/compile_simlib/questa} {riviera=C:/Users/Utilisateur/Documents/POEI/Projet_fin/Projet/src/Flux_VGA/Flux_VGA.cache/compile_simlib/riviera} {activehdl=C:/Users/Utilisateur/Documents/POEI/Projet_fin/Projet/src/Flux_VGA/Flux_VGA.cache/compile_simlib/activehdl}] -use_ip_compiled_libs -force -quiet
reset_run synth_1
WARNING: [Vivado 12-1017] Problems encountered:
1. Failed to delete one or more files in run directory C:/Users/Utilisateur/Documents/POEI/Projet_fin/Projet/src/Flux_VGA/Flux_VGA.runs/synth_1

launch_runs impl_1 -to_step write_bitstream -jobs 4
[Tue Sep 29 17:01:49 2026] Launched synth_1...
Run output will be captured here: C:/Users/Utilisateur/Documents/POEI/Projet_fin/Projet/src/Flux_VGA/Flux_VGA.runs/synth_1/runme.log
[Tue Sep 29 17:01:49 2026] Launched impl_1...
Run output will be captured here: C:/Users/Utilisateur/Documents/POEI/Projet_fin/Projet/src/Flux_VGA/Flux_VGA.runs/impl_1/runme.log
set_property PROBES.FILE {} [get_hw_devices xc7z010_1]
set_property FULL_PROBES.FILE {} [get_hw_devices xc7z010_1]
set_property PROGRAM.FILE {C:/Users/Utilisateur/Documents/POEI/Projet_fin/Projet/src/Flux_VGA/Flux_VGA.runs/impl_1/design_1_wrapper.bit} [get_hw_devices xc7z010_1]
program_hw_devices [get_hw_devices xc7z010_1]
INFO: [Labtools 27-3164] End of startup status: HIGH
refresh_hw_device [lindex [get_hw_devices xc7z010_1] 0]
INFO: [Labtools 27-1434] Device xc7z010 (JTAG device index = 1) is programmed with a design that has no supported debug core(s) in it.
current_project PMODVGA_v1_0_project
ipx::merge_project_changes files [ipx::current_core]
WARNING: [IP_Flow 19-5226] Project source file 'c:/Users/Utilisateur/Documents/POEI/Projet_fin/Projet/IP/PMODVGA/PMODVGA_1.0/component.xml' ignored by IP packager.
set_property core_revision 20 [ipx::current_core]
ipx::create_xgui_files [ipx::current_core]
ipx::update_checksums [ipx::current_core]
ipx::check_integrity [ipx::current_core]
INFO: [IP_Flow 19-2181] Payment Required is not set for this core.
INFO: [IP_Flow 19-2187] The Product Guide file is missing.
INFO: [Ipptcl 7-1486] check_integrity: Integrity check passed.
ipx::save_core [ipx::current_core]
update_ip_catalog -rebuild -repo_path c:/Users/Utilisateur/Documents/POEI/Projet_fin/Projet/IP
INFO: [IP_Flow 19-725] Reloaded user IP repository 'c:/Users/Utilisateur/Documents/POEI/Projet_fin/Projet/IP'
current_project Flux_VGA
update_ip_catalog -rebuild -scan_changes
INFO: [IP_Flow 19-234] Refreshing IP repositories
WARNING: [IP_Flow 19-3685] Ignored loading user repository 'c:/Users/Utilisateur/Documents/POEI/Projet_fin/Projet/IP/overlay/overlay_1.0'. The path is contained within another repository.
WARNING: [IP_Flow 19-3685] Ignored loading user repository 'c:/Users/Utilisateur/Documents/POEI/Projet_fin/Projet/IP/seuil/seuil_1.0'. The path is contained within another repository.
WARNING: [IP_Flow 19-3685] Ignored loading user repository 'c:/Users/Utilisateur/Documents/POEI/Projet_fin/Projet/IP/filtre_harris/filtre_harris_1.0'. The path is contained within another repository.
WARNING: [IP_Flow 19-3685] Ignored loading user repository 'c:/Users/Utilisateur/Documents/POEI/Projet_fin/Projet/IP/filtre_gaussien/filtre_gaussien_1.0'. The path is contained within another repository.
WARNING: [IP_Flow 19-3685] Ignored loading user repository 'c:/Users/Utilisateur/Documents/POEI/Projet_fin/Projet/IP/luminance/luminance_1.0'. The path is contained within another repository.
WARNING: [IP_Flow 19-3685] Ignored loading user repository 'c:/Users/Utilisateur/Documents/POEI/Projet_fin/Projet/IP/source_select/source_select_1.0'. The path is contained within another repository.
INFO: [IP_Flow 19-1700] Loaded user IP repository 'c:/Users/Utilisateur/Documents/POEI/Projet_fin/Projet/IP'.
report_ip_status -name ip_status
current_project PMODVGA_v1_0_project
current_project Flux_VGA
upgrade_ip -vlnv xilinx.com:user:PMODVGA:1.0 [get_ips  design_1_PMODVGA_0_2] -log ip_upgrade.log
Upgrading 'C:/Users/Utilisateur/Documents/POEI/Projet_fin/Projet/src/Flux_VGA/Flux_VGA.srcs/sources_1/bd/design_1/design_1.bd'
INFO: [IP_Flow 19-3422] Upgraded design_1_PMODVGA_0_2 (PMODVGA_v1.0 1.0) from revision 19 to revision 20
Wrote  : <C:\Users\Utilisateur\Documents\POEI\Projet_fin\Projet\src\Flux_VGA\Flux_VGA.srcs\sources_1\bd\design_1\design_1.bd> 
Wrote  : <C:/Users/Utilisateur/Documents/POEI/Projet_fin/Projet/src/Flux_VGA/Flux_VGA.srcs/sources_1/bd/design_1/ui/bd_1f5defd0.ui> 
INFO: [Coretcl 2-1525] Wrote upgrade log to 'C:/Users/Utilisateur/Documents/POEI/Projet_fin/Projet/src/Flux_VGA/ip_upgrade.log'.
export_ip_user_files -of_objects [get_ips design_1_PMODVGA_0_2] -no_script -sync -force -quiet
generate_target all [get_files  C:/Users/Utilisateur/Documents/POEI/Projet_fin/Projet/src/Flux_VGA/Flux_VGA.srcs/sources_1/bd/design_1/design_1.bd]
INFO: [xilinx.com:ip:clk_wiz:6.0-1] /clk_wiz_0 clk_wiz propagate
Wrote  : <C:\Users\Utilisateur\Documents\POEI\Projet_fin\Projet\src\Flux_VGA\Flux_VGA.srcs\sources_1\bd\design_1\design_1.bd> 
VHDL Output written to : c:/Users/Utilisateur/Documents/POEI/Projet_fin/Projet/src/Flux_VGA/Flux_VGA.gen/sources_1/bd/design_1/synth/design_1.vhd
VHDL Output written to : c:/Users/Utilisateur/Documents/POEI/Projet_fin/Projet/src/Flux_VGA/Flux_VGA.gen/sources_1/bd/design_1/sim/design_1.vhd
VHDL Output written to : c:/Users/Utilisateur/Documents/POEI/Projet_fin/Projet/src/Flux_VGA/Flux_VGA.gen/sources_1/bd/design_1/hdl/design_1_wrapper.vhd
INFO: [BD 41-1029] Generation completed for the IP Integrator block PMODVGA_0 .
Exporting to file c:/Users/Utilisateur/Documents/POEI/Projet_fin/Projet/src/Flux_VGA/Flux_VGA.gen/sources_1/bd/design_1/hw_handoff/design_1.hwh
Generated Block Design Tcl file c:/Users/Utilisateur/Documents/POEI/Projet_fin/Projet/src/Flux_VGA/Flux_VGA.gen/sources_1/bd/design_1/hw_handoff/design_1_bd.tcl
Generated Hardware Definition File c:/Users/Utilisateur/Documents/POEI/Projet_fin/Projet/src/Flux_VGA/Flux_VGA.gen/sources_1/bd/design_1/synth/design_1.hwdef
export_ip_user_files -of_objects [get_files C:/Users/Utilisateur/Documents/POEI/Projet_fin/Projet/src/Flux_VGA/Flux_VGA.srcs/sources_1/bd/design_1/design_1.bd] -no_script -sync -force -quiet
export_simulation -of_objects [get_files C:/Users/Utilisateur/Documents/POEI/Projet_fin/Projet/src/Flux_VGA/Flux_VGA.srcs/sources_1/bd/design_1/design_1.bd] -directory C:/Users/Utilisateur/Documents/POEI/Projet_fin/Projet/src/Flux_VGA/Flux_VGA.ip_user_files/sim_scripts -ip_user_files_dir C:/Users/Utilisateur/Documents/POEI/Projet_fin/Projet/src/Flux_VGA/Flux_VGA.ip_user_files -ipstatic_source_dir C:/Users/Utilisateur/Documents/POEI/Projet_fin/Projet/src/Flux_VGA/Flux_VGA.ip_user_files/ipstatic -lib_map_path [list {modelsim=C:/Users/Utilisateur/Documents/POEI/Projet_fin/Projet/src/Flux_VGA/Flux_VGA.cache/compile_simlib/modelsim} {questa=C:/Users/Utilisateur/Documents/POEI/Projet_fin/Projet/src/Flux_VGA/Flux_VGA.cache/compile_simlib/questa} {riviera=C:/Users/Utilisateur/Documents/POEI/Projet_fin/Projet/src/Flux_VGA/Flux_VGA.cache/compile_simlib/riviera} {activehdl=C:/Users/Utilisateur/Documents/POEI/Projet_fin/Projet/src/Flux_VGA/Flux_VGA.cache/compile_simlib/activehdl}] -use_ip_compiled_libs -force -quiet
reset_run synth_1
WARNING: [Vivado 12-1017] Problems encountered:
1. Failed to delete one or more files in run directory C:/Users/Utilisateur/Documents/POEI/Projet_fin/Projet/src/Flux_VGA/Flux_VGA.runs/synth_1

launch_runs impl_1 -to_step write_bitstream -jobs 4
[Tue Sep 29 17:07:58 2026] Launched synth_1...
Run output will be captured here: C:/Users/Utilisateur/Documents/POEI/Projet_fin/Projet/src/Flux_VGA/Flux_VGA.runs/synth_1/runme.log
[Tue Sep 29 17:07:58 2026] Launched impl_1...
Run output will be captured here: C:/Users/Utilisateur/Documents/POEI/Projet_fin/Projet/src/Flux_VGA/Flux_VGA.runs/impl_1/runme.log
set_property PROBES.FILE {} [get_hw_devices xc7z010_1]
set_property FULL_PROBES.FILE {} [get_hw_devices xc7z010_1]
set_property PROGRAM.FILE {C:/Users/Utilisateur/Documents/POEI/Projet_fin/Projet/src/Flux_VGA/Flux_VGA.runs/impl_1/design_1_wrapper.bit} [get_hw_devices xc7z010_1]
program_hw_devices [get_hw_devices xc7z010_1]
INFO: [Labtools 27-3164] End of startup status: HIGH
refresh_hw_device [lindex [get_hw_devices xc7z010_1] 0]
INFO: [Labtools 27-1434] Device xc7z010 (JTAG device index = 1) is programmed with a design that has no supported debug core(s) in it.
current_project PMODVGA_v1_0_project
ipx::merge_project_changes files [ipx::current_core]
WARNING: [IP_Flow 19-5226] Project source file 'c:/Users/Utilisateur/Documents/POEI/Projet_fin/Projet/IP/PMODVGA/PMODVGA_1.0/component.xml' ignored by IP packager.
set_property core_revision 21 [ipx::current_core]
ipx::create_xgui_files [ipx::current_core]
ipx::update_checksums [ipx::current_core]
ipx::check_integrity [ipx::current_core]
INFO: [IP_Flow 19-2181] Payment Required is not set for this core.
INFO: [IP_Flow 19-2187] The Product Guide file is missing.
INFO: [Ipptcl 7-1486] check_integrity: Integrity check passed.
ipx::save_core [ipx::current_core]
update_ip_catalog -rebuild -repo_path c:/Users/Utilisateur/Documents/POEI/Projet_fin/Projet/IP
INFO: [IP_Flow 19-725] Reloaded user IP repository 'c:/Users/Utilisateur/Documents/POEI/Projet_fin/Projet/IP'
current_project Flux_VGA
open_bd_design {C:/Users/Utilisateur/Documents/POEI/Projet_fin/Projet/src/Flux_VGA/Flux_VGA.srcs/sources_1/bd/design_1/design_1.bd}
update_ip_catalog -rebuild -scan_changes
INFO: [IP_Flow 19-234] Refreshing IP repositories
WARNING: [IP_Flow 19-3685] Ignored loading user repository 'c:/Users/Utilisateur/Documents/POEI/Projet_fin/Projet/IP/overlay/overlay_1.0'. The path is contained within another repository.
WARNING: [IP_Flow 19-3685] Ignored loading user repository 'c:/Users/Utilisateur/Documents/POEI/Projet_fin/Projet/IP/seuil/seuil_1.0'. The path is contained within another repository.
WARNING: [IP_Flow 19-3685] Ignored loading user repository 'c:/Users/Utilisateur/Documents/POEI/Projet_fin/Projet/IP/filtre_harris/filtre_harris_1.0'. The path is contained within another repository.
WARNING: [IP_Flow 19-3685] Ignored loading user repository 'c:/Users/Utilisateur/Documents/POEI/Projet_fin/Projet/IP/filtre_gaussien/filtre_gaussien_1.0'. The path is contained within another repository.
WARNING: [IP_Flow 19-3685] Ignored loading user repository 'c:/Users/Utilisateur/Documents/POEI/Projet_fin/Projet/IP/luminance/luminance_1.0'. The path is contained within another repository.
WARNING: [IP_Flow 19-3685] Ignored loading user repository 'c:/Users/Utilisateur/Documents/POEI/Projet_fin/Projet/IP/source_select/source_select_1.0'. The path is contained within another repository.
INFO: [IP_Flow 19-1700] Loaded user IP repository 'c:/Users/Utilisateur/Documents/POEI/Projet_fin/Projet/IP'.
report_ip_status -name ip_status
upgrade_ip -vlnv xilinx.com:user:PMODVGA:1.0 [get_ips  design_1_PMODVGA_0_2] -log ip_upgrade.log
Upgrading 'C:/Users/Utilisateur/Documents/POEI/Projet_fin/Projet/src/Flux_VGA/Flux_VGA.srcs/sources_1/bd/design_1/design_1.bd'
INFO: [IP_Flow 19-3422] Upgraded design_1_PMODVGA_0_2 (PMODVGA_v1.0 1.0) from revision 20 to revision 21
Wrote  : <C:\Users\Utilisateur\Documents\POEI\Projet_fin\Projet\src\Flux_VGA\Flux_VGA.srcs\sources_1\bd\design_1\design_1.bd> 
INFO: [Coretcl 2-1525] Wrote upgrade log to 'C:/Users/Utilisateur/Documents/POEI/Projet_fin/Projet/src/Flux_VGA/ip_upgrade.log'.
export_ip_user_files -of_objects [get_ips design_1_PMODVGA_0_2] -no_script -sync -force -quiet
generate_target all [get_files  C:/Users/Utilisateur/Documents/POEI/Projet_fin/Projet/src/Flux_VGA/Flux_VGA.srcs/sources_1/bd/design_1/design_1.bd]
INFO: [xilinx.com:ip:clk_wiz:6.0-1] /clk_wiz_0 clk_wiz propagate
Wrote  : <C:\Users\Utilisateur\Documents\POEI\Projet_fin\Projet\src\Flux_VGA\Flux_VGA.srcs\sources_1\bd\design_1\design_1.bd> 
VHDL Output written to : c:/Users/Utilisateur/Documents/POEI/Projet_fin/Projet/src/Flux_VGA/Flux_VGA.gen/sources_1/bd/design_1/synth/design_1.vhd
VHDL Output written to : c:/Users/Utilisateur/Documents/POEI/Projet_fin/Projet/src/Flux_VGA/Flux_VGA.gen/sources_1/bd/design_1/sim/design_1.vhd
VHDL Output written to : c:/Users/Utilisateur/Documents/POEI/Projet_fin/Projet/src/Flux_VGA/Flux_VGA.gen/sources_1/bd/design_1/hdl/design_1_wrapper.vhd
INFO: [BD 41-1029] Generation completed for the IP Integrator block PMODVGA_0 .
Exporting to file c:/Users/Utilisateur/Documents/POEI/Projet_fin/Projet/src/Flux_VGA/Flux_VGA.gen/sources_1/bd/design_1/hw_handoff/design_1.hwh
Generated Block Design Tcl file c:/Users/Utilisateur/Documents/POEI/Projet_fin/Projet/src/Flux_VGA/Flux_VGA.gen/sources_1/bd/design_1/hw_handoff/design_1_bd.tcl
Generated Hardware Definition File c:/Users/Utilisateur/Documents/POEI/Projet_fin/Projet/src/Flux_VGA/Flux_VGA.gen/sources_1/bd/design_1/synth/design_1.hwdef
export_ip_user_files -of_objects [get_files C:/Users/Utilisateur/Documents/POEI/Projet_fin/Projet/src/Flux_VGA/Flux_VGA.srcs/sources_1/bd/design_1/design_1.bd] -no_script -sync -force -quiet
export_simulation -of_objects [get_files C:/Users/Utilisateur/Documents/POEI/Projet_fin/Projet/src/Flux_VGA/Flux_VGA.srcs/sources_1/bd/design_1/design_1.bd] -directory C:/Users/Utilisateur/Documents/POEI/Projet_fin/Projet/src/Flux_VGA/Flux_VGA.ip_user_files/sim_scripts -ip_user_files_dir C:/Users/Utilisateur/Documents/POEI/Projet_fin/Projet/src/Flux_VGA/Flux_VGA.ip_user_files -ipstatic_source_dir C:/Users/Utilisateur/Documents/POEI/Projet_fin/Projet/src/Flux_VGA/Flux_VGA.ip_user_files/ipstatic -lib_map_path [list {modelsim=C:/Users/Utilisateur/Documents/POEI/Projet_fin/Projet/src/Flux_VGA/Flux_VGA.cache/compile_simlib/modelsim} {questa=C:/Users/Utilisateur/Documents/POEI/Projet_fin/Projet/src/Flux_VGA/Flux_VGA.cache/compile_simlib/questa} {riviera=C:/Users/Utilisateur/Documents/POEI/Projet_fin/Projet/src/Flux_VGA/Flux_VGA.cache/compile_simlib/riviera} {activehdl=C:/Users/Utilisateur/Documents/POEI/Projet_fin/Projet/src/Flux_VGA/Flux_VGA.cache/compile_simlib/activehdl}] -use_ip_compiled_libs -force -quiet
reset_run synth_1
WARNING: [Vivado 12-1017] Problems encountered:
1. Failed to delete one or more files in run directory C:/Users/Utilisateur/Documents/POEI/Projet_fin/Projet/src/Flux_VGA/Flux_VGA.runs/synth_1

launch_runs impl_1 -to_step write_bitstream -jobs 4
[Tue Sep 29 17:18:12 2026] Launched synth_1...
Run output will be captured here: C:/Users/Utilisateur/Documents/POEI/Projet_fin/Projet/src/Flux_VGA/Flux_VGA.runs/synth_1/runme.log
[Tue Sep 29 17:18:12 2026] Launched impl_1...
Run output will be captured here: C:/Users/Utilisateur/Documents/POEI/Projet_fin/Projet/src/Flux_VGA/Flux_VGA.runs/impl_1/runme.log
set_property PROBES.FILE {} [get_hw_devices xc7z010_1]
set_property FULL_PROBES.FILE {} [get_hw_devices xc7z010_1]
set_property PROGRAM.FILE {C:/Users/Utilisateur/Documents/POEI/Projet_fin/Projet/src/Flux_VGA/Flux_VGA.runs/impl_1/design_1_wrapper.bit} [get_hw_devices xc7z010_1]
program_hw_devices [get_hw_devices xc7z010_1]
INFO: [Labtools 27-3164] End of startup status: HIGH
refresh_hw_device [lindex [get_hw_devices xc7z010_1] 0]
INFO: [Labtools 27-1434] Device xc7z010 (JTAG device index = 1) is programmed with a design that has no supported debug core(s) in it.
current_project TGP_v1_0_project
ipx::merge_project_changes hdl_parameters [ipx::current_core]
WARNING: [IP_Flow 19-5226] Project source file 'c:/Users/Utilisateur/Documents/POEI/Projet_fin/Projet/IP/TGP/TGP_1.0/component.xml' ignored by IP packager.
set_property core_revision 9 [ipx::current_core]
ipx::update_source_project_archive -component [ipx::current_core]
ipx::create_xgui_files [ipx::current_core]
ipx::update_checksums [ipx::current_core]
ipx::check_integrity [ipx::current_core]
INFO: [IP_Flow 19-2181] Payment Required is not set for this core.
INFO: [IP_Flow 19-2187] The Product Guide file is missing.
INFO: [Ipptcl 7-1486] check_integrity: Integrity check passed.
ipx::save_core [ipx::current_core]
current_project Flux_VGA
update_ip_catalog -rebuild -scan_changes
INFO: [IP_Flow 19-234] Refreshing IP repositories
WARNING: [IP_Flow 19-3685] Ignored loading user repository 'c:/Users/Utilisateur/Documents/POEI/Projet_fin/Projet/IP/overlay/overlay_1.0'. The path is contained within another repository.
WARNING: [IP_Flow 19-3685] Ignored loading user repository 'c:/Users/Utilisateur/Documents/POEI/Projet_fin/Projet/IP/seuil/seuil_1.0'. The path is contained within another repository.
WARNING: [IP_Flow 19-3685] Ignored loading user repository 'c:/Users/Utilisateur/Documents/POEI/Projet_fin/Projet/IP/filtre_harris/filtre_harris_1.0'. The path is contained within another repository.
WARNING: [IP_Flow 19-3685] Ignored loading user repository 'c:/Users/Utilisateur/Documents/POEI/Projet_fin/Projet/IP/filtre_gaussien/filtre_gaussien_1.0'. The path is contained within another repository.
WARNING: [IP_Flow 19-3685] Ignored loading user repository 'c:/Users/Utilisateur/Documents/POEI/Projet_fin/Projet/IP/luminance/luminance_1.0'. The path is contained within another repository.
WARNING: [IP_Flow 19-3685] Ignored loading user repository 'c:/Users/Utilisateur/Documents/POEI/Projet_fin/Projet/IP/source_select/source_select_1.0'. The path is contained within another repository.
INFO: [IP_Flow 19-1700] Loaded user IP repository 'c:/Users/Utilisateur/Documents/POEI/Projet_fin/Projet/IP'.
report_ip_status -name ip_status
current_project TGP_v1_0_project
current_project Flux_VGA
upgrade_ip -vlnv xilinx.com:user:TGP:1.0 [get_ips  design_1_TGP_1_0] -log ip_upgrade.log
Upgrading 'C:/Users/Utilisateur/Documents/POEI/Projet_fin/Projet/src/Flux_VGA/Flux_VGA.srcs/sources_1/bd/design_1/design_1.bd'
INFO: [IP_Flow 19-3422] Upgraded design_1_TGP_1_0 (TGP_v1.0 1.0) from revision 8 to revision 9
Wrote  : <C:\Users\Utilisateur\Documents\POEI\Projet_fin\Projet\src\Flux_VGA\Flux_VGA.srcs\sources_1\bd\design_1\design_1.bd> 
Wrote  : <C:/Users/Utilisateur/Documents/POEI/Projet_fin/Projet/src/Flux_VGA/Flux_VGA.srcs/sources_1/bd/design_1/ui/bd_1f5defd0.ui> 
INFO: [Coretcl 2-1525] Wrote upgrade log to 'C:/Users/Utilisateur/Documents/POEI/Projet_fin/Projet/src/Flux_VGA/ip_upgrade.log'.
export_ip_user_files -of_objects [get_ips design_1_TGP_1_0] -no_script -sync -force -quiet
generate_target all [get_files  C:/Users/Utilisateur/Documents/POEI/Projet_fin/Projet/src/Flux_VGA/Flux_VGA.srcs/sources_1/bd/design_1/design_1.bd]
INFO: [xilinx.com:ip:clk_wiz:6.0-1] /clk_wiz_0 clk_wiz propagate
Wrote  : <C:\Users\Utilisateur\Documents\POEI\Projet_fin\Projet\src\Flux_VGA\Flux_VGA.srcs\sources_1\bd\design_1\design_1.bd> 
VHDL Output written to : c:/Users/Utilisateur/Documents/POEI/Projet_fin/Projet/src/Flux_VGA/Flux_VGA.gen/sources_1/bd/design_1/synth/design_1.vhd
VHDL Output written to : c:/Users/Utilisateur/Documents/POEI/Projet_fin/Projet/src/Flux_VGA/Flux_VGA.gen/sources_1/bd/design_1/sim/design_1.vhd
VHDL Output written to : c:/Users/Utilisateur/Documents/POEI/Projet_fin/Projet/src/Flux_VGA/Flux_VGA.gen/sources_1/bd/design_1/hdl/design_1_wrapper.vhd
INFO: [BD 41-1029] Generation completed for the IP Integrator block TGP_1 .
Exporting to file c:/Users/Utilisateur/Documents/POEI/Projet_fin/Projet/src/Flux_VGA/Flux_VGA.gen/sources_1/bd/design_1/hw_handoff/design_1.hwh
Generated Block Design Tcl file c:/Users/Utilisateur/Documents/POEI/Projet_fin/Projet/src/Flux_VGA/Flux_VGA.gen/sources_1/bd/design_1/hw_handoff/design_1_bd.tcl
Generated Hardware Definition File c:/Users/Utilisateur/Documents/POEI/Projet_fin/Projet/src/Flux_VGA/Flux_VGA.gen/sources_1/bd/design_1/synth/design_1.hwdef
export_ip_user_files -of_objects [get_files C:/Users/Utilisateur/Documents/POEI/Projet_fin/Projet/src/Flux_VGA/Flux_VGA.srcs/sources_1/bd/design_1/design_1.bd] -no_script -sync -force -quiet
export_simulation -of_objects [get_files C:/Users/Utilisateur/Documents/POEI/Projet_fin/Projet/src/Flux_VGA/Flux_VGA.srcs/sources_1/bd/design_1/design_1.bd] -directory C:/Users/Utilisateur/Documents/POEI/Projet_fin/Projet/src/Flux_VGA/Flux_VGA.ip_user_files/sim_scripts -ip_user_files_dir C:/Users/Utilisateur/Documents/POEI/Projet_fin/Projet/src/Flux_VGA/Flux_VGA.ip_user_files -ipstatic_source_dir C:/Users/Utilisateur/Documents/POEI/Projet_fin/Projet/src/Flux_VGA/Flux_VGA.ip_user_files/ipstatic -lib_map_path [list {modelsim=C:/Users/Utilisateur/Documents/POEI/Projet_fin/Projet/src/Flux_VGA/Flux_VGA.cache/compile_simlib/modelsim} {questa=C:/Users/Utilisateur/Documents/POEI/Projet_fin/Projet/src/Flux_VGA/Flux_VGA.cache/compile_simlib/questa} {riviera=C:/Users/Utilisateur/Documents/POEI/Projet_fin/Projet/src/Flux_VGA/Flux_VGA.cache/compile_simlib/riviera} {activehdl=C:/Users/Utilisateur/Documents/POEI/Projet_fin/Projet/src/Flux_VGA/Flux_VGA.cache/compile_simlib/activehdl}] -use_ip_compiled_libs -force -quiet
reset_run synth_1
WARNING: [Vivado 12-1017] Problems encountered:
1. Failed to delete one or more files in run directory C:/Users/Utilisateur/Documents/POEI/Projet_fin/Projet/src/Flux_VGA/Flux_VGA.runs/synth_1

launch_runs impl_1 -to_step write_bitstream -jobs 4
[Tue Sep 29 17:22:33 2026] Launched synth_1...
Run output will be captured here: C:/Users/Utilisateur/Documents/POEI/Projet_fin/Projet/src/Flux_VGA/Flux_VGA.runs/synth_1/runme.log
[Tue Sep 29 17:22:33 2026] Launched impl_1...
Run output will be captured here: C:/Users/Utilisateur/Documents/POEI/Projet_fin/Projet/src/Flux_VGA/Flux_VGA.runs/impl_1/runme.log
set_property PROBES.FILE {} [get_hw_devices xc7z010_1]
set_property FULL_PROBES.FILE {} [get_hw_devices xc7z010_1]
set_property PROGRAM.FILE {C:/Users/Utilisateur/Documents/POEI/Projet_fin/Projet/src/Flux_VGA/Flux_VGA.runs/impl_1/design_1_wrapper.bit} [get_hw_devices xc7z010_1]
program_hw_devices [get_hw_devices xc7z010_1]
INFO: [Labtools 27-3164] End of startup status: HIGH
refresh_hw_device [lindex [get_hw_devices xc7z010_1] 0]
INFO: [Labtools 27-1434] Device xc7z010 (JTAG device index = 1) is programmed with a design that has no supported debug core(s) in it.
current_project TGP_v1_0_project
ipx::merge_project_changes hdl_parameters [ipx::current_core]
WARNING: [IP_Flow 19-5226] Project source file 'c:/Users/Utilisateur/Documents/POEI/Projet_fin/Projet/IP/TGP/TGP_1.0/component.xml' ignored by IP packager.
set_property core_revision 10 [ipx::current_core]
ipx::update_source_project_archive -component [ipx::current_core]
ipx::create_xgui_files [ipx::current_core]
ipx::update_checksums [ipx::current_core]
ipx::check_integrity [ipx::current_core]
INFO: [IP_Flow 19-2181] Payment Required is not set for this core.
INFO: [IP_Flow 19-2187] The Product Guide file is missing.
INFO: [Ipptcl 7-1486] check_integrity: Integrity check passed.
ipx::save_core [ipx::current_core]
current_project Flux_VGA
update_ip_catalog -rebuild -scan_changes
INFO: [IP_Flow 19-234] Refreshing IP repositories
WARNING: [IP_Flow 19-3685] Ignored loading user repository 'c:/Users/Utilisateur/Documents/POEI/Projet_fin/Projet/IP/overlay/overlay_1.0'. The path is contained within another repository.
WARNING: [IP_Flow 19-3685] Ignored loading user repository 'c:/Users/Utilisateur/Documents/POEI/Projet_fin/Projet/IP/seuil/seuil_1.0'. The path is contained within another repository.
WARNING: [IP_Flow 19-3685] Ignored loading user repository 'c:/Users/Utilisateur/Documents/POEI/Projet_fin/Projet/IP/filtre_harris/filtre_harris_1.0'. The path is contained within another repository.
WARNING: [IP_Flow 19-3685] Ignored loading user repository 'c:/Users/Utilisateur/Documents/POEI/Projet_fin/Projet/IP/filtre_gaussien/filtre_gaussien_1.0'. The path is contained within another repository.
WARNING: [IP_Flow 19-3685] Ignored loading user repository 'c:/Users/Utilisateur/Documents/POEI/Projet_fin/Projet/IP/luminance/luminance_1.0'. The path is contained within another repository.
WARNING: [IP_Flow 19-3685] Ignored loading user repository 'c:/Users/Utilisateur/Documents/POEI/Projet_fin/Projet/IP/source_select/source_select_1.0'. The path is contained within another repository.
INFO: [IP_Flow 19-1700] Loaded user IP repository 'c:/Users/Utilisateur/Documents/POEI/Projet_fin/Projet/IP'.
report_ip_status -name ip_status
current_project TGP_v1_0_project
current_project Flux_VGA
upgrade_ip -vlnv xilinx.com:user:TGP:1.0 [get_ips  design_1_TGP_1_0] -log ip_upgrade.log
Upgrading 'C:/Users/Utilisateur/Documents/POEI/Projet_fin/Projet/src/Flux_VGA/Flux_VGA.srcs/sources_1/bd/design_1/design_1.bd'
INFO: [IP_Flow 19-3422] Upgraded design_1_TGP_1_0 (TGP_v1.0 1.0) from revision 9 to revision 10
Wrote  : <C:\Users\Utilisateur\Documents\POEI\Projet_fin\Projet\src\Flux_VGA\Flux_VGA.srcs\sources_1\bd\design_1\design_1.bd> 
INFO: [Coretcl 2-1525] Wrote upgrade log to 'C:/Users/Utilisateur/Documents/POEI/Projet_fin/Projet/src/Flux_VGA/ip_upgrade.log'.
export_ip_user_files -of_objects [get_ips design_1_TGP_1_0] -no_script -sync -force -quiet
generate_target all [get_files  C:/Users/Utilisateur/Documents/POEI/Projet_fin/Projet/src/Flux_VGA/Flux_VGA.srcs/sources_1/bd/design_1/design_1.bd]
INFO: [xilinx.com:ip:clk_wiz:6.0-1] /clk_wiz_0 clk_wiz propagate
Wrote  : <C:\Users\Utilisateur\Documents\POEI\Projet_fin\Projet\src\Flux_VGA\Flux_VGA.srcs\sources_1\bd\design_1\design_1.bd> 
VHDL Output written to : c:/Users/Utilisateur/Documents/POEI/Projet_fin/Projet/src/Flux_VGA/Flux_VGA.gen/sources_1/bd/design_1/synth/design_1.vhd
VHDL Output written to : c:/Users/Utilisateur/Documents/POEI/Projet_fin/Projet/src/Flux_VGA/Flux_VGA.gen/sources_1/bd/design_1/sim/design_1.vhd
VHDL Output written to : c:/Users/Utilisateur/Documents/POEI/Projet_fin/Projet/src/Flux_VGA/Flux_VGA.gen/sources_1/bd/design_1/hdl/design_1_wrapper.vhd
INFO: [BD 41-1029] Generation completed for the IP Integrator block TGP_1 .
Exporting to file c:/Users/Utilisateur/Documents/POEI/Projet_fin/Projet/src/Flux_VGA/Flux_VGA.gen/sources_1/bd/design_1/hw_handoff/design_1.hwh
Generated Block Design Tcl file c:/Users/Utilisateur/Documents/POEI/Projet_fin/Projet/src/Flux_VGA/Flux_VGA.gen/sources_1/bd/design_1/hw_handoff/design_1_bd.tcl
Generated Hardware Definition File c:/Users/Utilisateur/Documents/POEI/Projet_fin/Projet/src/Flux_VGA/Flux_VGA.gen/sources_1/bd/design_1/synth/design_1.hwdef
export_ip_user_files -of_objects [get_files C:/Users/Utilisateur/Documents/POEI/Projet_fin/Projet/src/Flux_VGA/Flux_VGA.srcs/sources_1/bd/design_1/design_1.bd] -no_script -sync -force -quiet
export_simulation -of_objects [get_files C:/Users/Utilisateur/Documents/POEI/Projet_fin/Projet/src/Flux_VGA/Flux_VGA.srcs/sources_1/bd/design_1/design_1.bd] -directory C:/Users/Utilisateur/Documents/POEI/Projet_fin/Projet/src/Flux_VGA/Flux_VGA.ip_user_files/sim_scripts -ip_user_files_dir C:/Users/Utilisateur/Documents/POEI/Projet_fin/Projet/src/Flux_VGA/Flux_VGA.ip_user_files -ipstatic_source_dir C:/Users/Utilisateur/Documents/POEI/Projet_fin/Projet/src/Flux_VGA/Flux_VGA.ip_user_files/ipstatic -lib_map_path [list {modelsim=C:/Users/Utilisateur/Documents/POEI/Projet_fin/Projet/src/Flux_VGA/Flux_VGA.cache/compile_simlib/modelsim} {questa=C:/Users/Utilisateur/Documents/POEI/Projet_fin/Projet/src/Flux_VGA/Flux_VGA.cache/compile_simlib/questa} {riviera=C:/Users/Utilisateur/Documents/POEI/Projet_fin/Projet/src/Flux_VGA/Flux_VGA.cache/compile_simlib/riviera} {activehdl=C:/Users/Utilisateur/Documents/POEI/Projet_fin/Projet/src/Flux_VGA/Flux_VGA.cache/compile_simlib/activehdl}] -use_ip_compiled_libs -force -quiet
reset_run synth_1
WARNING: [Vivado 12-1017] Problems encountered:
1. Failed to delete one or more files in run directory C:/Users/Utilisateur/Documents/POEI/Projet_fin/Projet/src/Flux_VGA/Flux_VGA.runs/synth_1

launch_runs impl_1 -to_step write_bitstream -jobs 4
[Tue Sep 29 17:27:51 2026] Launched synth_1...
Run output will be captured here: C:/Users/Utilisateur/Documents/POEI/Projet_fin/Projet/src/Flux_VGA/Flux_VGA.runs/synth_1/runme.log
[Tue Sep 29 17:27:51 2026] Launched impl_1...
Run output will be captured here: C:/Users/Utilisateur/Documents/POEI/Projet_fin/Projet/src/Flux_VGA/Flux_VGA.runs/impl_1/runme.log
set_property PROBES.FILE {} [get_hw_devices xc7z010_1]
set_property FULL_PROBES.FILE {} [get_hw_devices xc7z010_1]
set_property PROGRAM.FILE {C:/Users/Utilisateur/Documents/POEI/Projet_fin/Projet/src/Flux_VGA/Flux_VGA.runs/impl_1/design_1_wrapper.bit} [get_hw_devices xc7z010_1]
program_hw_devices [get_hw_devices xc7z010_1]
INFO: [Labtools 27-3164] End of startup status: HIGH
refresh_hw_device [lindex [get_hw_devices xc7z010_1] 0]
INFO: [Labtools 27-1434] Device xc7z010 (JTAG device index = 1) is programmed with a design that has no supported debug core(s) in it.
current_project PMODVGA_v1_0_project
ipx::merge_project_changes files [ipx::current_core]
WARNING: [IP_Flow 19-5226] Project source file 'c:/Users/Utilisateur/Documents/POEI/Projet_fin/Projet/IP/PMODVGA/PMODVGA_1.0/component.xml' ignored by IP packager.
set_property core_revision 22 [ipx::current_core]
ipx::create_xgui_files [ipx::current_core]
ipx::update_checksums [ipx::current_core]
ipx::check_integrity [ipx::current_core]
INFO: [IP_Flow 19-2181] Payment Required is not set for this core.
INFO: [IP_Flow 19-2187] The Product Guide file is missing.
INFO: [Ipptcl 7-1486] check_integrity: Integrity check passed.
ipx::save_core [ipx::current_core]
update_ip_catalog -rebuild -repo_path c:/Users/Utilisateur/Documents/POEI/Projet_fin/Projet/IP
INFO: [IP_Flow 19-725] Reloaded user IP repository 'c:/Users/Utilisateur/Documents/POEI/Projet_fin/Projet/IP'
current_project Flux_VGA
update_ip_catalog -rebuild -scan_changes
INFO: [IP_Flow 19-234] Refreshing IP repositories
WARNING: [IP_Flow 19-3685] Ignored loading user repository 'c:/Users/Utilisateur/Documents/POEI/Projet_fin/Projet/IP/overlay/overlay_1.0'. The path is contained within another repository.
WARNING: [IP_Flow 19-3685] Ignored loading user repository 'c:/Users/Utilisateur/Documents/POEI/Projet_fin/Projet/IP/seuil/seuil_1.0'. The path is contained within another repository.
WARNING: [IP_Flow 19-3685] Ignored loading user repository 'c:/Users/Utilisateur/Documents/POEI/Projet_fin/Projet/IP/filtre_harris/filtre_harris_1.0'. The path is contained within another repository.
WARNING: [IP_Flow 19-3685] Ignored loading user repository 'c:/Users/Utilisateur/Documents/POEI/Projet_fin/Projet/IP/filtre_gaussien/filtre_gaussien_1.0'. The path is contained within another repository.
WARNING: [IP_Flow 19-3685] Ignored loading user repository 'c:/Users/Utilisateur/Documents/POEI/Projet_fin/Projet/IP/luminance/luminance_1.0'. The path is contained within another repository.
WARNING: [IP_Flow 19-3685] Ignored loading user repository 'c:/Users/Utilisateur/Documents/POEI/Projet_fin/Projet/IP/source_select/source_select_1.0'. The path is contained within another repository.
INFO: [IP_Flow 19-1700] Loaded user IP repository 'c:/Users/Utilisateur/Documents/POEI/Projet_fin/Projet/IP'.
report_ip_status -name ip_status
current_project PMODVGA_v1_0_project
current_project Flux_VGA
upgrade_ip -vlnv xilinx.com:user:PMODVGA:1.0 [get_ips  design_1_PMODVGA_0_2] -log ip_upgrade.log
Upgrading 'C:/Users/Utilisateur/Documents/POEI/Projet_fin/Projet/src/Flux_VGA/Flux_VGA.srcs/sources_1/bd/design_1/design_1.bd'
INFO: [IP_Flow 19-3422] Upgraded design_1_PMODVGA_0_2 (PMODVGA_v1.0 1.0) from revision 21 to revision 22
Wrote  : <C:\Users\Utilisateur\Documents\POEI\Projet_fin\Projet\src\Flux_VGA\Flux_VGA.srcs\sources_1\bd\design_1\design_1.bd> 
Wrote  : <C:/Users/Utilisateur/Documents/POEI/Projet_fin/Projet/src/Flux_VGA/Flux_VGA.srcs/sources_1/bd/design_1/ui/bd_1f5defd0.ui> 
INFO: [Coretcl 2-1525] Wrote upgrade log to 'C:/Users/Utilisateur/Documents/POEI/Projet_fin/Projet/src/Flux_VGA/ip_upgrade.log'.
export_ip_user_files -of_objects [get_ips design_1_PMODVGA_0_2] -no_script -sync -force -quiet
generate_target all [get_files  C:/Users/Utilisateur/Documents/POEI/Projet_fin/Projet/src/Flux_VGA/Flux_VGA.srcs/sources_1/bd/design_1/design_1.bd]
INFO: [xilinx.com:ip:clk_wiz:6.0-1] /clk_wiz_0 clk_wiz propagate
Wrote  : <C:\Users\Utilisateur\Documents\POEI\Projet_fin\Projet\src\Flux_VGA\Flux_VGA.srcs\sources_1\bd\design_1\design_1.bd> 
VHDL Output written to : c:/Users/Utilisateur/Documents/POEI/Projet_fin/Projet/src/Flux_VGA/Flux_VGA.gen/sources_1/bd/design_1/synth/design_1.vhd
VHDL Output written to : c:/Users/Utilisateur/Documents/POEI/Projet_fin/Projet/src/Flux_VGA/Flux_VGA.gen/sources_1/bd/design_1/sim/design_1.vhd
VHDL Output written to : c:/Users/Utilisateur/Documents/POEI/Projet_fin/Projet/src/Flux_VGA/Flux_VGA.gen/sources_1/bd/design_1/hdl/design_1_wrapper.vhd
INFO: [BD 41-1029] Generation completed for the IP Integrator block PMODVGA_0 .
Exporting to file c:/Users/Utilisateur/Documents/POEI/Projet_fin/Projet/src/Flux_VGA/Flux_VGA.gen/sources_1/bd/design_1/hw_handoff/design_1.hwh
Generated Block Design Tcl file c:/Users/Utilisateur/Documents/POEI/Projet_fin/Projet/src/Flux_VGA/Flux_VGA.gen/sources_1/bd/design_1/hw_handoff/design_1_bd.tcl
Generated Hardware Definition File c:/Users/Utilisateur/Documents/POEI/Projet_fin/Projet/src/Flux_VGA/Flux_VGA.gen/sources_1/bd/design_1/synth/design_1.hwdef
export_ip_user_files -of_objects [get_files C:/Users/Utilisateur/Documents/POEI/Projet_fin/Projet/src/Flux_VGA/Flux_VGA.srcs/sources_1/bd/design_1/design_1.bd] -no_script -sync -force -quiet
export_simulation -of_objects [get_files C:/Users/Utilisateur/Documents/POEI/Projet_fin/Projet/src/Flux_VGA/Flux_VGA.srcs/sources_1/bd/design_1/design_1.bd] -directory C:/Users/Utilisateur/Documents/POEI/Projet_fin/Projet/src/Flux_VGA/Flux_VGA.ip_user_files/sim_scripts -ip_user_files_dir C:/Users/Utilisateur/Documents/POEI/Projet_fin/Projet/src/Flux_VGA/Flux_VGA.ip_user_files -ipstatic_source_dir C:/Users/Utilisateur/Documents/POEI/Projet_fin/Projet/src/Flux_VGA/Flux_VGA.ip_user_files/ipstatic -lib_map_path [list {modelsim=C:/Users/Utilisateur/Documents/POEI/Projet_fin/Projet/src/Flux_VGA/Flux_VGA.cache/compile_simlib/modelsim} {questa=C:/Users/Utilisateur/Documents/POEI/Projet_fin/Projet/src/Flux_VGA/Flux_VGA.cache/compile_simlib/questa} {riviera=C:/Users/Utilisateur/Documents/POEI/Projet_fin/Projet/src/Flux_VGA/Flux_VGA.cache/compile_simlib/riviera} {activehdl=C:/Users/Utilisateur/Documents/POEI/Projet_fin/Projet/src/Flux_VGA/Flux_VGA.cache/compile_simlib/activehdl}] -use_ip_compiled_libs -force -quiet
reset_run synth_1
WARNING: [Vivado 12-1017] Problems encountered:
1. Failed to delete one or more files in run directory C:/Users/Utilisateur/Documents/POEI/Projet_fin/Projet/src/Flux_VGA/Flux_VGA.runs/synth_1

launch_runs impl_1 -to_step write_bitstream -jobs 4
[Tue Sep 29 17:32:19 2026] Launched synth_1...
Run output will be captured here: C:/Users/Utilisateur/Documents/POEI/Projet_fin/Projet/src/Flux_VGA/Flux_VGA.runs/synth_1/runme.log
[Tue Sep 29 17:32:19 2026] Launched impl_1...
Run output will be captured here: C:/Users/Utilisateur/Documents/POEI/Projet_fin/Projet/src/Flux_VGA/Flux_VGA.runs/impl_1/runme.log
set_property PROBES.FILE {} [get_hw_devices xc7z010_1]
set_property FULL_PROBES.FILE {} [get_hw_devices xc7z010_1]
set_property PROGRAM.FILE {C:/Users/Utilisateur/Documents/POEI/Projet_fin/Projet/src/Flux_VGA/Flux_VGA.runs/impl_1/design_1_wrapper.bit} [get_hw_devices xc7z010_1]
program_hw_devices [get_hw_devices xc7z010_1]
INFO: [Labtools 27-3164] End of startup status: HIGH
refresh_hw_device [lindex [get_hw_devices xc7z010_1] 0]
INFO: [Labtools 27-1434] Device xc7z010 (JTAG device index = 1) is programmed with a design that has no supported debug core(s) in it.
close_project
****** Webtalk v2020.2 (64-bit)
  **** SW Build 3064766 on Wed Nov 18 09:12:45 MST 2020
  **** IP Build 3064653 on Wed Nov 18 14:17:31 MST 2020
    ** Copyright 1986-2020 Xilinx, Inc. All Rights Reserved.

source C:/Users/Utilisateur/Documents/POEI/Projet_fin/Projet/src/Flux_VGA/Flux_VGA.hw/webtalk/labtool_webtalk.tcl -notrace
INFO: [Common 17-206] Exiting Webtalk at Tue Sep 29 17:39:44 2026...
current_project TGP_v1_0_project
close_project
****** Webtalk v2020.2 (64-bit)
  **** SW Build 3064766 on Wed Nov 18 09:12:45 MST 2020
  **** IP Build 3064653 on Wed Nov 18 14:17:31 MST 2020
    ** Copyright 1986-2020 Xilinx, Inc. All Rights Reserved.

source c:/users/utilisateur/documents/poei/projet_fin/projet/src/flux_vga/flux_vga.tmp/tgp_v1_0_project/TGP_v1_0_project.hw/webtalk/labtool_webtalk.tcl -notrace
INFO: [Common 17-206] Exiting Webtalk at Tue Sep 29 17:39:56 2026...
exit
INFO: [Common 17-206] Exiting Vivado at Tue Sep 29 17:40:05 2026...
