Copyright 1986-2020 Xilinx, Inc. All Rights Reserved.
-----------------------------------------------------------------------------------------------------------------------------------------------------------------------------------------------------------------------
| Tool Version : Vivado v.2020.2 (win64) Build 3064766 Wed Nov 18 09:12:45 MST 2020
| Date         : Mon Oct  5 12:08:53 2026
| Host         : NathanPC running 64-bit major release  (build 9200)
| Command      : report_timing_summary -max_paths 10 -file design_1_wrapper_timing_summary_routed.rpt -pb design_1_wrapper_timing_summary_routed.pb -rpx design_1_wrapper_timing_summary_routed.rpx -warn_on_violation
| Design       : design_1_wrapper
| Device       : 7z010-clg400
| Speed File   : -1  PRODUCTION 1.12 2019-11-22
-----------------------------------------------------------------------------------------------------------------------------------------------------------------------------------------------------------------------

Timing Summary Report

------------------------------------------------------------------------------------------------
| Timer Settings
| --------------
------------------------------------------------------------------------------------------------

  Enable Multi Corner Analysis               :  Yes
  Enable Pessimism Removal                   :  Yes
  Pessimism Removal Resolution               :  Nearest Common Node
  Enable Input Delay Default Clock           :  No
  Enable Preset / Clear Arcs                 :  No
  Disable Flight Delays                      :  No
  Ignore I/O Paths                           :  No
  Timing Early Launch at Borrowing Latches   :  No
  Borrow Time for Max Delay Exceptions       :  Yes
  Merge Timing Exceptions                    :  Yes

  Corner  Analyze    Analyze    
  Name    Max Paths  Min Paths  
  ------  ---------  ---------  
  Slow    Yes        Yes        
  Fast    Yes        Yes        



check_timing report

Table of Contents
-----------------
1. checking no_clock (0)
2. checking constant_clock (0)
3. checking pulse_width_clock (0)
4. checking unconstrained_internal_endpoints (0)
5. checking no_input_delay (0)
6. checking no_output_delay (14)
7. checking multiple_clock (128)
8. checking generated_clocks (0)
9. checking loops (0)
10. checking partial_input_delay (0)
11. checking partial_output_delay (0)
12. checking latch_loops (0)

1. checking no_clock (0)
------------------------
 There are 0 register/latch pins with no clock.


2. checking constant_clock (0)
------------------------------
 There are 0 register/latch pins with constant_clock.


3. checking pulse_width_clock (0)
---------------------------------
 There are 0 register/latch pins which need pulse_width check


4. checking unconstrained_internal_endpoints (0)
------------------------------------------------
 There are 0 pins that are not constrained for maximum delay.

 There are 0 pins that are not constrained for maximum delay due to constant clock.


5. checking no_input_delay (0)
------------------------------
 There are 0 input ports with no input delay specified.

 There are 0 input ports with no input delay but user has a false path constraint.


6. checking no_output_delay (14)
--------------------------------
 There are 14 ports with no output delay specified. (HIGH)

 There are 0 ports with no output delay but user has a false path constraint

 There are 0 ports with no output delay but with a timing clock defined on it or propagating through it


7. checking multiple_clock (128)
--------------------------------
 There are 128 register/latch pins with multiple clocks. (HIGH)


8. checking generated_clocks (0)
--------------------------------
 There are 0 generated clocks that are not connected to a clock source.


9. checking loops (0)
---------------------
 There are 0 combinational loops in the design.


10. checking partial_input_delay (0)
------------------------------------
 There are 0 input ports with partial input delay specified.


11. checking partial_output_delay (0)
-------------------------------------
 There are 0 ports with partial output delay specified.


12. checking latch_loops (0)
----------------------------
 There are 0 combinational latch loops in the design through latch input



------------------------------------------------------------------------------------------------
| Design Timing Summary
| ---------------------
------------------------------------------------------------------------------------------------

    WNS(ns)      TNS(ns)  TNS Failing Endpoints  TNS Total Endpoints      WHS(ns)      THS(ns)  THS Failing Endpoints  THS Total Endpoints     WPWS(ns)     TPWS(ns)  TPWS Failing Endpoints  TPWS Total Endpoints  
    -------      -------  ---------------------  -------------------      -------      -------  ---------------------  -------------------     --------     --------  ----------------------  --------------------  
     33.574        0.000                      0                  273        0.036        0.000                      0                  273        2.000        0.000                       0                   134  


All user specified timing constraints are met.


------------------------------------------------------------------------------------------------
| Clock Summary
| -------------
------------------------------------------------------------------------------------------------

Clock                              Waveform(ns)         Period(ns)      Frequency(MHz)
-----                              ------------         ----------      --------------
CLK_I                              {0.000 4.000}        8.000           125.000         
  clk_out1_design_1_clk_wiz_0_0    {0.000 20.000}       40.000          25.000          
  clkfbout_design_1_clk_wiz_0_0    {0.000 20.000}       40.000          25.000          
sys_clk_pin                        {0.000 4.000}        8.000           125.000         
  clk_out1_design_1_clk_wiz_0_0_1  {0.000 20.000}       40.000          25.000          
  clkfbout_design_1_clk_wiz_0_0_1  {0.000 20.000}       40.000          25.000          


------------------------------------------------------------------------------------------------
| Intra Clock Table
| -----------------
------------------------------------------------------------------------------------------------

Clock                                  WNS(ns)      TNS(ns)  TNS Failing Endpoints  TNS Total Endpoints      WHS(ns)      THS(ns)  THS Failing Endpoints  THS Total Endpoints     WPWS(ns)     TPWS(ns)  TPWS Failing Endpoints  TPWS Total Endpoints  
-----                                  -------      -------  ---------------------  -------------------      -------      -------  ---------------------  -------------------     --------     --------  ----------------------  --------------------  
CLK_I                                                                                                                                                                                2.000        0.000                       0                     1  
  clk_out1_design_1_clk_wiz_0_0         33.574        0.000                      0                  273        0.212        0.000                      0                  273       19.500        0.000                       0                   130  
  clkfbout_design_1_clk_wiz_0_0                                                                                                                                                     12.633        0.000                       0                     3  
sys_clk_pin                                                                                                                                                                          2.000        0.000                       0                     1  
  clk_out1_design_1_clk_wiz_0_0_1       33.589        0.000                      0                  273        0.212        0.000                      0                  273       19.500        0.000                       0                   130  
  clkfbout_design_1_clk_wiz_0_0_1                                                                                                                                                   12.633        0.000                       0                     3  


------------------------------------------------------------------------------------------------
| Inter Clock Table
| -----------------
------------------------------------------------------------------------------------------------

From Clock                       To Clock                             WNS(ns)      TNS(ns)  TNS Failing Endpoints  TNS Total Endpoints      WHS(ns)      THS(ns)  THS Failing Endpoints  THS Total Endpoints  
----------                       --------                             -------      -------  ---------------------  -------------------      -------      -------  ---------------------  -------------------  
clk_out1_design_1_clk_wiz_0_0_1  clk_out1_design_1_clk_wiz_0_0         33.574        0.000                      0                  273        0.036        0.000                      0                  273  
clk_out1_design_1_clk_wiz_0_0    clk_out1_design_1_clk_wiz_0_0_1       33.574        0.000                      0                  273        0.036        0.000                      0                  273  


------------------------------------------------------------------------------------------------
| Other Path Groups Table
| -----------------------
------------------------------------------------------------------------------------------------

Path Group    From Clock    To Clock          WNS(ns)      TNS(ns)  TNS Failing Endpoints  TNS Total Endpoints      WHS(ns)      THS(ns)  THS Failing Endpoints  THS Total Endpoints  
----------    ----------    --------          -------      -------  ---------------------  -------------------      -------      -------  ---------------------  -------------------  


------------------------------------------------------------------------------------------------
| Timing Details
| --------------
------------------------------------------------------------------------------------------------


---------------------------------------------------------------------------------------------------
From Clock:  CLK_I
  To Clock:  CLK_I

Setup :           NA  Failing Endpoints,  Worst Slack           NA  ,  Total Violation           NA
Hold  :           NA  Failing Endpoints,  Worst Slack           NA  ,  Total Violation           NA
PW    :            0  Failing Endpoints,  Worst Slack        2.000ns,  Total Violation        0.000ns
---------------------------------------------------------------------------------------------------


Pulse Width Checks
--------------------------------------------------------------------------------------
Clock Name:         CLK_I
Waveform(ns):       { 0.000 4.000 }
Period(ns):         8.000
Sources:            { CLK_I }

Check Type        Corner  Lib Pin           Reference Pin  Required(ns)  Actual(ns)  Slack(ns)  Location        Pin
Min Period        n/a     PLLE2_ADV/CLKIN1  n/a            1.249         8.000       6.751      PLLE2_ADV_X0Y1  design_1_i/clk_wiz_0/inst/plle2_adv_inst/CLKIN1
Max Period        n/a     PLLE2_ADV/CLKIN1  n/a            52.633        8.000       44.633     PLLE2_ADV_X0Y1  design_1_i/clk_wiz_0/inst/plle2_adv_inst/CLKIN1
Low Pulse Width   Slow    PLLE2_ADV/CLKIN1  n/a            2.000         4.000       2.000      PLLE2_ADV_X0Y1  design_1_i/clk_wiz_0/inst/plle2_adv_inst/CLKIN1
Low Pulse Width   Fast    PLLE2_ADV/CLKIN1  n/a            2.000         4.000       2.000      PLLE2_ADV_X0Y1  design_1_i/clk_wiz_0/inst/plle2_adv_inst/CLKIN1
High Pulse Width  Slow    PLLE2_ADV/CLKIN1  n/a            2.000         4.000       2.000      PLLE2_ADV_X0Y1  design_1_i/clk_wiz_0/inst/plle2_adv_inst/CLKIN1
High Pulse Width  Fast    PLLE2_ADV/CLKIN1  n/a            2.000         4.000       2.000      PLLE2_ADV_X0Y1  design_1_i/clk_wiz_0/inst/plle2_adv_inst/CLKIN1



---------------------------------------------------------------------------------------------------
From Clock:  clk_out1_design_1_clk_wiz_0_0
  To Clock:  clk_out1_design_1_clk_wiz_0_0

Setup :            0  Failing Endpoints,  Worst Slack       33.574ns,  Total Violation        0.000ns
Hold  :            0  Failing Endpoints,  Worst Slack        0.212ns,  Total Violation        0.000ns
PW    :            0  Failing Endpoints,  Worst Slack       19.500ns,  Total Violation        0.000ns
---------------------------------------------------------------------------------------------------


Max Delay Paths
--------------------------------------------------------------------------------------
Slack (MET) :             33.574ns  (required time - arrival time)
  Source:                 design_1_i/TGP_1/U0/h_cntr_reg_reg[1]/C
                            (rising edge-triggered cell FDRE clocked by clk_out1_design_1_clk_wiz_0_0  {rise@0.000ns fall@20.000ns period=40.000ns})
  Destination:            design_1_i/TGP_1/U0/v_cntr_reg_reg[0]/R
                            (rising edge-triggered cell FDRE clocked by clk_out1_design_1_clk_wiz_0_0  {rise@0.000ns fall@20.000ns period=40.000ns})
  Path Group:             clk_out1_design_1_clk_wiz_0_0
  Path Type:              Setup (Max at Slow Process Corner)
  Requirement:            40.000ns  (clk_out1_design_1_clk_wiz_0_0 rise@40.000ns - clk_out1_design_1_clk_wiz_0_0 rise@0.000ns)
  Data Path Delay:        5.694ns  (logic 0.828ns (14.541%)  route 4.866ns (85.459%))
  Logic Levels:           3  (LUT4=1 LUT6=2)
  Clock Path Skew:        -0.127ns (DCD - SCD + CPR)
    Destination Clock Delay (DCD):    -1.891ns = ( 38.109 - 40.000 ) 
    Source Clock Delay      (SCD):    -2.166ns
    Clock Pessimism Removal (CPR):    -0.402ns
  Clock Uncertainty:      0.176ns  ((TSJ^2 + DJ^2)^1/2) / 2 + PE
    Total System Jitter     (TSJ):    0.071ns
    Discrete Jitter          (DJ):    0.345ns
    Phase Error              (PE):    0.000ns

    Location             Delay type                Incr(ns)  Path(ns)    Netlist Resource(s)
  -------------------------------------------------------------------    -------------------
                         (clock clk_out1_design_1_clk_wiz_0_0 rise edge)
                                                      0.000     0.000 r  
    H16                                               0.000     0.000 r  CLK_I (IN)
                         net (fo=0)                   0.000     0.000    design_1_i/clk_wiz_0/inst/clk_in1
    H16                  IBUF (Prop_ibuf_I_O)         1.457     1.457 r  design_1_i/clk_wiz_0/inst/clkin1_ibufg/O
                         net (fo=1, routed)           1.306     2.763    design_1_i/clk_wiz_0/inst/clk_in1_design_1_clk_wiz_0_0
    PLLE2_ADV_X0Y1       PLLE2_ADV (Prop_plle2_adv_CLKIN1_CLKOUT0)
                                                     -8.519    -5.756 r  design_1_i/clk_wiz_0/inst/plle2_adv_inst/CLKOUT0
                         net (fo=1, routed)           1.754    -4.002    design_1_i/clk_wiz_0/inst/clk_out1_design_1_clk_wiz_0_0
    BUFGCTRL_X0Y16       BUFG (Prop_bufg_I_O)         0.101    -3.901 r  design_1_i/clk_wiz_0/inst/clkout1_buf/O
                         net (fo=128, routed)         1.735    -2.166    design_1_i/TGP_1/U0/m00_axis_aclk
    SLICE_X37Y24         FDRE                                         r  design_1_i/TGP_1/U0/h_cntr_reg_reg[1]/C
  -------------------------------------------------------------------    -------------------
    SLICE_X37Y24         FDRE (Prop_fdre_C_Q)         0.456    -1.710 r  design_1_i/TGP_1/U0/h_cntr_reg_reg[1]/Q
                         net (fo=6, routed)           1.181    -0.528    design_1_i/TGP_1/U0/h_cntr_reg_reg_n_0_[1]
    SLICE_X39Y26         LUT4 (Prop_lut4_I3_O)        0.124    -0.404 f  design_1_i/TGP_1/U0/h_cntr_reg[0]_i_3/O
                         net (fo=1, routed)           0.985     0.581    design_1_i/TGP_1/U0/h_cntr_reg[0]_i_3_n_0
    SLICE_X39Y26         LUT6 (Prop_lut6_I4_O)        0.124     0.705 r  design_1_i/TGP_1/U0/h_cntr_reg[0]_i_1/O
                         net (fo=25, routed)          2.049     2.754    design_1_i/TGP_1/U0/eqOp1_in
    SLICE_X33Y21         LUT6 (Prop_lut6_I0_O)        0.124     2.878 r  design_1_i/TGP_1/U0/v_cntr_reg[0]_i_1/O
                         net (fo=12, routed)          0.650     3.528    design_1_i/TGP_1/U0/v_cntr_reg0
    SLICE_X33Y18         FDRE                                         r  design_1_i/TGP_1/U0/v_cntr_reg_reg[0]/R
  -------------------------------------------------------------------    -------------------

                         (clock clk_out1_design_1_clk_wiz_0_0 rise edge)
                                                     40.000    40.000 r  
    H16                                               0.000    40.000 r  CLK_I (IN)
                         net (fo=0)                   0.000    40.000    design_1_i/clk_wiz_0/inst/clk_in1
    H16                  IBUF (Prop_ibuf_I_O)         1.387    41.387 r  design_1_i/clk_wiz_0/inst/clkin1_ibufg/O
                         net (fo=1, routed)           1.181    42.568    design_1_i/clk_wiz_0/inst/clk_in1_design_1_clk_wiz_0_0
    PLLE2_ADV_X0Y1       PLLE2_ADV (Prop_plle2_adv_CLKIN1_CLKOUT0)
                                                     -7.637    34.931 r  design_1_i/clk_wiz_0/inst/plle2_adv_inst/CLKOUT0
                         net (fo=1, routed)           1.594    36.525    design_1_i/clk_wiz_0/inst/clk_out1_design_1_clk_wiz_0_0
    BUFGCTRL_X0Y16       BUFG (Prop_bufg_I_O)         0.091    36.616 r  design_1_i/clk_wiz_0/inst/clkout1_buf/O
                         net (fo=128, routed)         1.493    38.109    design_1_i/TGP_1/U0/m00_axis_aclk
    SLICE_X33Y18         FDRE                                         r  design_1_i/TGP_1/U0/v_cntr_reg_reg[0]/C
                         clock pessimism             -0.402    37.707    
                         clock uncertainty           -0.176    37.531    
    SLICE_X33Y18         FDRE (Setup_fdre_C_R)       -0.429    37.102    design_1_i/TGP_1/U0/v_cntr_reg_reg[0]
  -------------------------------------------------------------------
                         required time                         37.102    
                         arrival time                          -3.528    
  -------------------------------------------------------------------
                         slack                                 33.574    

Slack (MET) :             33.574ns  (required time - arrival time)
  Source:                 design_1_i/TGP_1/U0/h_cntr_reg_reg[1]/C
                            (rising edge-triggered cell FDRE clocked by clk_out1_design_1_clk_wiz_0_0  {rise@0.000ns fall@20.000ns period=40.000ns})
  Destination:            design_1_i/TGP_1/U0/v_cntr_reg_reg[1]/R
                            (rising edge-triggered cell FDRE clocked by clk_out1_design_1_clk_wiz_0_0  {rise@0.000ns fall@20.000ns period=40.000ns})
  Path Group:             clk_out1_design_1_clk_wiz_0_0
  Path Type:              Setup (Max at Slow Process Corner)
  Requirement:            40.000ns  (clk_out1_design_1_clk_wiz_0_0 rise@40.000ns - clk_out1_design_1_clk_wiz_0_0 rise@0.000ns)
  Data Path Delay:        5.694ns  (logic 0.828ns (14.541%)  route 4.866ns (85.459%))
  Logic Levels:           3  (LUT4=1 LUT6=2)
  Clock Path Skew:        -0.127ns (DCD - SCD + CPR)
    Destination Clock Delay (DCD):    -1.891ns = ( 38.109 - 40.000 ) 
    Source Clock Delay      (SCD):    -2.166ns
    Clock Pessimism Removal (CPR):    -0.402ns
  Clock Uncertainty:      0.176ns  ((TSJ^2 + DJ^2)^1/2) / 2 + PE
    Total System Jitter     (TSJ):    0.071ns
    Discrete Jitter          (DJ):    0.345ns
    Phase Error              (PE):    0.000ns

    Location             Delay type                Incr(ns)  Path(ns)    Netlist Resource(s)
  -------------------------------------------------------------------    -------------------
                         (clock clk_out1_design_1_clk_wiz_0_0 rise edge)
                                                      0.000     0.000 r  
    H16                                               0.000     0.000 r  CLK_I (IN)
                         net (fo=0)                   0.000     0.000    design_1_i/clk_wiz_0/inst/clk_in1
    H16                  IBUF (Prop_ibuf_I_O)         1.457     1.457 r  design_1_i/clk_wiz_0/inst/clkin1_ibufg/O
                         net (fo=1, routed)           1.306     2.763    design_1_i/clk_wiz_0/inst/clk_in1_design_1_clk_wiz_0_0
    PLLE2_ADV_X0Y1       PLLE2_ADV (Prop_plle2_adv_CLKIN1_CLKOUT0)
                                                     -8.519    -5.756 r  design_1_i/clk_wiz_0/inst/plle2_adv_inst/CLKOUT0
                         net (fo=1, routed)           1.754    -4.002    design_1_i/clk_wiz_0/inst/clk_out1_design_1_clk_wiz_0_0
    BUFGCTRL_X0Y16       BUFG (Prop_bufg_I_O)         0.101    -3.901 r  design_1_i/clk_wiz_0/inst/clkout1_buf/O
                         net (fo=128, routed)         1.735    -2.166    design_1_i/TGP_1/U0/m00_axis_aclk
    SLICE_X37Y24         FDRE                                         r  design_1_i/TGP_1/U0/h_cntr_reg_reg[1]/C
  -------------------------------------------------------------------    -------------------
    SLICE_X37Y24         FDRE (Prop_fdre_C_Q)         0.456    -1.710 r  design_1_i/TGP_1/U0/h_cntr_reg_reg[1]/Q
                         net (fo=6, routed)           1.181    -0.528    design_1_i/TGP_1/U0/h_cntr_reg_reg_n_0_[1]
    SLICE_X39Y26         LUT4 (Prop_lut4_I3_O)        0.124    -0.404 f  design_1_i/TGP_1/U0/h_cntr_reg[0]_i_3/O
                         net (fo=1, routed)           0.985     0.581    design_1_i/TGP_1/U0/h_cntr_reg[0]_i_3_n_0
    SLICE_X39Y26         LUT6 (Prop_lut6_I4_O)        0.124     0.705 r  design_1_i/TGP_1/U0/h_cntr_reg[0]_i_1/O
                         net (fo=25, routed)          2.049     2.754    design_1_i/TGP_1/U0/eqOp1_in
    SLICE_X33Y21         LUT6 (Prop_lut6_I0_O)        0.124     2.878 r  design_1_i/TGP_1/U0/v_cntr_reg[0]_i_1/O
                         net (fo=12, routed)          0.650     3.528    design_1_i/TGP_1/U0/v_cntr_reg0
    SLICE_X33Y18         FDRE                                         r  design_1_i/TGP_1/U0/v_cntr_reg_reg[1]/R
  -------------------------------------------------------------------    -------------------

                         (clock clk_out1_design_1_clk_wiz_0_0 rise edge)
                                                     40.000    40.000 r  
    H16                                               0.000    40.000 r  CLK_I (IN)
                         net (fo=0)                   0.000    40.000    design_1_i/clk_wiz_0/inst/clk_in1
    H16                  IBUF (Prop_ibuf_I_O)         1.387    41.387 r  design_1_i/clk_wiz_0/inst/clkin1_ibufg/O
                         net (fo=1, routed)           1.181    42.568    design_1_i/clk_wiz_0/inst/clk_in1_design_1_clk_wiz_0_0
    PLLE2_ADV_X0Y1       PLLE2_ADV (Prop_plle2_adv_CLKIN1_CLKOUT0)
                                                     -7.637    34.931 r  design_1_i/clk_wiz_0/inst/plle2_adv_inst/CLKOUT0
                         net (fo=1, routed)           1.594    36.525    design_1_i/clk_wiz_0/inst/clk_out1_design_1_clk_wiz_0_0
    BUFGCTRL_X0Y16       BUFG (Prop_bufg_I_O)         0.091    36.616 r  design_1_i/clk_wiz_0/inst/clkout1_buf/O
                         net (fo=128, routed)         1.493    38.109    design_1_i/TGP_1/U0/m00_axis_aclk
    SLICE_X33Y18         FDRE                                         r  design_1_i/TGP_1/U0/v_cntr_reg_reg[1]/C
                         clock pessimism             -0.402    37.707    
                         clock uncertainty           -0.176    37.531    
    SLICE_X33Y18         FDRE (Setup_fdre_C_R)       -0.429    37.102    design_1_i/TGP_1/U0/v_cntr_reg_reg[1]
  -------------------------------------------------------------------
                         required time                         37.102    
                         arrival time                          -3.528    
  -------------------------------------------------------------------
                         slack                                 33.574    

Slack (MET) :             33.574ns  (required time - arrival time)
  Source:                 design_1_i/TGP_1/U0/h_cntr_reg_reg[1]/C
                            (rising edge-triggered cell FDRE clocked by clk_out1_design_1_clk_wiz_0_0  {rise@0.000ns fall@20.000ns period=40.000ns})
  Destination:            design_1_i/TGP_1/U0/v_cntr_reg_reg[2]/R
                            (rising edge-triggered cell FDRE clocked by clk_out1_design_1_clk_wiz_0_0  {rise@0.000ns fall@20.000ns period=40.000ns})
  Path Group:             clk_out1_design_1_clk_wiz_0_0
  Path Type:              Setup (Max at Slow Process Corner)
  Requirement:            40.000ns  (clk_out1_design_1_clk_wiz_0_0 rise@40.000ns - clk_out1_design_1_clk_wiz_0_0 rise@0.000ns)
  Data Path Delay:        5.694ns  (logic 0.828ns (14.541%)  route 4.866ns (85.459%))
  Logic Levels:           3  (LUT4=1 LUT6=2)
  Clock Path Skew:        -0.127ns (DCD - SCD + CPR)
    Destination Clock Delay (DCD):    -1.891ns = ( 38.109 - 40.000 ) 
    Source Clock Delay      (SCD):    -2.166ns
    Clock Pessimism Removal (CPR):    -0.402ns
  Clock Uncertainty:      0.176ns  ((TSJ^2 + DJ^2)^1/2) / 2 + PE
    Total System Jitter     (TSJ):    0.071ns
    Discrete Jitter          (DJ):    0.345ns
    Phase Error              (PE):    0.000ns

    Location             Delay type                Incr(ns)  Path(ns)    Netlist Resource(s)
  -------------------------------------------------------------------    -------------------
                         (clock clk_out1_design_1_clk_wiz_0_0 rise edge)
                                                      0.000     0.000 r  
    H16                                               0.000     0.000 r  CLK_I (IN)
                         net (fo=0)                   0.000     0.000    design_1_i/clk_wiz_0/inst/clk_in1
    H16                  IBUF (Prop_ibuf_I_O)         1.457     1.457 r  design_1_i/clk_wiz_0/inst/clkin1_ibufg/O
                         net (fo=1, routed)           1.306     2.763    design_1_i/clk_wiz_0/inst/clk_in1_design_1_clk_wiz_0_0
    PLLE2_ADV_X0Y1       PLLE2_ADV (Prop_plle2_adv_CLKIN1_CLKOUT0)
                                                     -8.519    -5.756 r  design_1_i/clk_wiz_0/inst/plle2_adv_inst/CLKOUT0
                         net (fo=1, routed)           1.754    -4.002    design_1_i/clk_wiz_0/inst/clk_out1_design_1_clk_wiz_0_0
    BUFGCTRL_X0Y16       BUFG (Prop_bufg_I_O)         0.101    -3.901 r  design_1_i/clk_wiz_0/inst/clkout1_buf/O
                         net (fo=128, routed)         1.735    -2.166    design_1_i/TGP_1/U0/m00_axis_aclk
    SLICE_X37Y24         FDRE                                         r  design_1_i/TGP_1/U0/h_cntr_reg_reg[1]/C
  -------------------------------------------------------------------    -------------------
    SLICE_X37Y24         FDRE (Prop_fdre_C_Q)         0.456    -1.710 r  design_1_i/TGP_1/U0/h_cntr_reg_reg[1]/Q
                         net (fo=6, routed)           1.181    -0.528    design_1_i/TGP_1/U0/h_cntr_reg_reg_n_0_[1]
    SLICE_X39Y26         LUT4 (Prop_lut4_I3_O)        0.124    -0.404 f  design_1_i/TGP_1/U0/h_cntr_reg[0]_i_3/O
                         net (fo=1, routed)           0.985     0.581    design_1_i/TGP_1/U0/h_cntr_reg[0]_i_3_n_0
    SLICE_X39Y26         LUT6 (Prop_lut6_I4_O)        0.124     0.705 r  design_1_i/TGP_1/U0/h_cntr_reg[0]_i_1/O
                         net (fo=25, routed)          2.049     2.754    design_1_i/TGP_1/U0/eqOp1_in
    SLICE_X33Y21         LUT6 (Prop_lut6_I0_O)        0.124     2.878 r  design_1_i/TGP_1/U0/v_cntr_reg[0]_i_1/O
                         net (fo=12, routed)          0.650     3.528    design_1_i/TGP_1/U0/v_cntr_reg0
    SLICE_X33Y18         FDRE                                         r  design_1_i/TGP_1/U0/v_cntr_reg_reg[2]/R
  -------------------------------------------------------------------    -------------------

                         (clock clk_out1_design_1_clk_wiz_0_0 rise edge)
                                                     40.000    40.000 r  
    H16                                               0.000    40.000 r  CLK_I (IN)
                         net (fo=0)                   0.000    40.000    design_1_i/clk_wiz_0/inst/clk_in1
    H16                  IBUF (Prop_ibuf_I_O)         1.387    41.387 r  design_1_i/clk_wiz_0/inst/clkin1_ibufg/O
                         net (fo=1, routed)           1.181    42.568    design_1_i/clk_wiz_0/inst/clk_in1_design_1_clk_wiz_0_0
    PLLE2_ADV_X0Y1       PLLE2_ADV (Prop_plle2_adv_CLKIN1_CLKOUT0)
                                                     -7.637    34.931 r  design_1_i/clk_wiz_0/inst/plle2_adv_inst/CLKOUT0
                         net (fo=1, routed)           1.594    36.525    design_1_i/clk_wiz_0/inst/clk_out1_design_1_clk_wiz_0_0
    BUFGCTRL_X0Y16       BUFG (Prop_bufg_I_O)         0.091    36.616 r  design_1_i/clk_wiz_0/inst/clkout1_buf/O
                         net (fo=128, routed)         1.493    38.109    design_1_i/TGP_1/U0/m00_axis_aclk
    SLICE_X33Y18         FDRE                                         r  design_1_i/TGP_1/U0/v_cntr_reg_reg[2]/C
                         clock pessimism             -0.402    37.707    
                         clock uncertainty           -0.176    37.531    
    SLICE_X33Y18         FDRE (Setup_fdre_C_R)       -0.429    37.102    design_1_i/TGP_1/U0/v_cntr_reg_reg[2]
  -------------------------------------------------------------------
                         required time                         37.102    
                         arrival time                          -3.528    
  -------------------------------------------------------------------
                         slack                                 33.574    

Slack (MET) :             33.574ns  (required time - arrival time)
  Source:                 design_1_i/TGP_1/U0/h_cntr_reg_reg[1]/C
                            (rising edge-triggered cell FDRE clocked by clk_out1_design_1_clk_wiz_0_0  {rise@0.000ns fall@20.000ns period=40.000ns})
  Destination:            design_1_i/TGP_1/U0/v_cntr_reg_reg[3]/R
                            (rising edge-triggered cell FDRE clocked by clk_out1_design_1_clk_wiz_0_0  {rise@0.000ns fall@20.000ns period=40.000ns})
  Path Group:             clk_out1_design_1_clk_wiz_0_0
  Path Type:              Setup (Max at Slow Process Corner)
  Requirement:            40.000ns  (clk_out1_design_1_clk_wiz_0_0 rise@40.000ns - clk_out1_design_1_clk_wiz_0_0 rise@0.000ns)
  Data Path Delay:        5.694ns  (logic 0.828ns (14.541%)  route 4.866ns (85.459%))
  Logic Levels:           3  (LUT4=1 LUT6=2)
  Clock Path Skew:        -0.127ns (DCD - SCD + CPR)
    Destination Clock Delay (DCD):    -1.891ns = ( 38.109 - 40.000 ) 
    Source Clock Delay      (SCD):    -2.166ns
    Clock Pessimism Removal (CPR):    -0.402ns
  Clock Uncertainty:      0.176ns  ((TSJ^2 + DJ^2)^1/2) / 2 + PE
    Total System Jitter     (TSJ):    0.071ns
    Discrete Jitter          (DJ):    0.345ns
    Phase Error              (PE):    0.000ns

    Location             Delay type                Incr(ns)  Path(ns)    Netlist Resource(s)
  -------------------------------------------------------------------    -------------------
                         (clock clk_out1_design_1_clk_wiz_0_0 rise edge)
                                                      0.000     0.000 r  
    H16                                               0.000     0.000 r  CLK_I (IN)
                         net (fo=0)                   0.000     0.000    design_1_i/clk_wiz_0/inst/clk_in1
    H16                  IBUF (Prop_ibuf_I_O)         1.457     1.457 r  design_1_i/clk_wiz_0/inst/clkin1_ibufg/O
                         net (fo=1, routed)           1.306     2.763    design_1_i/clk_wiz_0/inst/clk_in1_design_1_clk_wiz_0_0
    PLLE2_ADV_X0Y1       PLLE2_ADV (Prop_plle2_adv_CLKIN1_CLKOUT0)
                                                     -8.519    -5.756 r  design_1_i/clk_wiz_0/inst/plle2_adv_inst/CLKOUT0
                         net (fo=1, routed)           1.754    -4.002    design_1_i/clk_wiz_0/inst/clk_out1_design_1_clk_wiz_0_0
    BUFGCTRL_X0Y16       BUFG (Prop_bufg_I_O)         0.101    -3.901 r  design_1_i/clk_wiz_0/inst/clkout1_buf/O
                         net (fo=128, routed)         1.735    -2.166    design_1_i/TGP_1/U0/m00_axis_aclk
    SLICE_X37Y24         FDRE                                         r  design_1_i/TGP_1/U0/h_cntr_reg_reg[1]/C
  -------------------------------------------------------------------    -------------------
    SLICE_X37Y24         FDRE (Prop_fdre_C_Q)         0.456    -1.710 r  design_1_i/TGP_1/U0/h_cntr_reg_reg[1]/Q
                         net (fo=6, routed)           1.181    -0.528    design_1_i/TGP_1/U0/h_cntr_reg_reg_n_0_[1]
    SLICE_X39Y26         LUT4 (Prop_lut4_I3_O)        0.124    -0.404 f  design_1_i/TGP_1/U0/h_cntr_reg[0]_i_3/O
                         net (fo=1, routed)           0.985     0.581    design_1_i/TGP_1/U0/h_cntr_reg[0]_i_3_n_0
    SLICE_X39Y26         LUT6 (Prop_lut6_I4_O)        0.124     0.705 r  design_1_i/TGP_1/U0/h_cntr_reg[0]_i_1/O
                         net (fo=25, routed)          2.049     2.754    design_1_i/TGP_1/U0/eqOp1_in
    SLICE_X33Y21         LUT6 (Prop_lut6_I0_O)        0.124     2.878 r  design_1_i/TGP_1/U0/v_cntr_reg[0]_i_1/O
                         net (fo=12, routed)          0.650     3.528    design_1_i/TGP_1/U0/v_cntr_reg0
    SLICE_X33Y18         FDRE                                         r  design_1_i/TGP_1/U0/v_cntr_reg_reg[3]/R
  -------------------------------------------------------------------    -------------------

                         (clock clk_out1_design_1_clk_wiz_0_0 rise edge)
                                                     40.000    40.000 r  
    H16                                               0.000    40.000 r  CLK_I (IN)
                         net (fo=0)                   0.000    40.000    design_1_i/clk_wiz_0/inst/clk_in1
    H16                  IBUF (Prop_ibuf_I_O)         1.387    41.387 r  design_1_i/clk_wiz_0/inst/clkin1_ibufg/O
                         net (fo=1, routed)           1.181    42.568    design_1_i/clk_wiz_0/inst/clk_in1_design_1_clk_wiz_0_0
    PLLE2_ADV_X0Y1       PLLE2_ADV (Prop_plle2_adv_CLKIN1_CLKOUT0)
                                                     -7.637    34.931 r  design_1_i/clk_wiz_0/inst/plle2_adv_inst/CLKOUT0
                         net (fo=1, routed)           1.594    36.525    design_1_i/clk_wiz_0/inst/clk_out1_design_1_clk_wiz_0_0
    BUFGCTRL_X0Y16       BUFG (Prop_bufg_I_O)         0.091    36.616 r  design_1_i/clk_wiz_0/inst/clkout1_buf/O
                         net (fo=128, routed)         1.493    38.109    design_1_i/TGP_1/U0/m00_axis_aclk
    SLICE_X33Y18         FDRE                                         r  design_1_i/TGP_1/U0/v_cntr_reg_reg[3]/C
                         clock pessimism             -0.402    37.707    
                         clock uncertainty           -0.176    37.531    
    SLICE_X33Y18         FDRE (Setup_fdre_C_R)       -0.429    37.102    design_1_i/TGP_1/U0/v_cntr_reg_reg[3]
  -------------------------------------------------------------------
                         required time                         37.102    
                         arrival time                          -3.528    
  -------------------------------------------------------------------
                         slack                                 33.574    

Slack (MET) :             33.636ns  (required time - arrival time)
  Source:                 design_1_i/TGP_1/U0/h_cntr_reg_reg[1]/C
                            (rising edge-triggered cell FDRE clocked by clk_out1_design_1_clk_wiz_0_0  {rise@0.000ns fall@20.000ns period=40.000ns})
  Destination:            design_1_i/TGP_1/U0/v_cntr_reg_reg[10]/R
                            (rising edge-triggered cell FDRE clocked by clk_out1_design_1_clk_wiz_0_0  {rise@0.000ns fall@20.000ns period=40.000ns})
  Path Group:             clk_out1_design_1_clk_wiz_0_0
  Path Type:              Setup (Max at Slow Process Corner)
  Requirement:            40.000ns  (clk_out1_design_1_clk_wiz_0_0 rise@40.000ns - clk_out1_design_1_clk_wiz_0_0 rise@0.000ns)
  Data Path Delay:        5.631ns  (logic 0.828ns (14.705%)  route 4.803ns (85.295%))
  Logic Levels:           3  (LUT4=1 LUT6=2)
  Clock Path Skew:        -0.128ns (DCD - SCD + CPR)
    Destination Clock Delay (DCD):    -1.892ns = ( 38.108 - 40.000 ) 
    Source Clock Delay      (SCD):    -2.166ns
    Clock Pessimism Removal (CPR):    -0.402ns
  Clock Uncertainty:      0.176ns  ((TSJ^2 + DJ^2)^1/2) / 2 + PE
    Total System Jitter     (TSJ):    0.071ns
    Discrete Jitter          (DJ):    0.345ns
    Phase Error              (PE):    0.000ns

    Location             Delay type                Incr(ns)  Path(ns)    Netlist Resource(s)
  -------------------------------------------------------------------    -------------------
                         (clock clk_out1_design_1_clk_wiz_0_0 rise edge)
                                                      0.000     0.000 r  
    H16                                               0.000     0.000 r  CLK_I (IN)
                         net (fo=0)                   0.000     0.000    design_1_i/clk_wiz_0/inst/clk_in1
    H16                  IBUF (Prop_ibuf_I_O)         1.457     1.457 r  design_1_i/clk_wiz_0/inst/clkin1_ibufg/O
                         net (fo=1, routed)           1.306     2.763    design_1_i/clk_wiz_0/inst/clk_in1_design_1_clk_wiz_0_0
    PLLE2_ADV_X0Y1       PLLE2_ADV (Prop_plle2_adv_CLKIN1_CLKOUT0)
                                                     -8.519    -5.756 r  design_1_i/clk_wiz_0/inst/plle2_adv_inst/CLKOUT0
                         net (fo=1, routed)           1.754    -4.002    design_1_i/clk_wiz_0/inst/clk_out1_design_1_clk_wiz_0_0
    BUFGCTRL_X0Y16       BUFG (Prop_bufg_I_O)         0.101    -3.901 r  design_1_i/clk_wiz_0/inst/clkout1_buf/O
                         net (fo=128, routed)         1.735    -2.166    design_1_i/TGP_1/U0/m00_axis_aclk
    SLICE_X37Y24         FDRE                                         r  design_1_i/TGP_1/U0/h_cntr_reg_reg[1]/C
  -------------------------------------------------------------------    -------------------
    SLICE_X37Y24         FDRE (Prop_fdre_C_Q)         0.456    -1.710 r  design_1_i/TGP_1/U0/h_cntr_reg_reg[1]/Q
                         net (fo=6, routed)           1.181    -0.528    design_1_i/TGP_1/U0/h_cntr_reg_reg_n_0_[1]
    SLICE_X39Y26         LUT4 (Prop_lut4_I3_O)        0.124    -0.404 f  design_1_i/TGP_1/U0/h_cntr_reg[0]_i_3/O
                         net (fo=1, routed)           0.985     0.581    design_1_i/TGP_1/U0/h_cntr_reg[0]_i_3_n_0
    SLICE_X39Y26         LUT6 (Prop_lut6_I4_O)        0.124     0.705 r  design_1_i/TGP_1/U0/h_cntr_reg[0]_i_1/O
                         net (fo=25, routed)          2.049     2.754    design_1_i/TGP_1/U0/eqOp1_in
    SLICE_X33Y21         LUT6 (Prop_lut6_I0_O)        0.124     2.878 r  design_1_i/TGP_1/U0/v_cntr_reg[0]_i_1/O
                         net (fo=12, routed)          0.587     3.465    design_1_i/TGP_1/U0/v_cntr_reg0
    SLICE_X33Y20         FDRE                                         r  design_1_i/TGP_1/U0/v_cntr_reg_reg[10]/R
  -------------------------------------------------------------------    -------------------

                         (clock clk_out1_design_1_clk_wiz_0_0 rise edge)
                                                     40.000    40.000 r  
    H16                                               0.000    40.000 r  CLK_I (IN)
                         net (fo=0)                   0.000    40.000    design_1_i/clk_wiz_0/inst/clk_in1
    H16                  IBUF (Prop_ibuf_I_O)         1.387    41.387 r  design_1_i/clk_wiz_0/inst/clkin1_ibufg/O
                         net (fo=1, routed)           1.181    42.568    design_1_i/clk_wiz_0/inst/clk_in1_design_1_clk_wiz_0_0
    PLLE2_ADV_X0Y1       PLLE2_ADV (Prop_plle2_adv_CLKIN1_CLKOUT0)
                                                     -7.637    34.931 r  design_1_i/clk_wiz_0/inst/plle2_adv_inst/CLKOUT0
                         net (fo=1, routed)           1.594    36.525    design_1_i/clk_wiz_0/inst/clk_out1_design_1_clk_wiz_0_0
    BUFGCTRL_X0Y16       BUFG (Prop_bufg_I_O)         0.091    36.616 r  design_1_i/clk_wiz_0/inst/clkout1_buf/O
                         net (fo=128, routed)         1.492    38.108    design_1_i/TGP_1/U0/m00_axis_aclk
    SLICE_X33Y20         FDRE                                         r  design_1_i/TGP_1/U0/v_cntr_reg_reg[10]/C
                         clock pessimism             -0.402    37.706    
                         clock uncertainty           -0.176    37.530    
    SLICE_X33Y20         FDRE (Setup_fdre_C_R)       -0.429    37.101    design_1_i/TGP_1/U0/v_cntr_reg_reg[10]
  -------------------------------------------------------------------
                         required time                         37.101    
                         arrival time                          -3.465    
  -------------------------------------------------------------------
                         slack                                 33.636    

Slack (MET) :             33.636ns  (required time - arrival time)
  Source:                 design_1_i/TGP_1/U0/h_cntr_reg_reg[1]/C
                            (rising edge-triggered cell FDRE clocked by clk_out1_design_1_clk_wiz_0_0  {rise@0.000ns fall@20.000ns period=40.000ns})
  Destination:            design_1_i/TGP_1/U0/v_cntr_reg_reg[11]/R
                            (rising edge-triggered cell FDRE clocked by clk_out1_design_1_clk_wiz_0_0  {rise@0.000ns fall@20.000ns period=40.000ns})
  Path Group:             clk_out1_design_1_clk_wiz_0_0
  Path Type:              Setup (Max at Slow Process Corner)
  Requirement:            40.000ns  (clk_out1_design_1_clk_wiz_0_0 rise@40.000ns - clk_out1_design_1_clk_wiz_0_0 rise@0.000ns)
  Data Path Delay:        5.631ns  (logic 0.828ns (14.705%)  route 4.803ns (85.295%))
  Logic Levels:           3  (LUT4=1 LUT6=2)
  Clock Path Skew:        -0.128ns (DCD - SCD + CPR)
    Destination Clock Delay (DCD):    -1.892ns = ( 38.108 - 40.000 ) 
    Source Clock Delay      (SCD):    -2.166ns
    Clock Pessimism Removal (CPR):    -0.402ns
  Clock Uncertainty:      0.176ns  ((TSJ^2 + DJ^2)^1/2) / 2 + PE
    Total System Jitter     (TSJ):    0.071ns
    Discrete Jitter          (DJ):    0.345ns
    Phase Error              (PE):    0.000ns

    Location             Delay type                Incr(ns)  Path(ns)    Netlist Resource(s)
  -------------------------------------------------------------------    -------------------
                         (clock clk_out1_design_1_clk_wiz_0_0 rise edge)
                                                      0.000     0.000 r  
    H16                                               0.000     0.000 r  CLK_I (IN)
                         net (fo=0)                   0.000     0.000    design_1_i/clk_wiz_0/inst/clk_in1
    H16                  IBUF (Prop_ibuf_I_O)         1.457     1.457 r  design_1_i/clk_wiz_0/inst/clkin1_ibufg/O
                         net (fo=1, routed)           1.306     2.763    design_1_i/clk_wiz_0/inst/clk_in1_design_1_clk_wiz_0_0
    PLLE2_ADV_X0Y1       PLLE2_ADV (Prop_plle2_adv_CLKIN1_CLKOUT0)
                                                     -8.519    -5.756 r  design_1_i/clk_wiz_0/inst/plle2_adv_inst/CLKOUT0
                         net (fo=1, routed)           1.754    -4.002    design_1_i/clk_wiz_0/inst/clk_out1_design_1_clk_wiz_0_0
    BUFGCTRL_X0Y16       BUFG (Prop_bufg_I_O)         0.101    -3.901 r  design_1_i/clk_wiz_0/inst/clkout1_buf/O
                         net (fo=128, routed)         1.735    -2.166    design_1_i/TGP_1/U0/m00_axis_aclk
    SLICE_X37Y24         FDRE                                         r  design_1_i/TGP_1/U0/h_cntr_reg_reg[1]/C
  -------------------------------------------------------------------    -------------------
    SLICE_X37Y24         FDRE (Prop_fdre_C_Q)         0.456    -1.710 r  design_1_i/TGP_1/U0/h_cntr_reg_reg[1]/Q
                         net (fo=6, routed)           1.181    -0.528    design_1_i/TGP_1/U0/h_cntr_reg_reg_n_0_[1]
    SLICE_X39Y26         LUT4 (Prop_lut4_I3_O)        0.124    -0.404 f  design_1_i/TGP_1/U0/h_cntr_reg[0]_i_3/O
                         net (fo=1, routed)           0.985     0.581    design_1_i/TGP_1/U0/h_cntr_reg[0]_i_3_n_0
    SLICE_X39Y26         LUT6 (Prop_lut6_I4_O)        0.124     0.705 r  design_1_i/TGP_1/U0/h_cntr_reg[0]_i_1/O
                         net (fo=25, routed)          2.049     2.754    design_1_i/TGP_1/U0/eqOp1_in
    SLICE_X33Y21         LUT6 (Prop_lut6_I0_O)        0.124     2.878 r  design_1_i/TGP_1/U0/v_cntr_reg[0]_i_1/O
                         net (fo=12, routed)          0.587     3.465    design_1_i/TGP_1/U0/v_cntr_reg0
    SLICE_X33Y20         FDRE                                         r  design_1_i/TGP_1/U0/v_cntr_reg_reg[11]/R
  -------------------------------------------------------------------    -------------------

                         (clock clk_out1_design_1_clk_wiz_0_0 rise edge)
                                                     40.000    40.000 r  
    H16                                               0.000    40.000 r  CLK_I (IN)
                         net (fo=0)                   0.000    40.000    design_1_i/clk_wiz_0/inst/clk_in1
    H16                  IBUF (Prop_ibuf_I_O)         1.387    41.387 r  design_1_i/clk_wiz_0/inst/clkin1_ibufg/O
                         net (fo=1, routed)           1.181    42.568    design_1_i/clk_wiz_0/inst/clk_in1_design_1_clk_wiz_0_0
    PLLE2_ADV_X0Y1       PLLE2_ADV (Prop_plle2_adv_CLKIN1_CLKOUT0)
                                                     -7.637    34.931 r  design_1_i/clk_wiz_0/inst/plle2_adv_inst/CLKOUT0
                         net (fo=1, routed)           1.594    36.525    design_1_i/clk_wiz_0/inst/clk_out1_design_1_clk_wiz_0_0
    BUFGCTRL_X0Y16       BUFG (Prop_bufg_I_O)         0.091    36.616 r  design_1_i/clk_wiz_0/inst/clkout1_buf/O
                         net (fo=128, routed)         1.492    38.108    design_1_i/TGP_1/U0/m00_axis_aclk
    SLICE_X33Y20         FDRE                                         r  design_1_i/TGP_1/U0/v_cntr_reg_reg[11]/C
                         clock pessimism             -0.402    37.706    
                         clock uncertainty           -0.176    37.530    
    SLICE_X33Y20         FDRE (Setup_fdre_C_R)       -0.429    37.101    design_1_i/TGP_1/U0/v_cntr_reg_reg[11]
  -------------------------------------------------------------------
                         required time                         37.101    
                         arrival time                          -3.465    
  -------------------------------------------------------------------
                         slack                                 33.636    

Slack (MET) :             33.636ns  (required time - arrival time)
  Source:                 design_1_i/TGP_1/U0/h_cntr_reg_reg[1]/C
                            (rising edge-triggered cell FDRE clocked by clk_out1_design_1_clk_wiz_0_0  {rise@0.000ns fall@20.000ns period=40.000ns})
  Destination:            design_1_i/TGP_1/U0/v_cntr_reg_reg[8]/R
                            (rising edge-triggered cell FDRE clocked by clk_out1_design_1_clk_wiz_0_0  {rise@0.000ns fall@20.000ns period=40.000ns})
  Path Group:             clk_out1_design_1_clk_wiz_0_0
  Path Type:              Setup (Max at Slow Process Corner)
  Requirement:            40.000ns  (clk_out1_design_1_clk_wiz_0_0 rise@40.000ns - clk_out1_design_1_clk_wiz_0_0 rise@0.000ns)
  Data Path Delay:        5.631ns  (logic 0.828ns (14.705%)  route 4.803ns (85.295%))
  Logic Levels:           3  (LUT4=1 LUT6=2)
  Clock Path Skew:        -0.128ns (DCD - SCD + CPR)
    Destination Clock Delay (DCD):    -1.892ns = ( 38.108 - 40.000 ) 
    Source Clock Delay      (SCD):    -2.166ns
    Clock Pessimism Removal (CPR):    -0.402ns
  Clock Uncertainty:      0.176ns  ((TSJ^2 + DJ^2)^1/2) / 2 + PE
    Total System Jitter     (TSJ):    0.071ns
    Discrete Jitter          (DJ):    0.345ns
    Phase Error              (PE):    0.000ns

    Location             Delay type                Incr(ns)  Path(ns)    Netlist Resource(s)
  -------------------------------------------------------------------    -------------------
                         (clock clk_out1_design_1_clk_wiz_0_0 rise edge)
                                                      0.000     0.000 r  
    H16                                               0.000     0.000 r  CLK_I (IN)
                         net (fo=0)                   0.000     0.000    design_1_i/clk_wiz_0/inst/clk_in1
    H16                  IBUF (Prop_ibuf_I_O)         1.457     1.457 r  design_1_i/clk_wiz_0/inst/clkin1_ibufg/O
                         net (fo=1, routed)           1.306     2.763    design_1_i/clk_wiz_0/inst/clk_in1_design_1_clk_wiz_0_0
    PLLE2_ADV_X0Y1       PLLE2_ADV (Prop_plle2_adv_CLKIN1_CLKOUT0)
                                                     -8.519    -5.756 r  design_1_i/clk_wiz_0/inst/plle2_adv_inst/CLKOUT0
                         net (fo=1, routed)           1.754    -4.002    design_1_i/clk_wiz_0/inst/clk_out1_design_1_clk_wiz_0_0
    BUFGCTRL_X0Y16       BUFG (Prop_bufg_I_O)         0.101    -3.901 r  design_1_i/clk_wiz_0/inst/clkout1_buf/O
                         net (fo=128, routed)         1.735    -2.166    design_1_i/TGP_1/U0/m00_axis_aclk
    SLICE_X37Y24         FDRE                                         r  design_1_i/TGP_1/U0/h_cntr_reg_reg[1]/C
  -------------------------------------------------------------------    -------------------
    SLICE_X37Y24         FDRE (Prop_fdre_C_Q)         0.456    -1.710 r  design_1_i/TGP_1/U0/h_cntr_reg_reg[1]/Q
                         net (fo=6, routed)           1.181    -0.528    design_1_i/TGP_1/U0/h_cntr_reg_reg_n_0_[1]
    SLICE_X39Y26         LUT4 (Prop_lut4_I3_O)        0.124    -0.404 f  design_1_i/TGP_1/U0/h_cntr_reg[0]_i_3/O
                         net (fo=1, routed)           0.985     0.581    design_1_i/TGP_1/U0/h_cntr_reg[0]_i_3_n_0
    SLICE_X39Y26         LUT6 (Prop_lut6_I4_O)        0.124     0.705 r  design_1_i/TGP_1/U0/h_cntr_reg[0]_i_1/O
                         net (fo=25, routed)          2.049     2.754    design_1_i/TGP_1/U0/eqOp1_in
    SLICE_X33Y21         LUT6 (Prop_lut6_I0_O)        0.124     2.878 r  design_1_i/TGP_1/U0/v_cntr_reg[0]_i_1/O
                         net (fo=12, routed)          0.587     3.465    design_1_i/TGP_1/U0/v_cntr_reg0
    SLICE_X33Y20         FDRE                                         r  design_1_i/TGP_1/U0/v_cntr_reg_reg[8]/R
  -------------------------------------------------------------------    -------------------

                         (clock clk_out1_design_1_clk_wiz_0_0 rise edge)
                                                     40.000    40.000 r  
    H16                                               0.000    40.000 r  CLK_I (IN)
                         net (fo=0)                   0.000    40.000    design_1_i/clk_wiz_0/inst/clk_in1
    H16                  IBUF (Prop_ibuf_I_O)         1.387    41.387 r  design_1_i/clk_wiz_0/inst/clkin1_ibufg/O
                         net (fo=1, routed)           1.181    42.568    design_1_i/clk_wiz_0/inst/clk_in1_design_1_clk_wiz_0_0
    PLLE2_ADV_X0Y1       PLLE2_ADV (Prop_plle2_adv_CLKIN1_CLKOUT0)
                                                     -7.637    34.931 r  design_1_i/clk_wiz_0/inst/plle2_adv_inst/CLKOUT0
                         net (fo=1, routed)           1.594    36.525    design_1_i/clk_wiz_0/inst/clk_out1_design_1_clk_wiz_0_0
    BUFGCTRL_X0Y16       BUFG (Prop_bufg_I_O)         0.091    36.616 r  design_1_i/clk_wiz_0/inst/clkout1_buf/O
                         net (fo=128, routed)         1.492    38.108    design_1_i/TGP_1/U0/m00_axis_aclk
    SLICE_X33Y20         FDRE                                         r  design_1_i/TGP_1/U0/v_cntr_reg_reg[8]/C
                         clock pessimism             -0.402    37.706    
                         clock uncertainty           -0.176    37.530    
    SLICE_X33Y20         FDRE (Setup_fdre_C_R)       -0.429    37.101    design_1_i/TGP_1/U0/v_cntr_reg_reg[8]
  -------------------------------------------------------------------
                         required time                         37.101    
                         arrival time                          -3.465    
  -------------------------------------------------------------------
                         slack                                 33.636    

Slack (MET) :             33.636ns  (required time - arrival time)
  Source:                 design_1_i/TGP_1/U0/h_cntr_reg_reg[1]/C
                            (rising edge-triggered cell FDRE clocked by clk_out1_design_1_clk_wiz_0_0  {rise@0.000ns fall@20.000ns period=40.000ns})
  Destination:            design_1_i/TGP_1/U0/v_cntr_reg_reg[9]/R
                            (rising edge-triggered cell FDRE clocked by clk_out1_design_1_clk_wiz_0_0  {rise@0.000ns fall@20.000ns period=40.000ns})
  Path Group:             clk_out1_design_1_clk_wiz_0_0
  Path Type:              Setup (Max at Slow Process Corner)
  Requirement:            40.000ns  (clk_out1_design_1_clk_wiz_0_0 rise@40.000ns - clk_out1_design_1_clk_wiz_0_0 rise@0.000ns)
  Data Path Delay:        5.631ns  (logic 0.828ns (14.705%)  route 4.803ns (85.295%))
  Logic Levels:           3  (LUT4=1 LUT6=2)
  Clock Path Skew:        -0.128ns (DCD - SCD + CPR)
    Destination Clock Delay (DCD):    -1.892ns = ( 38.108 - 40.000 ) 
    Source Clock Delay      (SCD):    -2.166ns
    Clock Pessimism Removal (CPR):    -0.402ns
  Clock Uncertainty:      0.176ns  ((TSJ^2 + DJ^2)^1/2) / 2 + PE
    Total System Jitter     (TSJ):    0.071ns
    Discrete Jitter          (DJ):    0.345ns
    Phase Error              (PE):    0.000ns

    Location             Delay type                Incr(ns)  Path(ns)    Netlist Resource(s)
  -------------------------------------------------------------------    -------------------
                         (clock clk_out1_design_1_clk_wiz_0_0 rise edge)
                                                      0.000     0.000 r  
    H16                                               0.000     0.000 r  CLK_I (IN)
                         net (fo=0)                   0.000     0.000    design_1_i/clk_wiz_0/inst/clk_in1
    H16                  IBUF (Prop_ibuf_I_O)         1.457     1.457 r  design_1_i/clk_wiz_0/inst/clkin1_ibufg/O
                         net (fo=1, routed)           1.306     2.763    design_1_i/clk_wiz_0/inst/clk_in1_design_1_clk_wiz_0_0
    PLLE2_ADV_X0Y1       PLLE2_ADV (Prop_plle2_adv_CLKIN1_CLKOUT0)
                                                     -8.519    -5.756 r  design_1_i/clk_wiz_0/inst/plle2_adv_inst/CLKOUT0
                         net (fo=1, routed)           1.754    -4.002    design_1_i/clk_wiz_0/inst/clk_out1_design_1_clk_wiz_0_0
    BUFGCTRL_X0Y16       BUFG (Prop_bufg_I_O)         0.101    -3.901 r  design_1_i/clk_wiz_0/inst/clkout1_buf/O
                         net (fo=128, routed)         1.735    -2.166    design_1_i/TGP_1/U0/m00_axis_aclk
    SLICE_X37Y24         FDRE                                         r  design_1_i/TGP_1/U0/h_cntr_reg_reg[1]/C
  -------------------------------------------------------------------    -------------------
    SLICE_X37Y24         FDRE (Prop_fdre_C_Q)         0.456    -1.710 r  design_1_i/TGP_1/U0/h_cntr_reg_reg[1]/Q
                         net (fo=6, routed)           1.181    -0.528    design_1_i/TGP_1/U0/h_cntr_reg_reg_n_0_[1]
    SLICE_X39Y26         LUT4 (Prop_lut4_I3_O)        0.124    -0.404 f  design_1_i/TGP_1/U0/h_cntr_reg[0]_i_3/O
                         net (fo=1, routed)           0.985     0.581    design_1_i/TGP_1/U0/h_cntr_reg[0]_i_3_n_0
    SLICE_X39Y26         LUT6 (Prop_lut6_I4_O)        0.124     0.705 r  design_1_i/TGP_1/U0/h_cntr_reg[0]_i_1/O
                         net (fo=25, routed)          2.049     2.754    design_1_i/TGP_1/U0/eqOp1_in
    SLICE_X33Y21         LUT6 (Prop_lut6_I0_O)        0.124     2.878 r  design_1_i/TGP_1/U0/v_cntr_reg[0]_i_1/O
                         net (fo=12, routed)          0.587     3.465    design_1_i/TGP_1/U0/v_cntr_reg0
    SLICE_X33Y20         FDRE                                         r  design_1_i/TGP_1/U0/v_cntr_reg_reg[9]/R
  -------------------------------------------------------------------    -------------------

                         (clock clk_out1_design_1_clk_wiz_0_0 rise edge)
                                                     40.000    40.000 r  
    H16                                               0.000    40.000 r  CLK_I (IN)
                         net (fo=0)                   0.000    40.000    design_1_i/clk_wiz_0/inst/clk_in1
    H16                  IBUF (Prop_ibuf_I_O)         1.387    41.387 r  design_1_i/clk_wiz_0/inst/clkin1_ibufg/O
                         net (fo=1, routed)           1.181    42.568    design_1_i/clk_wiz_0/inst/clk_in1_design_1_clk_wiz_0_0
    PLLE2_ADV_X0Y1       PLLE2_ADV (Prop_plle2_adv_CLKIN1_CLKOUT0)
                                                     -7.637    34.931 r  design_1_i/clk_wiz_0/inst/plle2_adv_inst/CLKOUT0
                         net (fo=1, routed)           1.594    36.525    design_1_i/clk_wiz_0/inst/clk_out1_design_1_clk_wiz_0_0
    BUFGCTRL_X0Y16       BUFG (Prop_bufg_I_O)         0.091    36.616 r  design_1_i/clk_wiz_0/inst/clkout1_buf/O
                         net (fo=128, routed)         1.492    38.108    design_1_i/TGP_1/U0/m00_axis_aclk
    SLICE_X33Y20         FDRE                                         r  design_1_i/TGP_1/U0/v_cntr_reg_reg[9]/C
                         clock pessimism             -0.402    37.706    
                         clock uncertainty           -0.176    37.530    
    SLICE_X33Y20         FDRE (Setup_fdre_C_R)       -0.429    37.101    design_1_i/TGP_1/U0/v_cntr_reg_reg[9]
  -------------------------------------------------------------------
                         required time                         37.101    
                         arrival time                          -3.465    
  -------------------------------------------------------------------
                         slack                                 33.636    

Slack (MET) :             33.687ns  (required time - arrival time)
  Source:                 design_1_i/TGP_1/U0/box_y_reg_reg[3]/C
                            (rising edge-triggered cell FDRE clocked by clk_out1_design_1_clk_wiz_0_0  {rise@0.000ns fall@20.000ns period=40.000ns})
  Destination:            design_1_i/TGP_1/U0/TGP_v1_0_M00_AXIS_inst/data_reg_reg[22]/D
                            (rising edge-triggered cell FDRE clocked by clk_out1_design_1_clk_wiz_0_0  {rise@0.000ns fall@20.000ns period=40.000ns})
  Path Group:             clk_out1_design_1_clk_wiz_0_0
  Path Type:              Setup (Max at Slow Process Corner)
  Requirement:            40.000ns  (clk_out1_design_1_clk_wiz_0_0 rise@40.000ns - clk_out1_design_1_clk_wiz_0_0 rise@0.000ns)
  Data Path Delay:        6.102ns  (logic 2.483ns (40.691%)  route 3.619ns (59.309%))
  Logic Levels:           8  (CARRY4=4 LUT1=1 LUT2=1 LUT4=1 LUT6=1)
  Clock Path Skew:        -0.066ns (DCD - SCD + CPR)
    Destination Clock Delay (DCD):    -1.822ns = ( 38.178 - 40.000 ) 
    Source Clock Delay      (SCD):    -2.158ns
    Clock Pessimism Removal (CPR):    -0.402ns
  Clock Uncertainty:      0.176ns  ((TSJ^2 + DJ^2)^1/2) / 2 + PE
    Total System Jitter     (TSJ):    0.071ns
    Discrete Jitter          (DJ):    0.345ns
    Phase Error              (PE):    0.000ns

    Location             Delay type                Incr(ns)  Path(ns)    Netlist Resource(s)
  -------------------------------------------------------------------    -------------------
                         (clock clk_out1_design_1_clk_wiz_0_0 rise edge)
                                                      0.000     0.000 r  
    H16                                               0.000     0.000 r  CLK_I (IN)
                         net (fo=0)                   0.000     0.000    design_1_i/clk_wiz_0/inst/clk_in1
    H16                  IBUF (Prop_ibuf_I_O)         1.457     1.457 r  design_1_i/clk_wiz_0/inst/clkin1_ibufg/O
                         net (fo=1, routed)           1.306     2.763    design_1_i/clk_wiz_0/inst/clk_in1_design_1_clk_wiz_0_0
    PLLE2_ADV_X0Y1       PLLE2_ADV (Prop_plle2_adv_CLKIN1_CLKOUT0)
                                                     -8.519    -5.756 r  design_1_i/clk_wiz_0/inst/plle2_adv_inst/CLKOUT0
                         net (fo=1, routed)           1.754    -4.002    design_1_i/clk_wiz_0/inst/clk_out1_design_1_clk_wiz_0_0
    BUFGCTRL_X0Y16       BUFG (Prop_bufg_I_O)         0.101    -3.901 r  design_1_i/clk_wiz_0/inst/clkout1_buf/O
                         net (fo=128, routed)         1.743    -2.158    design_1_i/TGP_1/U0/m00_axis_aclk
    SLICE_X37Y19         FDRE                                         r  design_1_i/TGP_1/U0/box_y_reg_reg[3]/C
  -------------------------------------------------------------------    -------------------
    SLICE_X37Y19         FDRE (Prop_fdre_C_Q)         0.456    -1.702 f  design_1_i/TGP_1/U0/box_y_reg_reg[3]/Q
                         net (fo=6, routed)           0.940    -0.761    design_1_i/TGP_1/U0/box_y_reg_reg[3]
    SLICE_X34Y19         LUT1 (Prop_lut1_I0_O)        0.124    -0.637 r  design_1_i/TGP_1/U0/_carry_i_6/O
                         net (fo=1, routed)           0.000    -0.637    design_1_i/TGP_1/U0/_carry_i_6_n_0
    SLICE_X34Y19         CARRY4 (Prop_carry4_S[1]_CO[3])
                                                      0.533    -0.104 r  design_1_i/TGP_1/U0/_carry_i_5/CO[3]
                         net (fo=1, routed)           0.000    -0.104    design_1_i/TGP_1/U0/_carry_i_5_n_0
    SLICE_X34Y20         CARRY4 (Prop_carry4_CI_CO[3])
                                                      0.117     0.013 r  design_1_i/TGP_1/U0/_carry__0_i_5/CO[3]
                         net (fo=1, routed)           0.000     0.013    design_1_i/TGP_1/U0/_carry__0_i_5_n_0
    SLICE_X34Y21         CARRY4 (Prop_carry4_CI_O[1])
                                                      0.323     0.336 r  design_1_i/TGP_1/U0/_carry__1_i_5/O[1]
                         net (fo=1, routed)           0.823     1.158    design_1_i/TGP_1/U0/TGP_v1_0_M00_AXIS_inst/O[1]
    SLICE_X32Y21         LUT2 (Prop_lut2_I1_O)        0.306     1.464 r  design_1_i/TGP_1/U0/TGP_v1_0_M00_AXIS_inst/_carry__1_i_1/O
                         net (fo=1, routed)           0.000     1.464    design_1_i/TGP_1/U0/TGP_v1_0_M00_AXIS_inst_n_1
    SLICE_X32Y21         CARRY4 (Prop_carry4_S[3]_CO[3])
                                                      0.376     1.840 r  design_1_i/TGP_1/U0/_carry__1/CO[3]
                         net (fo=1, routed)           1.155     2.995    design_1_i/TGP_1/U0/TGP_v1_0_M00_AXIS_inst/data_reg_reg[23]_0[0]
    SLICE_X38Y23         LUT6 (Prop_lut6_I2_O)        0.124     3.119 r  design_1_i/TGP_1/U0/TGP_v1_0_M00_AXIS_inst/data_reg[23]_i_4/O
                         net (fo=12, routed)          0.701     3.820    design_1_i/TGP_1/U0/TGP_v1_0_M00_AXIS_inst/data_reg[23]_i_4_n_0
    SLICE_X41Y24         LUT4 (Prop_lut4_I1_O)        0.124     3.944 r  design_1_i/TGP_1/U0/TGP_v1_0_M00_AXIS_inst/data_reg[22]_i_1/O
                         net (fo=1, routed)           0.000     3.944    design_1_i/TGP_1/U0/TGP_v1_0_M00_AXIS_inst/vga_red[2]
    SLICE_X41Y24         FDRE                                         r  design_1_i/TGP_1/U0/TGP_v1_0_M00_AXIS_inst/data_reg_reg[22]/D
  -------------------------------------------------------------------    -------------------

                         (clock clk_out1_design_1_clk_wiz_0_0 rise edge)
                                                     40.000    40.000 r  
    H16                                               0.000    40.000 r  CLK_I (IN)
                         net (fo=0)                   0.000    40.000    design_1_i/clk_wiz_0/inst/clk_in1
    H16                  IBUF (Prop_ibuf_I_O)         1.387    41.387 r  design_1_i/clk_wiz_0/inst/clkin1_ibufg/O
                         net (fo=1, routed)           1.181    42.568    design_1_i/clk_wiz_0/inst/clk_in1_design_1_clk_wiz_0_0
    PLLE2_ADV_X0Y1       PLLE2_ADV (Prop_plle2_adv_CLKIN1_CLKOUT0)
                                                     -7.637    34.931 r  design_1_i/clk_wiz_0/inst/plle2_adv_inst/CLKOUT0
                         net (fo=1, routed)           1.594    36.525    design_1_i/clk_wiz_0/inst/clk_out1_design_1_clk_wiz_0_0
    BUFGCTRL_X0Y16       BUFG (Prop_bufg_I_O)         0.091    36.616 r  design_1_i/clk_wiz_0/inst/clkout1_buf/O
                         net (fo=128, routed)         1.562    38.178    design_1_i/TGP_1/U0/TGP_v1_0_M00_AXIS_inst/m00_axis_aclk
    SLICE_X41Y24         FDRE                                         r  design_1_i/TGP_1/U0/TGP_v1_0_M00_AXIS_inst/data_reg_reg[22]/C
                         clock pessimism             -0.402    37.776    
                         clock uncertainty           -0.176    37.600    
    SLICE_X41Y24         FDRE (Setup_fdre_C_D)        0.031    37.631    design_1_i/TGP_1/U0/TGP_v1_0_M00_AXIS_inst/data_reg_reg[22]
  -------------------------------------------------------------------
                         required time                         37.631    
                         arrival time                          -3.944    
  -------------------------------------------------------------------
                         slack                                 33.687    

Slack (MET) :             33.703ns  (required time - arrival time)
  Source:                 design_1_i/TGP_1/U0/box_y_reg_reg[3]/C
                            (rising edge-triggered cell FDRE clocked by clk_out1_design_1_clk_wiz_0_0  {rise@0.000ns fall@20.000ns period=40.000ns})
  Destination:            design_1_i/TGP_1/U0/TGP_v1_0_M00_AXIS_inst/data_reg_reg[23]/D
                            (rising edge-triggered cell FDRE clocked by clk_out1_design_1_clk_wiz_0_0  {rise@0.000ns fall@20.000ns period=40.000ns})
  Path Group:             clk_out1_design_1_clk_wiz_0_0
  Path Type:              Setup (Max at Slow Process Corner)
  Requirement:            40.000ns  (clk_out1_design_1_clk_wiz_0_0 rise@40.000ns - clk_out1_design_1_clk_wiz_0_0 rise@0.000ns)
  Data Path Delay:        6.130ns  (logic 2.511ns (40.962%)  route 3.619ns (59.038%))
  Logic Levels:           8  (CARRY4=4 LUT1=1 LUT2=1 LUT4=1 LUT6=1)
  Clock Path Skew:        -0.066ns (DCD - SCD + CPR)
    Destination Clock Delay (DCD):    -1.822ns = ( 38.178 - 40.000 ) 
    Source Clock Delay      (SCD):    -2.158ns
    Clock Pessimism Removal (CPR):    -0.402ns
  Clock Uncertainty:      0.176ns  ((TSJ^2 + DJ^2)^1/2) / 2 + PE
    Total System Jitter     (TSJ):    0.071ns
    Discrete Jitter          (DJ):    0.345ns
    Phase Error              (PE):    0.000ns

    Location             Delay type                Incr(ns)  Path(ns)    Netlist Resource(s)
  -------------------------------------------------------------------    -------------------
                         (clock clk_out1_design_1_clk_wiz_0_0 rise edge)
                                                      0.000     0.000 r  
    H16                                               0.000     0.000 r  CLK_I (IN)
                         net (fo=0)                   0.000     0.000    design_1_i/clk_wiz_0/inst/clk_in1
    H16                  IBUF (Prop_ibuf_I_O)         1.457     1.457 r  design_1_i/clk_wiz_0/inst/clkin1_ibufg/O
                         net (fo=1, routed)           1.306     2.763    design_1_i/clk_wiz_0/inst/clk_in1_design_1_clk_wiz_0_0
    PLLE2_ADV_X0Y1       PLLE2_ADV (Prop_plle2_adv_CLKIN1_CLKOUT0)
                                                     -8.519    -5.756 r  design_1_i/clk_wiz_0/inst/plle2_adv_inst/CLKOUT0
                         net (fo=1, routed)           1.754    -4.002    design_1_i/clk_wiz_0/inst/clk_out1_design_1_clk_wiz_0_0
    BUFGCTRL_X0Y16       BUFG (Prop_bufg_I_O)         0.101    -3.901 r  design_1_i/clk_wiz_0/inst/clkout1_buf/O
                         net (fo=128, routed)         1.743    -2.158    design_1_i/TGP_1/U0/m00_axis_aclk
    SLICE_X37Y19         FDRE                                         r  design_1_i/TGP_1/U0/box_y_reg_reg[3]/C
  -------------------------------------------------------------------    -------------------
    SLICE_X37Y19         FDRE (Prop_fdre_C_Q)         0.456    -1.702 f  design_1_i/TGP_1/U0/box_y_reg_reg[3]/Q
                         net (fo=6, routed)           0.940    -0.761    design_1_i/TGP_1/U0/box_y_reg_reg[3]
    SLICE_X34Y19         LUT1 (Prop_lut1_I0_O)        0.124    -0.637 r  design_1_i/TGP_1/U0/_carry_i_6/O
                         net (fo=1, routed)           0.000    -0.637    design_1_i/TGP_1/U0/_carry_i_6_n_0
    SLICE_X34Y19         CARRY4 (Prop_carry4_S[1]_CO[3])
                                                      0.533    -0.104 r  design_1_i/TGP_1/U0/_carry_i_5/CO[3]
                         net (fo=1, routed)           0.000    -0.104    design_1_i/TGP_1/U0/_carry_i_5_n_0
    SLICE_X34Y20         CARRY4 (Prop_carry4_CI_CO[3])
                                                      0.117     0.013 r  design_1_i/TGP_1/U0/_carry__0_i_5/CO[3]
                         net (fo=1, routed)           0.000     0.013    design_1_i/TGP_1/U0/_carry__0_i_5_n_0
    SLICE_X34Y21         CARRY4 (Prop_carry4_CI_O[1])
                                                      0.323     0.336 r  design_1_i/TGP_1/U0/_carry__1_i_5/O[1]
                         net (fo=1, routed)           0.823     1.158    design_1_i/TGP_1/U0/TGP_v1_0_M00_AXIS_inst/O[1]
    SLICE_X32Y21         LUT2 (Prop_lut2_I1_O)        0.306     1.464 r  design_1_i/TGP_1/U0/TGP_v1_0_M00_AXIS_inst/_carry__1_i_1/O
                         net (fo=1, routed)           0.000     1.464    design_1_i/TGP_1/U0/TGP_v1_0_M00_AXIS_inst_n_1
    SLICE_X32Y21         CARRY4 (Prop_carry4_S[3]_CO[3])
                                                      0.376     1.840 r  design_1_i/TGP_1/U0/_carry__1/CO[3]
                         net (fo=1, routed)           1.155     2.995    design_1_i/TGP_1/U0/TGP_v1_0_M00_AXIS_inst/data_reg_reg[23]_0[0]
    SLICE_X38Y23         LUT6 (Prop_lut6_I2_O)        0.124     3.119 r  design_1_i/TGP_1/U0/TGP_v1_0_M00_AXIS_inst/data_reg[23]_i_4/O
                         net (fo=12, routed)          0.701     3.820    design_1_i/TGP_1/U0/TGP_v1_0_M00_AXIS_inst/data_reg[23]_i_4_n_0
    SLICE_X41Y24         LUT4 (Prop_lut4_I1_O)        0.152     3.972 r  design_1_i/TGP_1/U0/TGP_v1_0_M00_AXIS_inst/data_reg[23]_i_2/O
                         net (fo=1, routed)           0.000     3.972    design_1_i/TGP_1/U0/TGP_v1_0_M00_AXIS_inst/vga_red[3]
    SLICE_X41Y24         FDRE                                         r  design_1_i/TGP_1/U0/TGP_v1_0_M00_AXIS_inst/data_reg_reg[23]/D
  -------------------------------------------------------------------    -------------------

                         (clock clk_out1_design_1_clk_wiz_0_0 rise edge)
                                                     40.000    40.000 r  
    H16                                               0.000    40.000 r  CLK_I (IN)
                         net (fo=0)                   0.000    40.000    design_1_i/clk_wiz_0/inst/clk_in1
    H16                  IBUF (Prop_ibuf_I_O)         1.387    41.387 r  design_1_i/clk_wiz_0/inst/clkin1_ibufg/O
                         net (fo=1, routed)           1.181    42.568    design_1_i/clk_wiz_0/inst/clk_in1_design_1_clk_wiz_0_0
    PLLE2_ADV_X0Y1       PLLE2_ADV (Prop_plle2_adv_CLKIN1_CLKOUT0)
                                                     -7.637    34.931 r  design_1_i/clk_wiz_0/inst/plle2_adv_inst/CLKOUT0
                         net (fo=1, routed)           1.594    36.525    design_1_i/clk_wiz_0/inst/clk_out1_design_1_clk_wiz_0_0
    BUFGCTRL_X0Y16       BUFG (Prop_bufg_I_O)         0.091    36.616 r  design_1_i/clk_wiz_0/inst/clkout1_buf/O
                         net (fo=128, routed)         1.562    38.178    design_1_i/TGP_1/U0/TGP_v1_0_M00_AXIS_inst/m00_axis_aclk
    SLICE_X41Y24         FDRE                                         r  design_1_i/TGP_1/U0/TGP_v1_0_M00_AXIS_inst/data_reg_reg[23]/C
                         clock pessimism             -0.402    37.776    
                         clock uncertainty           -0.176    37.600    
    SLICE_X41Y24         FDRE (Setup_fdre_C_D)        0.075    37.675    design_1_i/TGP_1/U0/TGP_v1_0_M00_AXIS_inst/data_reg_reg[23]
  -------------------------------------------------------------------
                         required time                         37.675    
                         arrival time                          -3.972    
  -------------------------------------------------------------------
                         slack                                 33.703    





Min Delay Paths
--------------------------------------------------------------------------------------
Slack (MET) :             0.212ns  (arrival time - required time)
  Source:                 design_1_i/TGP_1/U0/TGP_v1_0_M00_AXIS_inst/data_reg_reg[22]/C
                            (rising edge-triggered cell FDRE clocked by clk_out1_design_1_clk_wiz_0_0  {rise@0.000ns fall@20.000ns period=40.000ns})
  Destination:            design_1_i/PMODVGA_0/U0/PMODVGA_v1_0_S00_AXIS_inst/pixel_r_reg_reg[2]/D
                            (rising edge-triggered cell FDRE clocked by clk_out1_design_1_clk_wiz_0_0  {rise@0.000ns fall@20.000ns period=40.000ns})
  Path Group:             clk_out1_design_1_clk_wiz_0_0
  Path Type:              Hold (Min at Fast Process Corner)
  Requirement:            0.000ns  (clk_out1_design_1_clk_wiz_0_0 rise@0.000ns - clk_out1_design_1_clk_wiz_0_0 rise@0.000ns)
  Data Path Delay:        0.315ns  (logic 0.141ns (44.769%)  route 0.174ns (55.231%))
  Logic Levels:           0  
  Clock Path Skew:        0.033ns (DCD - SCD - CPR)
    Destination Clock Delay (DCD):    -0.229ns
    Source Clock Delay      (SCD):    -0.462ns
    Clock Pessimism Removal (CPR):    0.200ns

    Location             Delay type                Incr(ns)  Path(ns)    Netlist Resource(s)
  -------------------------------------------------------------------    -------------------
                         (clock clk_out1_design_1_clk_wiz_0_0 rise edge)
                                                      0.000     0.000 r  
    H16                                               0.000     0.000 r  CLK_I (IN)
                         net (fo=0)                   0.000     0.000    design_1_i/clk_wiz_0/inst/clk_in1
    H16                  IBUF (Prop_ibuf_I_O)         0.225     0.225 r  design_1_i/clk_wiz_0/inst/clkin1_ibufg/O
                         net (fo=1, routed)           0.440     0.665    design_1_i/clk_wiz_0/inst/clk_in1_design_1_clk_wiz_0_0
    PLLE2_ADV_X0Y1       PLLE2_ADV (Prop_plle2_adv_CLKIN1_CLKOUT0)
                                                     -2.231    -1.565 r  design_1_i/clk_wiz_0/inst/plle2_adv_inst/CLKOUT0
                         net (fo=1, routed)           0.497    -1.068    design_1_i/clk_wiz_0/inst/clk_out1_design_1_clk_wiz_0_0
    BUFGCTRL_X0Y16       BUFG (Prop_bufg_I_O)         0.026    -1.042 r  design_1_i/clk_wiz_0/inst/clkout1_buf/O
                         net (fo=128, routed)         0.581    -0.462    design_1_i/TGP_1/U0/TGP_v1_0_M00_AXIS_inst/m00_axis_aclk
    SLICE_X41Y24         FDRE                                         r  design_1_i/TGP_1/U0/TGP_v1_0_M00_AXIS_inst/data_reg_reg[22]/C
  -------------------------------------------------------------------    -------------------
    SLICE_X41Y24         FDRE (Prop_fdre_C_Q)         0.141    -0.321 r  design_1_i/TGP_1/U0/TGP_v1_0_M00_AXIS_inst/data_reg_reg[22]/Q
                         net (fo=1, routed)           0.174    -0.147    design_1_i/PMODVGA_0/U0/PMODVGA_v1_0_S00_AXIS_inst/s00_axis_tdata[10]
    SLICE_X41Y25         FDRE                                         r  design_1_i/PMODVGA_0/U0/PMODVGA_v1_0_S00_AXIS_inst/pixel_r_reg_reg[2]/D
  -------------------------------------------------------------------    -------------------

                         (clock clk_out1_design_1_clk_wiz_0_0 rise edge)
                                                      0.000     0.000 r  
    H16                                               0.000     0.000 r  CLK_I (IN)
                         net (fo=0)                   0.000     0.000    design_1_i/clk_wiz_0/inst/clk_in1
    H16                  IBUF (Prop_ibuf_I_O)         0.413     0.413 r  design_1_i/clk_wiz_0/inst/clkin1_ibufg/O
                         net (fo=1, routed)           0.481     0.894    design_1_i/clk_wiz_0/inst/clk_in1_design_1_clk_wiz_0_0
    PLLE2_ADV_X0Y1       PLLE2_ADV (Prop_plle2_adv_CLKIN1_CLKOUT0)
                                                     -2.543    -1.649 r  design_1_i/clk_wiz_0/inst/plle2_adv_inst/CLKOUT0
                         net (fo=1, routed)           0.544    -1.105    design_1_i/clk_wiz_0/inst/clk_out1_design_1_clk_wiz_0_0
    BUFGCTRL_X0Y16       BUFG (Prop_bufg_I_O)         0.029    -1.076 r  design_1_i/clk_wiz_0/inst/clkout1_buf/O
                         net (fo=128, routed)         0.847    -0.229    design_1_i/PMODVGA_0/U0/PMODVGA_v1_0_S00_AXIS_inst/s00_axis_aclk
    SLICE_X41Y25         FDRE                                         r  design_1_i/PMODVGA_0/U0/PMODVGA_v1_0_S00_AXIS_inst/pixel_r_reg_reg[2]/C
                         clock pessimism             -0.200    -0.429    
    SLICE_X41Y25         FDRE (Hold_fdre_C_D)         0.070    -0.359    design_1_i/PMODVGA_0/U0/PMODVGA_v1_0_S00_AXIS_inst/pixel_r_reg_reg[2]
  -------------------------------------------------------------------
                         required time                          0.359    
                         arrival time                          -0.147    
  -------------------------------------------------------------------
                         slack                                  0.212    

Slack (MET) :             0.221ns  (arrival time - required time)
  Source:                 design_1_i/TGP_1/U0/TGP_v1_0_M00_AXIS_inst/data_reg_reg[5]/C
                            (rising edge-triggered cell FDRE clocked by clk_out1_design_1_clk_wiz_0_0  {rise@0.000ns fall@20.000ns period=40.000ns})
  Destination:            design_1_i/PMODVGA_0/U0/PMODVGA_v1_0_S00_AXIS_inst/pixel_b_reg_reg[1]/D
                            (rising edge-triggered cell FDRE clocked by clk_out1_design_1_clk_wiz_0_0  {rise@0.000ns fall@20.000ns period=40.000ns})
  Path Group:             clk_out1_design_1_clk_wiz_0_0
  Path Type:              Hold (Min at Fast Process Corner)
  Requirement:            0.000ns  (clk_out1_design_1_clk_wiz_0_0 rise@0.000ns - clk_out1_design_1_clk_wiz_0_0 rise@0.000ns)
  Data Path Delay:        0.233ns  (logic 0.128ns (54.843%)  route 0.105ns (45.157%))
  Logic Levels:           0  
  Clock Path Skew:        0.013ns (DCD - SCD - CPR)
    Destination Clock Delay (DCD):    -0.229ns
    Source Clock Delay      (SCD):    -0.462ns
    Clock Pessimism Removal (CPR):    0.220ns

    Location             Delay type                Incr(ns)  Path(ns)    Netlist Resource(s)
  -------------------------------------------------------------------    -------------------
                         (clock clk_out1_design_1_clk_wiz_0_0 rise edge)
                                                      0.000     0.000 r  
    H16                                               0.000     0.000 r  CLK_I (IN)
                         net (fo=0)                   0.000     0.000    design_1_i/clk_wiz_0/inst/clk_in1
    H16                  IBUF (Prop_ibuf_I_O)         0.225     0.225 r  design_1_i/clk_wiz_0/inst/clkin1_ibufg/O
                         net (fo=1, routed)           0.440     0.665    design_1_i/clk_wiz_0/inst/clk_in1_design_1_clk_wiz_0_0
    PLLE2_ADV_X0Y1       PLLE2_ADV (Prop_plle2_adv_CLKIN1_CLKOUT0)
                                                     -2.231    -1.565 r  design_1_i/clk_wiz_0/inst/plle2_adv_inst/CLKOUT0
                         net (fo=1, routed)           0.497    -1.068    design_1_i/clk_wiz_0/inst/clk_out1_design_1_clk_wiz_0_0
    BUFGCTRL_X0Y16       BUFG (Prop_bufg_I_O)         0.026    -1.042 r  design_1_i/clk_wiz_0/inst/clkout1_buf/O
                         net (fo=128, routed)         0.581    -0.462    design_1_i/TGP_1/U0/TGP_v1_0_M00_AXIS_inst/m00_axis_aclk
    SLICE_X41Y24         FDRE                                         r  design_1_i/TGP_1/U0/TGP_v1_0_M00_AXIS_inst/data_reg_reg[5]/C
  -------------------------------------------------------------------    -------------------
    SLICE_X41Y24         FDRE (Prop_fdre_C_Q)         0.128    -0.334 r  design_1_i/TGP_1/U0/TGP_v1_0_M00_AXIS_inst/data_reg_reg[5]/Q
                         net (fo=1, routed)           0.105    -0.228    design_1_i/PMODVGA_0/U0/PMODVGA_v1_0_S00_AXIS_inst/s00_axis_tdata[1]
    SLICE_X42Y24         FDRE                                         r  design_1_i/PMODVGA_0/U0/PMODVGA_v1_0_S00_AXIS_inst/pixel_b_reg_reg[1]/D
  -------------------------------------------------------------------    -------------------

                         (clock clk_out1_design_1_clk_wiz_0_0 rise edge)
                                                      0.000     0.000 r  
    H16                                               0.000     0.000 r  CLK_I (IN)
                         net (fo=0)                   0.000     0.000    design_1_i/clk_wiz_0/inst/clk_in1
    H16                  IBUF (Prop_ibuf_I_O)         0.413     0.413 r  design_1_i/clk_wiz_0/inst/clkin1_ibufg/O
                         net (fo=1, routed)           0.481     0.894    design_1_i/clk_wiz_0/inst/clk_in1_design_1_clk_wiz_0_0
    PLLE2_ADV_X0Y1       PLLE2_ADV (Prop_plle2_adv_CLKIN1_CLKOUT0)
                                                     -2.543    -1.649 r  design_1_i/clk_wiz_0/inst/plle2_adv_inst/CLKOUT0
                         net (fo=1, routed)           0.544    -1.105    design_1_i/clk_wiz_0/inst/clk_out1_design_1_clk_wiz_0_0
    BUFGCTRL_X0Y16       BUFG (Prop_bufg_I_O)         0.029    -1.076 r  design_1_i/clk_wiz_0/inst/clkout1_buf/O
                         net (fo=128, routed)         0.847    -0.229    design_1_i/PMODVGA_0/U0/PMODVGA_v1_0_S00_AXIS_inst/s00_axis_aclk
    SLICE_X42Y24         FDRE                                         r  design_1_i/PMODVGA_0/U0/PMODVGA_v1_0_S00_AXIS_inst/pixel_b_reg_reg[1]/C
                         clock pessimism             -0.220    -0.449    
    SLICE_X42Y24         FDRE (Hold_fdre_C_D)        -0.001    -0.450    design_1_i/PMODVGA_0/U0/PMODVGA_v1_0_S00_AXIS_inst/pixel_b_reg_reg[1]
  -------------------------------------------------------------------
                         required time                          0.450    
                         arrival time                          -0.228    
  -------------------------------------------------------------------
                         slack                                  0.221    

Slack (MET) :             0.235ns  (arrival time - required time)
  Source:                 design_1_i/TGP_1/U0/TGP_v1_0_M00_AXIS_inst/data_reg_reg[12]/C
                            (rising edge-triggered cell FDRE clocked by clk_out1_design_1_clk_wiz_0_0  {rise@0.000ns fall@20.000ns period=40.000ns})
  Destination:            design_1_i/PMODVGA_0/U0/PMODVGA_v1_0_S00_AXIS_inst/pixel_g_reg_reg[0]/D
                            (rising edge-triggered cell FDRE clocked by clk_out1_design_1_clk_wiz_0_0  {rise@0.000ns fall@20.000ns period=40.000ns})
  Path Group:             clk_out1_design_1_clk_wiz_0_0
  Path Type:              Hold (Min at Fast Process Corner)
  Requirement:            0.000ns  (clk_out1_design_1_clk_wiz_0_0 rise@0.000ns - clk_out1_design_1_clk_wiz_0_0 rise@0.000ns)
  Data Path Delay:        0.325ns  (logic 0.141ns (43.397%)  route 0.184ns (56.603%))
  Logic Levels:           0  
  Clock Path Skew:        0.033ns (DCD - SCD - CPR)
    Destination Clock Delay (DCD):    -0.229ns
    Source Clock Delay      (SCD):    -0.462ns
    Clock Pessimism Removal (CPR):    0.200ns

    Location             Delay type                Incr(ns)  Path(ns)    Netlist Resource(s)
  -------------------------------------------------------------------    -------------------
                         (clock clk_out1_design_1_clk_wiz_0_0 rise edge)
                                                      0.000     0.000 r  
    H16                                               0.000     0.000 r  CLK_I (IN)
                         net (fo=0)                   0.000     0.000    design_1_i/clk_wiz_0/inst/clk_in1
    H16                  IBUF (Prop_ibuf_I_O)         0.225     0.225 r  design_1_i/clk_wiz_0/inst/clkin1_ibufg/O
                         net (fo=1, routed)           0.440     0.665    design_1_i/clk_wiz_0/inst/clk_in1_design_1_clk_wiz_0_0
    PLLE2_ADV_X0Y1       PLLE2_ADV (Prop_plle2_adv_CLKIN1_CLKOUT0)
                                                     -2.231    -1.565 r  design_1_i/clk_wiz_0/inst/plle2_adv_inst/CLKOUT0
                         net (fo=1, routed)           0.497    -1.068    design_1_i/clk_wiz_0/inst/clk_out1_design_1_clk_wiz_0_0
    BUFGCTRL_X0Y16       BUFG (Prop_bufg_I_O)         0.026    -1.042 r  design_1_i/clk_wiz_0/inst/clkout1_buf/O
                         net (fo=128, routed)         0.581    -0.462    design_1_i/TGP_1/U0/TGP_v1_0_M00_AXIS_inst/m00_axis_aclk
    SLICE_X40Y24         FDRE                                         r  design_1_i/TGP_1/U0/TGP_v1_0_M00_AXIS_inst/data_reg_reg[12]/C
  -------------------------------------------------------------------    -------------------
    SLICE_X40Y24         FDRE (Prop_fdre_C_Q)         0.141    -0.321 r  design_1_i/TGP_1/U0/TGP_v1_0_M00_AXIS_inst/data_reg_reg[12]/Q
                         net (fo=1, routed)           0.184    -0.137    design_1_i/PMODVGA_0/U0/PMODVGA_v1_0_S00_AXIS_inst/s00_axis_tdata[4]
    SLICE_X40Y25         FDRE                                         r  design_1_i/PMODVGA_0/U0/PMODVGA_v1_0_S00_AXIS_inst/pixel_g_reg_reg[0]/D
  -------------------------------------------------------------------    -------------------

                         (clock clk_out1_design_1_clk_wiz_0_0 rise edge)
                                                      0.000     0.000 r  
    H16                                               0.000     0.000 r  CLK_I (IN)
                         net (fo=0)                   0.000     0.000    design_1_i/clk_wiz_0/inst/clk_in1
    H16                  IBUF (Prop_ibuf_I_O)         0.413     0.413 r  design_1_i/clk_wiz_0/inst/clkin1_ibufg/O
                         net (fo=1, routed)           0.481     0.894    design_1_i/clk_wiz_0/inst/clk_in1_design_1_clk_wiz_0_0
    PLLE2_ADV_X0Y1       PLLE2_ADV (Prop_plle2_adv_CLKIN1_CLKOUT0)
                                                     -2.543    -1.649 r  design_1_i/clk_wiz_0/inst/plle2_adv_inst/CLKOUT0
                         net (fo=1, routed)           0.544    -1.105    design_1_i/clk_wiz_0/inst/clk_out1_design_1_clk_wiz_0_0
    BUFGCTRL_X0Y16       BUFG (Prop_bufg_I_O)         0.029    -1.076 r  design_1_i/clk_wiz_0/inst/clkout1_buf/O
                         net (fo=128, routed)         0.847    -0.229    design_1_i/PMODVGA_0/U0/PMODVGA_v1_0_S00_AXIS_inst/s00_axis_aclk
    SLICE_X40Y25         FDRE                                         r  design_1_i/PMODVGA_0/U0/PMODVGA_v1_0_S00_AXIS_inst/pixel_g_reg_reg[0]/C
                         clock pessimism             -0.200    -0.429    
    SLICE_X40Y25         FDRE (Hold_fdre_C_D)         0.057    -0.372    design_1_i/PMODVGA_0/U0/PMODVGA_v1_0_S00_AXIS_inst/pixel_g_reg_reg[0]
  -------------------------------------------------------------------
                         required time                          0.372    
                         arrival time                          -0.137    
  -------------------------------------------------------------------
                         slack                                  0.235    

Slack (MET) :             0.268ns  (arrival time - required time)
  Source:                 design_1_i/TGP_1/U0/h_cntr_reg_reg[4]/C
                            (rising edge-triggered cell FDRE clocked by clk_out1_design_1_clk_wiz_0_0  {rise@0.000ns fall@20.000ns period=40.000ns})
  Destination:            design_1_i/TGP_1/U0/h_cntr_reg_reg[4]/D
                            (rising edge-triggered cell FDRE clocked by clk_out1_design_1_clk_wiz_0_0  {rise@0.000ns fall@20.000ns period=40.000ns})
  Path Group:             clk_out1_design_1_clk_wiz_0_0
  Path Type:              Hold (Min at Fast Process Corner)
  Requirement:            0.000ns  (clk_out1_design_1_clk_wiz_0_0 rise@0.000ns - clk_out1_design_1_clk_wiz_0_0 rise@0.000ns)
  Data Path Delay:        0.373ns  (logic 0.256ns (68.565%)  route 0.117ns (31.435%))
  Logic Levels:           1  (CARRY4=1)
  Clock Path Skew:        0.000ns (DCD - SCD - CPR)
    Destination Clock Delay (DCD):    -0.231ns
    Source Clock Delay      (SCD):    -0.464ns
    Clock Pessimism Removal (CPR):    0.233ns

    Location             Delay type                Incr(ns)  Path(ns)    Netlist Resource(s)
  -------------------------------------------------------------------    -------------------
                         (clock clk_out1_design_1_clk_wiz_0_0 rise edge)
                                                      0.000     0.000 r  
    H16                                               0.000     0.000 r  CLK_I (IN)
                         net (fo=0)                   0.000     0.000    design_1_i/clk_wiz_0/inst/clk_in1
    H16                  IBUF (Prop_ibuf_I_O)         0.225     0.225 r  design_1_i/clk_wiz_0/inst/clkin1_ibufg/O
                         net (fo=1, routed)           0.440     0.665    design_1_i/clk_wiz_0/inst/clk_in1_design_1_clk_wiz_0_0
    PLLE2_ADV_X0Y1       PLLE2_ADV (Prop_plle2_adv_CLKIN1_CLKOUT0)
                                                     -2.231    -1.565 r  design_1_i/clk_wiz_0/inst/plle2_adv_inst/CLKOUT0
                         net (fo=1, routed)           0.497    -1.068    design_1_i/clk_wiz_0/inst/clk_out1_design_1_clk_wiz_0_0
    BUFGCTRL_X0Y16       BUFG (Prop_bufg_I_O)         0.026    -1.042 r  design_1_i/clk_wiz_0/inst/clkout1_buf/O
                         net (fo=128, routed)         0.579    -0.464    design_1_i/TGP_1/U0/m00_axis_aclk
    SLICE_X37Y25         FDRE                                         r  design_1_i/TGP_1/U0/h_cntr_reg_reg[4]/C
  -------------------------------------------------------------------    -------------------
    SLICE_X37Y25         FDRE (Prop_fdre_C_Q)         0.141    -0.323 r  design_1_i/TGP_1/U0/h_cntr_reg_reg[4]/Q
                         net (fo=9, routed)           0.117    -0.205    design_1_i/TGP_1/U0/p_0_in[2]
    SLICE_X37Y25         CARRY4 (Prop_carry4_S[0]_O[0])
                                                      0.115    -0.090 r  design_1_i/TGP_1/U0/h_cntr_reg_reg[4]_i_1/O[0]
                         net (fo=1, routed)           0.000    -0.090    design_1_i/TGP_1/U0/h_cntr_reg_reg[4]_i_1_n_7
    SLICE_X37Y25         FDRE                                         r  design_1_i/TGP_1/U0/h_cntr_reg_reg[4]/D
  -------------------------------------------------------------------    -------------------

                         (clock clk_out1_design_1_clk_wiz_0_0 rise edge)
                                                      0.000     0.000 r  
    H16                                               0.000     0.000 r  CLK_I (IN)
                         net (fo=0)                   0.000     0.000    design_1_i/clk_wiz_0/inst/clk_in1
    H16                  IBUF (Prop_ibuf_I_O)         0.413     0.413 r  design_1_i/clk_wiz_0/inst/clkin1_ibufg/O
                         net (fo=1, routed)           0.481     0.894    design_1_i/clk_wiz_0/inst/clk_in1_design_1_clk_wiz_0_0
    PLLE2_ADV_X0Y1       PLLE2_ADV (Prop_plle2_adv_CLKIN1_CLKOUT0)
                                                     -2.543    -1.649 r  design_1_i/clk_wiz_0/inst/plle2_adv_inst/CLKOUT0
                         net (fo=1, routed)           0.544    -1.105    design_1_i/clk_wiz_0/inst/clk_out1_design_1_clk_wiz_0_0
    BUFGCTRL_X0Y16       BUFG (Prop_bufg_I_O)         0.029    -1.076 r  design_1_i/clk_wiz_0/inst/clkout1_buf/O
                         net (fo=128, routed)         0.845    -0.231    design_1_i/TGP_1/U0/m00_axis_aclk
    SLICE_X37Y25         FDRE                                         r  design_1_i/TGP_1/U0/h_cntr_reg_reg[4]/C
                         clock pessimism             -0.233    -0.464    
    SLICE_X37Y25         FDRE (Hold_fdre_C_D)         0.105    -0.359    design_1_i/TGP_1/U0/h_cntr_reg_reg[4]
  -------------------------------------------------------------------
                         required time                          0.359    
                         arrival time                          -0.090    
  -------------------------------------------------------------------
                         slack                                  0.268    

Slack (MET) :             0.269ns  (arrival time - required time)
  Source:                 design_1_i/TGP_1/U0/v_cntr_reg_reg[10]/C
                            (rising edge-triggered cell FDRE clocked by clk_out1_design_1_clk_wiz_0_0  {rise@0.000ns fall@20.000ns period=40.000ns})
  Destination:            design_1_i/TGP_1/U0/v_cntr_reg_reg[10]/D
                            (rising edge-triggered cell FDRE clocked by clk_out1_design_1_clk_wiz_0_0  {rise@0.000ns fall@20.000ns period=40.000ns})
  Path Group:             clk_out1_design_1_clk_wiz_0_0
  Path Type:              Hold (Min at Fast Process Corner)
  Requirement:            0.000ns  (clk_out1_design_1_clk_wiz_0_0 rise@0.000ns - clk_out1_design_1_clk_wiz_0_0 rise@0.000ns)
  Data Path Delay:        0.374ns  (logic 0.252ns (67.467%)  route 0.122ns (32.533%))
  Logic Levels:           1  (CARRY4=1)
  Clock Path Skew:        0.000ns (DCD - SCD - CPR)
    Destination Clock Delay (DCD):    -0.254ns
    Source Clock Delay      (SCD):    -0.487ns
    Clock Pessimism Removal (CPR):    0.233ns

    Location             Delay type                Incr(ns)  Path(ns)    Netlist Resource(s)
  -------------------------------------------------------------------    -------------------
                         (clock clk_out1_design_1_clk_wiz_0_0 rise edge)
                                                      0.000     0.000 r  
    H16                                               0.000     0.000 r  CLK_I (IN)
                         net (fo=0)                   0.000     0.000    design_1_i/clk_wiz_0/inst/clk_in1
    H16                  IBUF (Prop_ibuf_I_O)         0.225     0.225 r  design_1_i/clk_wiz_0/inst/clkin1_ibufg/O
                         net (fo=1, routed)           0.440     0.665    design_1_i/clk_wiz_0/inst/clk_in1_design_1_clk_wiz_0_0
    PLLE2_ADV_X0Y1       PLLE2_ADV (Prop_plle2_adv_CLKIN1_CLKOUT0)
                                                     -2.231    -1.565 r  design_1_i/clk_wiz_0/inst/plle2_adv_inst/CLKOUT0
                         net (fo=1, routed)           0.497    -1.068    design_1_i/clk_wiz_0/inst/clk_out1_design_1_clk_wiz_0_0
    BUFGCTRL_X0Y16       BUFG (Prop_bufg_I_O)         0.026    -1.042 r  design_1_i/clk_wiz_0/inst/clkout1_buf/O
                         net (fo=128, routed)         0.556    -0.487    design_1_i/TGP_1/U0/m00_axis_aclk
    SLICE_X33Y20         FDRE                                         r  design_1_i/TGP_1/U0/v_cntr_reg_reg[10]/C
  -------------------------------------------------------------------    -------------------
    SLICE_X33Y20         FDRE (Prop_fdre_C_Q)         0.141    -0.346 r  design_1_i/TGP_1/U0/v_cntr_reg_reg[10]/Q
                         net (fo=8, routed)           0.122    -0.224    design_1_i/TGP_1/U0/v_cntr_reg_reg[10]
    SLICE_X33Y20         CARRY4 (Prop_carry4_S[2]_O[2])
                                                      0.111    -0.113 r  design_1_i/TGP_1/U0/v_cntr_reg_reg[8]_i_1/O[2]
                         net (fo=1, routed)           0.000    -0.113    design_1_i/TGP_1/U0/v_cntr_reg_reg[8]_i_1_n_5
    SLICE_X33Y20         FDRE                                         r  design_1_i/TGP_1/U0/v_cntr_reg_reg[10]/D
  -------------------------------------------------------------------    -------------------

                         (clock clk_out1_design_1_clk_wiz_0_0 rise edge)
                                                      0.000     0.000 r  
    H16                                               0.000     0.000 r  CLK_I (IN)
                         net (fo=0)                   0.000     0.000    design_1_i/clk_wiz_0/inst/clk_in1
    H16                  IBUF (Prop_ibuf_I_O)         0.413     0.413 r  design_1_i/clk_wiz_0/inst/clkin1_ibufg/O
                         net (fo=1, routed)           0.481     0.894    design_1_i/clk_wiz_0/inst/clk_in1_design_1_clk_wiz_0_0
    PLLE2_ADV_X0Y1       PLLE2_ADV (Prop_plle2_adv_CLKIN1_CLKOUT0)
                                                     -2.543    -1.649 r  design_1_i/clk_wiz_0/inst/plle2_adv_inst/CLKOUT0
                         net (fo=1, routed)           0.544    -1.105    design_1_i/clk_wiz_0/inst/clk_out1_design_1_clk_wiz_0_0
    BUFGCTRL_X0Y16       BUFG (Prop_bufg_I_O)         0.029    -1.076 r  design_1_i/clk_wiz_0/inst/clkout1_buf/O
                         net (fo=128, routed)         0.822    -0.254    design_1_i/TGP_1/U0/m00_axis_aclk
    SLICE_X33Y20         FDRE                                         r  design_1_i/TGP_1/U0/v_cntr_reg_reg[10]/C
                         clock pessimism             -0.233    -0.487    
    SLICE_X33Y20         FDRE (Hold_fdre_C_D)         0.105    -0.382    design_1_i/TGP_1/U0/v_cntr_reg_reg[10]
  -------------------------------------------------------------------
                         required time                          0.382    
                         arrival time                          -0.113    
  -------------------------------------------------------------------
                         slack                                  0.269    

Slack (MET) :             0.270ns  (arrival time - required time)
  Source:                 design_1_i/TGP_1/U0/TGP_v1_0_M00_AXIS_inst/data_reg_reg[6]/C
                            (rising edge-triggered cell FDRE clocked by clk_out1_design_1_clk_wiz_0_0  {rise@0.000ns fall@20.000ns period=40.000ns})
  Destination:            design_1_i/PMODVGA_0/U0/PMODVGA_v1_0_S00_AXIS_inst/pixel_b_reg_reg[2]/D
                            (rising edge-triggered cell FDRE clocked by clk_out1_design_1_clk_wiz_0_0  {rise@0.000ns fall@20.000ns period=40.000ns})
  Path Group:             clk_out1_design_1_clk_wiz_0_0
  Path Type:              Hold (Min at Fast Process Corner)
  Requirement:            0.000ns  (clk_out1_design_1_clk_wiz_0_0 rise@0.000ns - clk_out1_design_1_clk_wiz_0_0 rise@0.000ns)
  Data Path Delay:        0.346ns  (logic 0.141ns (40.724%)  route 0.205ns (59.276%))
  Logic Levels:           0  
  Clock Path Skew:        0.013ns (DCD - SCD - CPR)
    Destination Clock Delay (DCD):    -0.229ns
    Source Clock Delay      (SCD):    -0.462ns
    Clock Pessimism Removal (CPR):    0.220ns

    Location             Delay type                Incr(ns)  Path(ns)    Netlist Resource(s)
  -------------------------------------------------------------------    -------------------
                         (clock clk_out1_design_1_clk_wiz_0_0 rise edge)
                                                      0.000     0.000 r  
    H16                                               0.000     0.000 r  CLK_I (IN)
                         net (fo=0)                   0.000     0.000    design_1_i/clk_wiz_0/inst/clk_in1
    H16                  IBUF (Prop_ibuf_I_O)         0.225     0.225 r  design_1_i/clk_wiz_0/inst/clkin1_ibufg/O
                         net (fo=1, routed)           0.440     0.665    design_1_i/clk_wiz_0/inst/clk_in1_design_1_clk_wiz_0_0
    PLLE2_ADV_X0Y1       PLLE2_ADV (Prop_plle2_adv_CLKIN1_CLKOUT0)
                                                     -2.231    -1.565 r  design_1_i/clk_wiz_0/inst/plle2_adv_inst/CLKOUT0
                         net (fo=1, routed)           0.497    -1.068    design_1_i/clk_wiz_0/inst/clk_out1_design_1_clk_wiz_0_0
    BUFGCTRL_X0Y16       BUFG (Prop_bufg_I_O)         0.026    -1.042 r  design_1_i/clk_wiz_0/inst/clkout1_buf/O
                         net (fo=128, routed)         0.581    -0.462    design_1_i/TGP_1/U0/TGP_v1_0_M00_AXIS_inst/m00_axis_aclk
    SLICE_X41Y24         FDRE                                         r  design_1_i/TGP_1/U0/TGP_v1_0_M00_AXIS_inst/data_reg_reg[6]/C
  -------------------------------------------------------------------    -------------------
    SLICE_X41Y24         FDRE (Prop_fdre_C_Q)         0.141    -0.321 r  design_1_i/TGP_1/U0/TGP_v1_0_M00_AXIS_inst/data_reg_reg[6]/Q
                         net (fo=1, routed)           0.205    -0.115    design_1_i/PMODVGA_0/U0/PMODVGA_v1_0_S00_AXIS_inst/s00_axis_tdata[2]
    SLICE_X42Y24         FDRE                                         r  design_1_i/PMODVGA_0/U0/PMODVGA_v1_0_S00_AXIS_inst/pixel_b_reg_reg[2]/D
  -------------------------------------------------------------------    -------------------

                         (clock clk_out1_design_1_clk_wiz_0_0 rise edge)
                                                      0.000     0.000 r  
    H16                                               0.000     0.000 r  CLK_I (IN)
                         net (fo=0)                   0.000     0.000    design_1_i/clk_wiz_0/inst/clk_in1
    H16                  IBUF (Prop_ibuf_I_O)         0.413     0.413 r  design_1_i/clk_wiz_0/inst/clkin1_ibufg/O
                         net (fo=1, routed)           0.481     0.894    design_1_i/clk_wiz_0/inst/clk_in1_design_1_clk_wiz_0_0
    PLLE2_ADV_X0Y1       PLLE2_ADV (Prop_plle2_adv_CLKIN1_CLKOUT0)
                                                     -2.543    -1.649 r  design_1_i/clk_wiz_0/inst/plle2_adv_inst/CLKOUT0
                         net (fo=1, routed)           0.544    -1.105    design_1_i/clk_wiz_0/inst/clk_out1_design_1_clk_wiz_0_0
    BUFGCTRL_X0Y16       BUFG (Prop_bufg_I_O)         0.029    -1.076 r  design_1_i/clk_wiz_0/inst/clkout1_buf/O
                         net (fo=128, routed)         0.847    -0.229    design_1_i/PMODVGA_0/U0/PMODVGA_v1_0_S00_AXIS_inst/s00_axis_aclk
    SLICE_X42Y24         FDRE                                         r  design_1_i/PMODVGA_0/U0/PMODVGA_v1_0_S00_AXIS_inst/pixel_b_reg_reg[2]/C
                         clock pessimism             -0.220    -0.449    
    SLICE_X42Y24         FDRE (Hold_fdre_C_D)         0.063    -0.386    design_1_i/PMODVGA_0/U0/PMODVGA_v1_0_S00_AXIS_inst/pixel_b_reg_reg[2]
  -------------------------------------------------------------------
                         required time                          0.386    
                         arrival time                          -0.115    
  -------------------------------------------------------------------
                         slack                                  0.270    

Slack (MET) :             0.274ns  (arrival time - required time)
  Source:                 design_1_i/TGP_1/U0/TGP_v1_0_M00_AXIS_inst/valid_reg_reg/C
                            (rising edge-triggered cell FDRE clocked by clk_out1_design_1_clk_wiz_0_0  {rise@0.000ns fall@20.000ns period=40.000ns})
  Destination:            design_1_i/TGP_1/U0/TGP_v1_0_M00_AXIS_inst/valid_reg_reg/D
                            (rising edge-triggered cell FDRE clocked by clk_out1_design_1_clk_wiz_0_0  {rise@0.000ns fall@20.000ns period=40.000ns})
  Path Group:             clk_out1_design_1_clk_wiz_0_0
  Path Type:              Hold (Min at Fast Process Corner)
  Requirement:            0.000ns  (clk_out1_design_1_clk_wiz_0_0 rise@0.000ns - clk_out1_design_1_clk_wiz_0_0 rise@0.000ns)
  Data Path Delay:        0.365ns  (logic 0.186ns (50.911%)  route 0.179ns (49.089%))
  Logic Levels:           1  (LUT4=1)
  Clock Path Skew:        0.000ns (DCD - SCD - CPR)
    Destination Clock Delay (DCD):    -0.228ns
    Source Clock Delay      (SCD):    -0.461ns
    Clock Pessimism Removal (CPR):    0.233ns

    Location             Delay type                Incr(ns)  Path(ns)    Netlist Resource(s)
  -------------------------------------------------------------------    -------------------
                         (clock clk_out1_design_1_clk_wiz_0_0 rise edge)
                                                      0.000     0.000 r  
    H16                                               0.000     0.000 r  CLK_I (IN)
                         net (fo=0)                   0.000     0.000    design_1_i/clk_wiz_0/inst/clk_in1
    H16                  IBUF (Prop_ibuf_I_O)         0.225     0.225 r  design_1_i/clk_wiz_0/inst/clkin1_ibufg/O
                         net (fo=1, routed)           0.440     0.665    design_1_i/clk_wiz_0/inst/clk_in1_design_1_clk_wiz_0_0
    PLLE2_ADV_X0Y1       PLLE2_ADV (Prop_plle2_adv_CLKIN1_CLKOUT0)
                                                     -2.231    -1.565 r  design_1_i/clk_wiz_0/inst/plle2_adv_inst/CLKOUT0
                         net (fo=1, routed)           0.497    -1.068    design_1_i/clk_wiz_0/inst/clk_out1_design_1_clk_wiz_0_0
    BUFGCTRL_X0Y16       BUFG (Prop_bufg_I_O)         0.026    -1.042 r  design_1_i/clk_wiz_0/inst/clkout1_buf/O
                         net (fo=128, routed)         0.582    -0.461    design_1_i/TGP_1/U0/TGP_v1_0_M00_AXIS_inst/m00_axis_aclk
    SLICE_X41Y26         FDRE                                         r  design_1_i/TGP_1/U0/TGP_v1_0_M00_AXIS_inst/valid_reg_reg/C
  -------------------------------------------------------------------    -------------------
    SLICE_X41Y26         FDRE (Prop_fdre_C_Q)         0.141    -0.320 r  design_1_i/TGP_1/U0/TGP_v1_0_M00_AXIS_inst/valid_reg_reg/Q
                         net (fo=3, routed)           0.179    -0.140    design_1_i/TGP_1/U0/TGP_v1_0_M00_AXIS_inst/m00_axis_tvalid
    SLICE_X41Y26         LUT4 (Prop_lut4_I3_O)        0.045    -0.095 r  design_1_i/TGP_1/U0/TGP_v1_0_M00_AXIS_inst/valid_reg_i_1/O
                         net (fo=1, routed)           0.000    -0.095    design_1_i/TGP_1/U0/TGP_v1_0_M00_AXIS_inst/valid_reg_i_1_n_0
    SLICE_X41Y26         FDRE                                         r  design_1_i/TGP_1/U0/TGP_v1_0_M00_AXIS_inst/valid_reg_reg/D
  -------------------------------------------------------------------    -------------------

                         (clock clk_out1_design_1_clk_wiz_0_0 rise edge)
                                                      0.000     0.000 r  
    H16                                               0.000     0.000 r  CLK_I (IN)
                         net (fo=0)                   0.000     0.000    design_1_i/clk_wiz_0/inst/clk_in1
    H16                  IBUF (Prop_ibuf_I_O)         0.413     0.413 r  design_1_i/clk_wiz_0/inst/clkin1_ibufg/O
                         net (fo=1, routed)           0.481     0.894    design_1_i/clk_wiz_0/inst/clk_in1_design_1_clk_wiz_0_0
    PLLE2_ADV_X0Y1       PLLE2_ADV (Prop_plle2_adv_CLKIN1_CLKOUT0)
                                                     -2.543    -1.649 r  design_1_i/clk_wiz_0/inst/plle2_adv_inst/CLKOUT0
                         net (fo=1, routed)           0.544    -1.105    design_1_i/clk_wiz_0/inst/clk_out1_design_1_clk_wiz_0_0
    BUFGCTRL_X0Y16       BUFG (Prop_bufg_I_O)         0.029    -1.076 r  design_1_i/clk_wiz_0/inst/clkout1_buf/O
                         net (fo=128, routed)         0.848    -0.228    design_1_i/TGP_1/U0/TGP_v1_0_M00_AXIS_inst/m00_axis_aclk
    SLICE_X41Y26         FDRE                                         r  design_1_i/TGP_1/U0/TGP_v1_0_M00_AXIS_inst/valid_reg_reg/C
                         clock pessimism             -0.233    -0.461    
    SLICE_X41Y26         FDRE (Hold_fdre_C_D)         0.091    -0.370    design_1_i/TGP_1/U0/TGP_v1_0_M00_AXIS_inst/valid_reg_reg
  -------------------------------------------------------------------
                         required time                          0.370    
                         arrival time                          -0.095    
  -------------------------------------------------------------------
                         slack                                  0.274    

Slack (MET) :             0.276ns  (arrival time - required time)
  Source:                 design_1_i/TGP_1/U0/box_x_dir_reg/C
                            (rising edge-triggered cell FDRE clocked by clk_out1_design_1_clk_wiz_0_0  {rise@0.000ns fall@20.000ns period=40.000ns})
  Destination:            design_1_i/TGP_1/U0/box_x_dir_reg/D
                            (rising edge-triggered cell FDRE clocked by clk_out1_design_1_clk_wiz_0_0  {rise@0.000ns fall@20.000ns period=40.000ns})
  Path Group:             clk_out1_design_1_clk_wiz_0_0
  Path Type:              Hold (Min at Fast Process Corner)
  Requirement:            0.000ns  (clk_out1_design_1_clk_wiz_0_0 rise@0.000ns - clk_out1_design_1_clk_wiz_0_0 rise@0.000ns)
  Data Path Delay:        0.396ns  (logic 0.209ns (52.728%)  route 0.187ns (47.272%))
  Logic Levels:           1  (LUT5=1)
  Clock Path Skew:        0.000ns (DCD - SCD - CPR)
    Destination Clock Delay (DCD):    -0.228ns
    Source Clock Delay      (SCD):    -0.461ns
    Clock Pessimism Removal (CPR):    0.233ns

    Location             Delay type                Incr(ns)  Path(ns)    Netlist Resource(s)
  -------------------------------------------------------------------    -------------------
                         (clock clk_out1_design_1_clk_wiz_0_0 rise edge)
                                                      0.000     0.000 r  
    H16                                               0.000     0.000 r  CLK_I (IN)
                         net (fo=0)                   0.000     0.000    design_1_i/clk_wiz_0/inst/clk_in1
    H16                  IBUF (Prop_ibuf_I_O)         0.225     0.225 r  design_1_i/clk_wiz_0/inst/clkin1_ibufg/O
                         net (fo=1, routed)           0.440     0.665    design_1_i/clk_wiz_0/inst/clk_in1_design_1_clk_wiz_0_0
    PLLE2_ADV_X0Y1       PLLE2_ADV (Prop_plle2_adv_CLKIN1_CLKOUT0)
                                                     -2.231    -1.565 r  design_1_i/clk_wiz_0/inst/plle2_adv_inst/CLKOUT0
                         net (fo=1, routed)           0.497    -1.068    design_1_i/clk_wiz_0/inst/clk_out1_design_1_clk_wiz_0_0
    BUFGCTRL_X0Y16       BUFG (Prop_bufg_I_O)         0.026    -1.042 r  design_1_i/clk_wiz_0/inst/clkout1_buf/O
                         net (fo=128, routed)         0.582    -0.461    design_1_i/TGP_1/U0/m00_axis_aclk
    SLICE_X38Y27         FDRE                                         r  design_1_i/TGP_1/U0/box_x_dir_reg/C
  -------------------------------------------------------------------    -------------------
    SLICE_X38Y27         FDRE (Prop_fdre_C_Q)         0.164    -0.297 r  design_1_i/TGP_1/U0/box_x_dir_reg/Q
                         net (fo=27, routed)          0.187    -0.109    design_1_i/TGP_1/U0/box_x_dir_reg_n_0
    SLICE_X38Y27         LUT5 (Prop_lut5_I4_O)        0.045    -0.064 r  design_1_i/TGP_1/U0/box_x_dir_i_1/O
                         net (fo=1, routed)           0.000    -0.064    design_1_i/TGP_1/U0/box_x_dir_i_1_n_0
    SLICE_X38Y27         FDRE                                         r  design_1_i/TGP_1/U0/box_x_dir_reg/D
  -------------------------------------------------------------------    -------------------

                         (clock clk_out1_design_1_clk_wiz_0_0 rise edge)
                                                      0.000     0.000 r  
    H16                                               0.000     0.000 r  CLK_I (IN)
                         net (fo=0)                   0.000     0.000    design_1_i/clk_wiz_0/inst/clk_in1
    H16                  IBUF (Prop_ibuf_I_O)         0.413     0.413 r  design_1_i/clk_wiz_0/inst/clkin1_ibufg/O
                         net (fo=1, routed)           0.481     0.894    design_1_i/clk_wiz_0/inst/clk_in1_design_1_clk_wiz_0_0
    PLLE2_ADV_X0Y1       PLLE2_ADV (Prop_plle2_adv_CLKIN1_CLKOUT0)
                                                     -2.543    -1.649 r  design_1_i/clk_wiz_0/inst/plle2_adv_inst/CLKOUT0
                         net (fo=1, routed)           0.544    -1.105    design_1_i/clk_wiz_0/inst/clk_out1_design_1_clk_wiz_0_0
    BUFGCTRL_X0Y16       BUFG (Prop_bufg_I_O)         0.029    -1.076 r  design_1_i/clk_wiz_0/inst/clkout1_buf/O
                         net (fo=128, routed)         0.848    -0.228    design_1_i/TGP_1/U0/m00_axis_aclk
    SLICE_X38Y27         FDRE                                         r  design_1_i/TGP_1/U0/box_x_dir_reg/C
                         clock pessimism             -0.233    -0.461    
    SLICE_X38Y27         FDRE (Hold_fdre_C_D)         0.120    -0.341    design_1_i/TGP_1/U0/box_x_dir_reg
  -------------------------------------------------------------------
                         required time                          0.341    
                         arrival time                          -0.064    
  -------------------------------------------------------------------
                         slack                                  0.276    

Slack (MET) :             0.276ns  (arrival time - required time)
  Source:                 design_1_i/TGP_1/U0/v_cntr_reg_reg[7]/C
                            (rising edge-triggered cell FDRE clocked by clk_out1_design_1_clk_wiz_0_0  {rise@0.000ns fall@20.000ns period=40.000ns})
  Destination:            design_1_i/TGP_1/U0/v_cntr_reg_reg[7]/D
                            (rising edge-triggered cell FDRE clocked by clk_out1_design_1_clk_wiz_0_0  {rise@0.000ns fall@20.000ns period=40.000ns})
  Path Group:             clk_out1_design_1_clk_wiz_0_0
  Path Type:              Hold (Min at Fast Process Corner)
  Requirement:            0.000ns  (clk_out1_design_1_clk_wiz_0_0 rise@0.000ns - clk_out1_design_1_clk_wiz_0_0 rise@0.000ns)
  Data Path Delay:        0.381ns  (logic 0.249ns (65.279%)  route 0.132ns (34.721%))
  Logic Levels:           1  (CARRY4=1)
  Clock Path Skew:        0.000ns (DCD - SCD - CPR)
    Destination Clock Delay (DCD):    -0.253ns
    Source Clock Delay      (SCD):    -0.486ns
    Clock Pessimism Removal (CPR):    0.233ns

    Location             Delay type                Incr(ns)  Path(ns)    Netlist Resource(s)
  -------------------------------------------------------------------    -------------------
                         (clock clk_out1_design_1_clk_wiz_0_0 rise edge)
                                                      0.000     0.000 r  
    H16                                               0.000     0.000 r  CLK_I (IN)
                         net (fo=0)                   0.000     0.000    design_1_i/clk_wiz_0/inst/clk_in1
    H16                  IBUF (Prop_ibuf_I_O)         0.225     0.225 r  design_1_i/clk_wiz_0/inst/clkin1_ibufg/O
                         net (fo=1, routed)           0.440     0.665    design_1_i/clk_wiz_0/inst/clk_in1_design_1_clk_wiz_0_0
    PLLE2_ADV_X0Y1       PLLE2_ADV (Prop_plle2_adv_CLKIN1_CLKOUT0)
                                                     -2.231    -1.565 r  design_1_i/clk_wiz_0/inst/plle2_adv_inst/CLKOUT0
                         net (fo=1, routed)           0.497    -1.068    design_1_i/clk_wiz_0/inst/clk_out1_design_1_clk_wiz_0_0
    BUFGCTRL_X0Y16       BUFG (Prop_bufg_I_O)         0.026    -1.042 r  design_1_i/clk_wiz_0/inst/clkout1_buf/O
                         net (fo=128, routed)         0.557    -0.486    design_1_i/TGP_1/U0/m00_axis_aclk
    SLICE_X33Y19         FDRE                                         r  design_1_i/TGP_1/U0/v_cntr_reg_reg[7]/C
  -------------------------------------------------------------------    -------------------
    SLICE_X33Y19         FDRE (Prop_fdre_C_Q)         0.141    -0.345 r  design_1_i/TGP_1/U0/v_cntr_reg_reg[7]/Q
                         net (fo=8, routed)           0.132    -0.212    design_1_i/TGP_1/U0/v_cntr_reg_reg[7]
    SLICE_X33Y19         CARRY4 (Prop_carry4_S[3]_O[3])
                                                      0.108    -0.104 r  design_1_i/TGP_1/U0/v_cntr_reg_reg[4]_i_1/O[3]
                         net (fo=1, routed)           0.000    -0.104    design_1_i/TGP_1/U0/v_cntr_reg_reg[4]_i_1_n_4
    SLICE_X33Y19         FDRE                                         r  design_1_i/TGP_1/U0/v_cntr_reg_reg[7]/D
  -------------------------------------------------------------------    -------------------

                         (clock clk_out1_design_1_clk_wiz_0_0 rise edge)
                                                      0.000     0.000 r  
    H16                                               0.000     0.000 r  CLK_I (IN)
                         net (fo=0)                   0.000     0.000    design_1_i/clk_wiz_0/inst/clk_in1
    H16                  IBUF (Prop_ibuf_I_O)         0.413     0.413 r  design_1_i/clk_wiz_0/inst/clkin1_ibufg/O
                         net (fo=1, routed)           0.481     0.894    design_1_i/clk_wiz_0/inst/clk_in1_design_1_clk_wiz_0_0
    PLLE2_ADV_X0Y1       PLLE2_ADV (Prop_plle2_adv_CLKIN1_CLKOUT0)
                                                     -2.543    -1.649 r  design_1_i/clk_wiz_0/inst/plle2_adv_inst/CLKOUT0
                         net (fo=1, routed)           0.544    -1.105    design_1_i/clk_wiz_0/inst/clk_out1_design_1_clk_wiz_0_0
    BUFGCTRL_X0Y16       BUFG (Prop_bufg_I_O)         0.029    -1.076 r  design_1_i/clk_wiz_0/inst/clkout1_buf/O
                         net (fo=128, routed)         0.823    -0.253    design_1_i/TGP_1/U0/m00_axis_aclk
    SLICE_X33Y19         FDRE                                         r  design_1_i/TGP_1/U0/v_cntr_reg_reg[7]/C
                         clock pessimism             -0.233    -0.486    
    SLICE_X33Y19         FDRE (Hold_fdre_C_D)         0.105    -0.381    design_1_i/TGP_1/U0/v_cntr_reg_reg[7]
  -------------------------------------------------------------------
                         required time                          0.381    
                         arrival time                          -0.104    
  -------------------------------------------------------------------
                         slack                                  0.276    

Slack (MET) :             0.277ns  (arrival time - required time)
  Source:                 design_1_i/TGP_1/U0/h_cntr_reg_reg[11]/C
                            (rising edge-triggered cell FDRE clocked by clk_out1_design_1_clk_wiz_0_0  {rise@0.000ns fall@20.000ns period=40.000ns})
  Destination:            design_1_i/TGP_1/U0/h_cntr_reg_reg[11]/D
                            (rising edge-triggered cell FDRE clocked by clk_out1_design_1_clk_wiz_0_0  {rise@0.000ns fall@20.000ns period=40.000ns})
  Path Group:             clk_out1_design_1_clk_wiz_0_0
  Path Type:              Hold (Min at Fast Process Corner)
  Requirement:            0.000ns  (clk_out1_design_1_clk_wiz_0_0 rise@0.000ns - clk_out1_design_1_clk_wiz_0_0 rise@0.000ns)
  Data Path Delay:        0.382ns  (logic 0.249ns (65.268%)  route 0.133ns (34.732%))
  Logic Levels:           1  (CARRY4=1)
  Clock Path Skew:        0.000ns (DCD - SCD - CPR)
    Destination Clock Delay (DCD):    -0.230ns
    Source Clock Delay      (SCD):    -0.463ns
    Clock Pessimism Removal (CPR):    0.233ns

    Location             Delay type                Incr(ns)  Path(ns)    Netlist Resource(s)
  -------------------------------------------------------------------    -------------------
                         (clock clk_out1_design_1_clk_wiz_0_0 rise edge)
                                                      0.000     0.000 r  
    H16                                               0.000     0.000 r  CLK_I (IN)
                         net (fo=0)                   0.000     0.000    design_1_i/clk_wiz_0/inst/clk_in1
    H16                  IBUF (Prop_ibuf_I_O)         0.225     0.225 r  design_1_i/clk_wiz_0/inst/clkin1_ibufg/O
                         net (fo=1, routed)           0.440     0.665    design_1_i/clk_wiz_0/inst/clk_in1_design_1_clk_wiz_0_0
    PLLE2_ADV_X0Y1       PLLE2_ADV (Prop_plle2_adv_CLKIN1_CLKOUT0)
                                                     -2.231    -1.565 r  design_1_i/clk_wiz_0/inst/plle2_adv_inst/CLKOUT0
                         net (fo=1, routed)           0.497    -1.068    design_1_i/clk_wiz_0/inst/clk_out1_design_1_clk_wiz_0_0
    BUFGCTRL_X0Y16       BUFG (Prop_bufg_I_O)         0.026    -1.042 r  design_1_i/clk_wiz_0/inst/clkout1_buf/O
                         net (fo=128, routed)         0.580    -0.463    design_1_i/TGP_1/U0/m00_axis_aclk
    SLICE_X37Y26         FDRE                                         r  design_1_i/TGP_1/U0/h_cntr_reg_reg[11]/C
  -------------------------------------------------------------------    -------------------
    SLICE_X37Y26         FDRE (Prop_fdre_C_Q)         0.141    -0.322 r  design_1_i/TGP_1/U0/h_cntr_reg_reg[11]/Q
                         net (fo=8, routed)           0.133    -0.189    design_1_i/TGP_1/U0/h_cntr_reg_reg_n_0_[11]
    SLICE_X37Y26         CARRY4 (Prop_carry4_S[3]_O[3])
                                                      0.108    -0.081 r  design_1_i/TGP_1/U0/h_cntr_reg_reg[8]_i_1/O[3]
                         net (fo=1, routed)           0.000    -0.081    design_1_i/TGP_1/U0/h_cntr_reg_reg[8]_i_1_n_4
    SLICE_X37Y26         FDRE                                         r  design_1_i/TGP_1/U0/h_cntr_reg_reg[11]/D
  -------------------------------------------------------------------    -------------------

                         (clock clk_out1_design_1_clk_wiz_0_0 rise edge)
                                                      0.000     0.000 r  
    H16                                               0.000     0.000 r  CLK_I (IN)
                         net (fo=0)                   0.000     0.000    design_1_i/clk_wiz_0/inst/clk_in1
    H16                  IBUF (Prop_ibuf_I_O)         0.413     0.413 r  design_1_i/clk_wiz_0/inst/clkin1_ibufg/O
                         net (fo=1, routed)           0.481     0.894    design_1_i/clk_wiz_0/inst/clk_in1_design_1_clk_wiz_0_0
    PLLE2_ADV_X0Y1       PLLE2_ADV (Prop_plle2_adv_CLKIN1_CLKOUT0)
                                                     -2.543    -1.649 r  design_1_i/clk_wiz_0/inst/plle2_adv_inst/CLKOUT0
                         net (fo=1, routed)           0.544    -1.105    design_1_i/clk_wiz_0/inst/clk_out1_design_1_clk_wiz_0_0
    BUFGCTRL_X0Y16       BUFG (Prop_bufg_I_O)         0.029    -1.076 r  design_1_i/clk_wiz_0/inst/clkout1_buf/O
                         net (fo=128, routed)         0.846    -0.230    design_1_i/TGP_1/U0/m00_axis_aclk
    SLICE_X37Y26         FDRE                                         r  design_1_i/TGP_1/U0/h_cntr_reg_reg[11]/C
                         clock pessimism             -0.233    -0.463    
    SLICE_X37Y26         FDRE (Hold_fdre_C_D)         0.105    -0.358    design_1_i/TGP_1/U0/h_cntr_reg_reg[11]
  -------------------------------------------------------------------
                         required time                          0.358    
                         arrival time                          -0.081    
  -------------------------------------------------------------------
                         slack                                  0.277    





Pulse Width Checks
--------------------------------------------------------------------------------------
Clock Name:         clk_out1_design_1_clk_wiz_0_0
Waveform(ns):       { 0.000 20.000 }
Period(ns):         40.000
Sources:            { design_1_i/clk_wiz_0/inst/plle2_adv_inst/CLKOUT0 }

Check Type        Corner  Lib Pin            Reference Pin  Required(ns)  Actual(ns)  Slack(ns)  Location        Pin
Min Period        n/a     BUFG/I             n/a            2.155         40.000      37.845     BUFGCTRL_X0Y16  design_1_i/clk_wiz_0/inst/clkout1_buf/I
Min Period        n/a     PLLE2_ADV/CLKOUT0  n/a            1.249         40.000      38.751     PLLE2_ADV_X0Y1  design_1_i/clk_wiz_0/inst/plle2_adv_inst/CLKOUT0
Min Period        n/a     FDRE/C             n/a            1.000         40.000      39.000     SLICE_X42Y20    design_1_i/PMODVGA_0/U0/h_cntr_reg_reg[0]/C
Min Period        n/a     FDRE/C             n/a            1.000         40.000      39.000     SLICE_X42Y22    design_1_i/PMODVGA_0/U0/h_cntr_reg_reg[10]/C
Min Period        n/a     FDRE/C             n/a            1.000         40.000      39.000     SLICE_X42Y22    design_1_i/PMODVGA_0/U0/h_cntr_reg_reg[11]/C
Min Period        n/a     FDRE/C             n/a            1.000         40.000      39.000     SLICE_X42Y20    design_1_i/PMODVGA_0/U0/h_cntr_reg_reg[1]/C
Min Period        n/a     FDRE/C             n/a            1.000         40.000      39.000     SLICE_X42Y20    design_1_i/PMODVGA_0/U0/h_cntr_reg_reg[2]/C
Min Period        n/a     FDRE/C             n/a            1.000         40.000      39.000     SLICE_X42Y20    design_1_i/PMODVGA_0/U0/h_cntr_reg_reg[3]/C
Min Period        n/a     FDRE/C             n/a            1.000         40.000      39.000     SLICE_X42Y21    design_1_i/PMODVGA_0/U0/h_cntr_reg_reg[4]/C
Min Period        n/a     FDRE/C             n/a            1.000         40.000      39.000     SLICE_X42Y21    design_1_i/PMODVGA_0/U0/h_cntr_reg_reg[5]/C
Max Period        n/a     PLLE2_ADV/CLKOUT0  n/a            160.000       40.000      120.000    PLLE2_ADV_X0Y1  design_1_i/clk_wiz_0/inst/plle2_adv_inst/CLKOUT0
Low Pulse Width   Fast    FDRE/C             n/a            0.500         20.000      19.500     SLICE_X42Y20    design_1_i/PMODVGA_0/U0/h_cntr_reg_reg[0]/C
Low Pulse Width   Fast    FDRE/C             n/a            0.500         20.000      19.500     SLICE_X42Y20    design_1_i/PMODVGA_0/U0/h_cntr_reg_reg[1]/C
Low Pulse Width   Fast    FDRE/C             n/a            0.500         20.000      19.500     SLICE_X42Y20    design_1_i/PMODVGA_0/U0/h_cntr_reg_reg[2]/C
Low Pulse Width   Fast    FDRE/C             n/a            0.500         20.000      19.500     SLICE_X42Y20    design_1_i/PMODVGA_0/U0/h_cntr_reg_reg[3]/C
Low Pulse Width   Fast    FDRE/C             n/a            0.500         20.000      19.500     SLICE_X41Y29    design_1_i/PMODVGA_0/U0/v_cntr_reg_reg[0]/C
Low Pulse Width   Fast    FDRE/C             n/a            0.500         20.000      19.500     SLICE_X41Y31    design_1_i/PMODVGA_0/U0/v_cntr_reg_reg[10]/C
Low Pulse Width   Fast    FDRE/C             n/a            0.500         20.000      19.500     SLICE_X41Y31    design_1_i/PMODVGA_0/U0/v_cntr_reg_reg[11]/C
Low Pulse Width   Fast    FDRE/C             n/a            0.500         20.000      19.500     SLICE_X41Y29    design_1_i/PMODVGA_0/U0/v_cntr_reg_reg[1]/C
Low Pulse Width   Fast    FDRE/C             n/a            0.500         20.000      19.500     SLICE_X41Y29    design_1_i/PMODVGA_0/U0/v_cntr_reg_reg[2]/C
Low Pulse Width   Fast    FDRE/C             n/a            0.500         20.000      19.500     SLICE_X41Y29    design_1_i/PMODVGA_0/U0/v_cntr_reg_reg[3]/C
High Pulse Width  Slow    FDRE/C             n/a            0.500         20.000      19.500     SLICE_X36Y15    design_1_i/TGP_1/U0/box_cntr_reg_reg[1]/C
High Pulse Width  Slow    FDRE/C             n/a            0.500         20.000      19.500     SLICE_X36Y15    design_1_i/TGP_1/U0/box_cntr_reg_reg[2]/C
High Pulse Width  Slow    FDRE/C             n/a            0.500         20.000      19.500     SLICE_X36Y15    design_1_i/TGP_1/U0/box_cntr_reg_reg[3]/C
High Pulse Width  Slow    FDRE/C             n/a            0.500         20.000      19.500     SLICE_X36Y15    design_1_i/TGP_1/U0/box_cntr_reg_reg[0]/C
High Pulse Width  Slow    FDRE/C             n/a            0.500         20.000      19.500     SLICE_X42Y20    design_1_i/PMODVGA_0/U0/h_cntr_reg_reg[0]/C
High Pulse Width  Fast    FDRE/C             n/a            0.500         20.000      19.500     SLICE_X42Y20    design_1_i/PMODVGA_0/U0/h_cntr_reg_reg[0]/C
High Pulse Width  Slow    FDRE/C             n/a            0.500         20.000      19.500     SLICE_X42Y22    design_1_i/PMODVGA_0/U0/h_cntr_reg_reg[10]/C
High Pulse Width  Fast    FDRE/C             n/a            0.500         20.000      19.500     SLICE_X42Y22    design_1_i/PMODVGA_0/U0/h_cntr_reg_reg[10]/C
High Pulse Width  Slow    FDRE/C             n/a            0.500         20.000      19.500     SLICE_X42Y22    design_1_i/PMODVGA_0/U0/h_cntr_reg_reg[11]/C
High Pulse Width  Fast    FDRE/C             n/a            0.500         20.000      19.500     SLICE_X42Y22    design_1_i/PMODVGA_0/U0/h_cntr_reg_reg[11]/C



---------------------------------------------------------------------------------------------------
From Clock:  clkfbout_design_1_clk_wiz_0_0
  To Clock:  clkfbout_design_1_clk_wiz_0_0

Setup :           NA  Failing Endpoints,  Worst Slack           NA  ,  Total Violation           NA
Hold  :           NA  Failing Endpoints,  Worst Slack           NA  ,  Total Violation           NA
PW    :            0  Failing Endpoints,  Worst Slack       12.633ns,  Total Violation        0.000ns
---------------------------------------------------------------------------------------------------


Pulse Width Checks
--------------------------------------------------------------------------------------
Clock Name:         clkfbout_design_1_clk_wiz_0_0
Waveform(ns):       { 0.000 20.000 }
Period(ns):         40.000
Sources:            { design_1_i/clk_wiz_0/inst/plle2_adv_inst/CLKFBOUT }

Check Type  Corner  Lib Pin             Reference Pin  Required(ns)  Actual(ns)  Slack(ns)  Location        Pin
Min Period  n/a     BUFG/I              n/a            2.155         40.000      37.845     BUFGCTRL_X0Y17  design_1_i/clk_wiz_0/inst/clkf_buf/I
Min Period  n/a     PLLE2_ADV/CLKFBOUT  n/a            1.249         40.000      38.751     PLLE2_ADV_X0Y1  design_1_i/clk_wiz_0/inst/plle2_adv_inst/CLKFBOUT
Min Period  n/a     PLLE2_ADV/CLKFBIN   n/a            1.249         40.000      38.751     PLLE2_ADV_X0Y1  design_1_i/clk_wiz_0/inst/plle2_adv_inst/CLKFBIN
Max Period  n/a     PLLE2_ADV/CLKFBIN   n/a            52.633        40.000      12.633     PLLE2_ADV_X0Y1  design_1_i/clk_wiz_0/inst/plle2_adv_inst/CLKFBIN
Max Period  n/a     PLLE2_ADV/CLKFBOUT  n/a            160.000       40.000      120.000    PLLE2_ADV_X0Y1  design_1_i/clk_wiz_0/inst/plle2_adv_inst/CLKFBOUT



---------------------------------------------------------------------------------------------------
From Clock:  sys_clk_pin
  To Clock:  sys_clk_pin

Setup :           NA  Failing Endpoints,  Worst Slack           NA  ,  Total Violation           NA
Hold  :           NA  Failing Endpoints,  Worst Slack           NA  ,  Total Violation           NA
PW    :            0  Failing Endpoints,  Worst Slack        2.000ns,  Total Violation        0.000ns
---------------------------------------------------------------------------------------------------


Pulse Width Checks
--------------------------------------------------------------------------------------
Clock Name:         sys_clk_pin
Waveform(ns):       { 0.000 4.000 }
Period(ns):         8.000
Sources:            { CLK_I }

Check Type        Corner  Lib Pin           Reference Pin  Required(ns)  Actual(ns)  Slack(ns)  Location        Pin
Min Period        n/a     PLLE2_ADV/CLKIN1  n/a            1.249         8.000       6.751      PLLE2_ADV_X0Y1  design_1_i/clk_wiz_0/inst/plle2_adv_inst/CLKIN1
Max Period        n/a     PLLE2_ADV/CLKIN1  n/a            52.633        8.000       44.633     PLLE2_ADV_X0Y1  design_1_i/clk_wiz_0/inst/plle2_adv_inst/CLKIN1
Low Pulse Width   Slow    PLLE2_ADV/CLKIN1  n/a            2.000         4.000       2.000      PLLE2_ADV_X0Y1  design_1_i/clk_wiz_0/inst/plle2_adv_inst/CLKIN1
Low Pulse Width   Fast    PLLE2_ADV/CLKIN1  n/a            2.000         4.000       2.000      PLLE2_ADV_X0Y1  design_1_i/clk_wiz_0/inst/plle2_adv_inst/CLKIN1
High Pulse Width  Slow    PLLE2_ADV/CLKIN1  n/a            2.000         4.000       2.000      PLLE2_ADV_X0Y1  design_1_i/clk_wiz_0/inst/plle2_adv_inst/CLKIN1
High Pulse Width  Fast    PLLE2_ADV/CLKIN1  n/a            2.000         4.000       2.000      PLLE2_ADV_X0Y1  design_1_i/clk_wiz_0/inst/plle2_adv_inst/CLKIN1



---------------------------------------------------------------------------------------------------
From Clock:  clk_out1_design_1_clk_wiz_0_0_1
  To Clock:  clk_out1_design_1_clk_wiz_0_0_1

Setup :            0  Failing Endpoints,  Worst Slack       33.589ns,  Total Violation        0.000ns
Hold  :            0  Failing Endpoints,  Worst Slack        0.212ns,  Total Violation        0.000ns
PW    :            0  Failing Endpoints,  Worst Slack       19.500ns,  Total Violation        0.000ns
---------------------------------------------------------------------------------------------------


Max Delay Paths
--------------------------------------------------------------------------------------
Slack (MET) :             33.589ns  (required time - arrival time)
  Source:                 design_1_i/TGP_1/U0/h_cntr_reg_reg[1]/C
                            (rising edge-triggered cell FDRE clocked by clk_out1_design_1_clk_wiz_0_0_1  {rise@0.000ns fall@20.000ns period=40.000ns})
  Destination:            design_1_i/TGP_1/U0/v_cntr_reg_reg[0]/R
                            (rising edge-triggered cell FDRE clocked by clk_out1_design_1_clk_wiz_0_0_1  {rise@0.000ns fall@20.000ns period=40.000ns})
  Path Group:             clk_out1_design_1_clk_wiz_0_0_1
  Path Type:              Setup (Max at Slow Process Corner)
  Requirement:            40.000ns  (clk_out1_design_1_clk_wiz_0_0_1 rise@40.000ns - clk_out1_design_1_clk_wiz_0_0_1 rise@0.000ns)
  Data Path Delay:        5.694ns  (logic 0.828ns (14.541%)  route 4.866ns (85.459%))
  Logic Levels:           3  (LUT4=1 LUT6=2)
  Clock Path Skew:        -0.127ns (DCD - SCD + CPR)
    Destination Clock Delay (DCD):    -1.891ns = ( 38.109 - 40.000 ) 
    Source Clock Delay      (SCD):    -2.166ns
    Clock Pessimism Removal (CPR):    -0.402ns
  Clock Uncertainty:      0.161ns  ((TSJ^2 + DJ^2)^1/2) / 2 + PE
    Total System Jitter     (TSJ):    0.071ns
    Discrete Jitter          (DJ):    0.314ns
    Phase Error              (PE):    0.000ns

    Location             Delay type                Incr(ns)  Path(ns)    Netlist Resource(s)
  -------------------------------------------------------------------    -------------------
                         (clock clk_out1_design_1_clk_wiz_0_0_1 rise edge)
                                                      0.000     0.000 r  
    H16                                               0.000     0.000 r  CLK_I (IN)
                         net (fo=0)                   0.000     0.000    design_1_i/clk_wiz_0/inst/clk_in1
    H16                  IBUF (Prop_ibuf_I_O)         1.457     1.457 r  design_1_i/clk_wiz_0/inst/clkin1_ibufg/O
                         net (fo=1, routed)           1.306     2.763    design_1_i/clk_wiz_0/inst/clk_in1_design_1_clk_wiz_0_0
    PLLE2_ADV_X0Y1       PLLE2_ADV (Prop_plle2_adv_CLKIN1_CLKOUT0)
                                                     -8.519    -5.756 r  design_1_i/clk_wiz_0/inst/plle2_adv_inst/CLKOUT0
                         net (fo=1, routed)           1.754    -4.002    design_1_i/clk_wiz_0/inst/clk_out1_design_1_clk_wiz_0_0
    BUFGCTRL_X0Y16       BUFG (Prop_bufg_I_O)         0.101    -3.901 r  design_1_i/clk_wiz_0/inst/clkout1_buf/O
                         net (fo=128, routed)         1.735    -2.166    design_1_i/TGP_1/U0/m00_axis_aclk
    SLICE_X37Y24         FDRE                                         r  design_1_i/TGP_1/U0/h_cntr_reg_reg[1]/C
  -------------------------------------------------------------------    -------------------
    SLICE_X37Y24         FDRE (Prop_fdre_C_Q)         0.456    -1.710 r  design_1_i/TGP_1/U0/h_cntr_reg_reg[1]/Q
                         net (fo=6, routed)           1.181    -0.528    design_1_i/TGP_1/U0/h_cntr_reg_reg_n_0_[1]
    SLICE_X39Y26         LUT4 (Prop_lut4_I3_O)        0.124    -0.404 f  design_1_i/TGP_1/U0/h_cntr_reg[0]_i_3/O
                         net (fo=1, routed)           0.985     0.581    design_1_i/TGP_1/U0/h_cntr_reg[0]_i_3_n_0
    SLICE_X39Y26         LUT6 (Prop_lut6_I4_O)        0.124     0.705 r  design_1_i/TGP_1/U0/h_cntr_reg[0]_i_1/O
                         net (fo=25, routed)          2.049     2.754    design_1_i/TGP_1/U0/eqOp1_in
    SLICE_X33Y21         LUT6 (Prop_lut6_I0_O)        0.124     2.878 r  design_1_i/TGP_1/U0/v_cntr_reg[0]_i_1/O
                         net (fo=12, routed)          0.650     3.528    design_1_i/TGP_1/U0/v_cntr_reg0
    SLICE_X33Y18         FDRE                                         r  design_1_i/TGP_1/U0/v_cntr_reg_reg[0]/R
  -------------------------------------------------------------------    -------------------

                         (clock clk_out1_design_1_clk_wiz_0_0_1 rise edge)
                                                     40.000    40.000 r  
    H16                                               0.000    40.000 r  CLK_I (IN)
                         net (fo=0)                   0.000    40.000    design_1_i/clk_wiz_0/inst/clk_in1
    H16                  IBUF (Prop_ibuf_I_O)         1.387    41.387 r  design_1_i/clk_wiz_0/inst/clkin1_ibufg/O
                         net (fo=1, routed)           1.181    42.568    design_1_i/clk_wiz_0/inst/clk_in1_design_1_clk_wiz_0_0
    PLLE2_ADV_X0Y1       PLLE2_ADV (Prop_plle2_adv_CLKIN1_CLKOUT0)
                                                     -7.637    34.931 r  design_1_i/clk_wiz_0/inst/plle2_adv_inst/CLKOUT0
                         net (fo=1, routed)           1.594    36.525    design_1_i/clk_wiz_0/inst/clk_out1_design_1_clk_wiz_0_0
    BUFGCTRL_X0Y16       BUFG (Prop_bufg_I_O)         0.091    36.616 r  design_1_i/clk_wiz_0/inst/clkout1_buf/O
                         net (fo=128, routed)         1.493    38.109    design_1_i/TGP_1/U0/m00_axis_aclk
    SLICE_X33Y18         FDRE                                         r  design_1_i/TGP_1/U0/v_cntr_reg_reg[0]/C
                         clock pessimism             -0.402    37.707    
                         clock uncertainty           -0.161    37.546    
    SLICE_X33Y18         FDRE (Setup_fdre_C_R)       -0.429    37.117    design_1_i/TGP_1/U0/v_cntr_reg_reg[0]
  -------------------------------------------------------------------
                         required time                         37.117    
                         arrival time                          -3.528    
  -------------------------------------------------------------------
                         slack                                 33.589    

Slack (MET) :             33.589ns  (required time - arrival time)
  Source:                 design_1_i/TGP_1/U0/h_cntr_reg_reg[1]/C
                            (rising edge-triggered cell FDRE clocked by clk_out1_design_1_clk_wiz_0_0_1  {rise@0.000ns fall@20.000ns period=40.000ns})
  Destination:            design_1_i/TGP_1/U0/v_cntr_reg_reg[1]/R
                            (rising edge-triggered cell FDRE clocked by clk_out1_design_1_clk_wiz_0_0_1  {rise@0.000ns fall@20.000ns period=40.000ns})
  Path Group:             clk_out1_design_1_clk_wiz_0_0_1
  Path Type:              Setup (Max at Slow Process Corner)
  Requirement:            40.000ns  (clk_out1_design_1_clk_wiz_0_0_1 rise@40.000ns - clk_out1_design_1_clk_wiz_0_0_1 rise@0.000ns)
  Data Path Delay:        5.694ns  (logic 0.828ns (14.541%)  route 4.866ns (85.459%))
  Logic Levels:           3  (LUT4=1 LUT6=2)
  Clock Path Skew:        -0.127ns (DCD - SCD + CPR)
    Destination Clock Delay (DCD):    -1.891ns = ( 38.109 - 40.000 ) 
    Source Clock Delay      (SCD):    -2.166ns
    Clock Pessimism Removal (CPR):    -0.402ns
  Clock Uncertainty:      0.161ns  ((TSJ^2 + DJ^2)^1/2) / 2 + PE
    Total System Jitter     (TSJ):    0.071ns
    Discrete Jitter          (DJ):    0.314ns
    Phase Error              (PE):    0.000ns

    Location             Delay type                Incr(ns)  Path(ns)    Netlist Resource(s)
  -------------------------------------------------------------------    -------------------
                         (clock clk_out1_design_1_clk_wiz_0_0_1 rise edge)
                                                      0.000     0.000 r  
    H16                                               0.000     0.000 r  CLK_I (IN)
                         net (fo=0)                   0.000     0.000    design_1_i/clk_wiz_0/inst/clk_in1
    H16                  IBUF (Prop_ibuf_I_O)         1.457     1.457 r  design_1_i/clk_wiz_0/inst/clkin1_ibufg/O
                         net (fo=1, routed)           1.306     2.763    design_1_i/clk_wiz_0/inst/clk_in1_design_1_clk_wiz_0_0
    PLLE2_ADV_X0Y1       PLLE2_ADV (Prop_plle2_adv_CLKIN1_CLKOUT0)
                                                     -8.519    -5.756 r  design_1_i/clk_wiz_0/inst/plle2_adv_inst/CLKOUT0
                         net (fo=1, routed)           1.754    -4.002    design_1_i/clk_wiz_0/inst/clk_out1_design_1_clk_wiz_0_0
    BUFGCTRL_X0Y16       BUFG (Prop_bufg_I_O)         0.101    -3.901 r  design_1_i/clk_wiz_0/inst/clkout1_buf/O
                         net (fo=128, routed)         1.735    -2.166    design_1_i/TGP_1/U0/m00_axis_aclk
    SLICE_X37Y24         FDRE                                         r  design_1_i/TGP_1/U0/h_cntr_reg_reg[1]/C
  -------------------------------------------------------------------    -------------------
    SLICE_X37Y24         FDRE (Prop_fdre_C_Q)         0.456    -1.710 r  design_1_i/TGP_1/U0/h_cntr_reg_reg[1]/Q
                         net (fo=6, routed)           1.181    -0.528    design_1_i/TGP_1/U0/h_cntr_reg_reg_n_0_[1]
    SLICE_X39Y26         LUT4 (Prop_lut4_I3_O)        0.124    -0.404 f  design_1_i/TGP_1/U0/h_cntr_reg[0]_i_3/O
                         net (fo=1, routed)           0.985     0.581    design_1_i/TGP_1/U0/h_cntr_reg[0]_i_3_n_0
    SLICE_X39Y26         LUT6 (Prop_lut6_I4_O)        0.124     0.705 r  design_1_i/TGP_1/U0/h_cntr_reg[0]_i_1/O
                         net (fo=25, routed)          2.049     2.754    design_1_i/TGP_1/U0/eqOp1_in
    SLICE_X33Y21         LUT6 (Prop_lut6_I0_O)        0.124     2.878 r  design_1_i/TGP_1/U0/v_cntr_reg[0]_i_1/O
                         net (fo=12, routed)          0.650     3.528    design_1_i/TGP_1/U0/v_cntr_reg0
    SLICE_X33Y18         FDRE                                         r  design_1_i/TGP_1/U0/v_cntr_reg_reg[1]/R
  -------------------------------------------------------------------    -------------------

                         (clock clk_out1_design_1_clk_wiz_0_0_1 rise edge)
                                                     40.000    40.000 r  
    H16                                               0.000    40.000 r  CLK_I (IN)
                         net (fo=0)                   0.000    40.000    design_1_i/clk_wiz_0/inst/clk_in1
    H16                  IBUF (Prop_ibuf_I_O)         1.387    41.387 r  design_1_i/clk_wiz_0/inst/clkin1_ibufg/O
                         net (fo=1, routed)           1.181    42.568    design_1_i/clk_wiz_0/inst/clk_in1_design_1_clk_wiz_0_0
    PLLE2_ADV_X0Y1       PLLE2_ADV (Prop_plle2_adv_CLKIN1_CLKOUT0)
                                                     -7.637    34.931 r  design_1_i/clk_wiz_0/inst/plle2_adv_inst/CLKOUT0
                         net (fo=1, routed)           1.594    36.525    design_1_i/clk_wiz_0/inst/clk_out1_design_1_clk_wiz_0_0
    BUFGCTRL_X0Y16       BUFG (Prop_bufg_I_O)         0.091    36.616 r  design_1_i/clk_wiz_0/inst/clkout1_buf/O
                         net (fo=128, routed)         1.493    38.109    design_1_i/TGP_1/U0/m00_axis_aclk
    SLICE_X33Y18         FDRE                                         r  design_1_i/TGP_1/U0/v_cntr_reg_reg[1]/C
                         clock pessimism             -0.402    37.707    
                         clock uncertainty           -0.161    37.546    
    SLICE_X33Y18         FDRE (Setup_fdre_C_R)       -0.429    37.117    design_1_i/TGP_1/U0/v_cntr_reg_reg[1]
  -------------------------------------------------------------------
                         required time                         37.117    
                         arrival time                          -3.528    
  -------------------------------------------------------------------
                         slack                                 33.589    

Slack (MET) :             33.589ns  (required time - arrival time)
  Source:                 design_1_i/TGP_1/U0/h_cntr_reg_reg[1]/C
                            (rising edge-triggered cell FDRE clocked by clk_out1_design_1_clk_wiz_0_0_1  {rise@0.000ns fall@20.000ns period=40.000ns})
  Destination:            design_1_i/TGP_1/U0/v_cntr_reg_reg[2]/R
                            (rising edge-triggered cell FDRE clocked by clk_out1_design_1_clk_wiz_0_0_1  {rise@0.000ns fall@20.000ns period=40.000ns})
  Path Group:             clk_out1_design_1_clk_wiz_0_0_1
  Path Type:              Setup (Max at Slow Process Corner)
  Requirement:            40.000ns  (clk_out1_design_1_clk_wiz_0_0_1 rise@40.000ns - clk_out1_design_1_clk_wiz_0_0_1 rise@0.000ns)
  Data Path Delay:        5.694ns  (logic 0.828ns (14.541%)  route 4.866ns (85.459%))
  Logic Levels:           3  (LUT4=1 LUT6=2)
  Clock Path Skew:        -0.127ns (DCD - SCD + CPR)
    Destination Clock Delay (DCD):    -1.891ns = ( 38.109 - 40.000 ) 
    Source Clock Delay      (SCD):    -2.166ns
    Clock Pessimism Removal (CPR):    -0.402ns
  Clock Uncertainty:      0.161ns  ((TSJ^2 + DJ^2)^1/2) / 2 + PE
    Total System Jitter     (TSJ):    0.071ns
    Discrete Jitter          (DJ):    0.314ns
    Phase Error              (PE):    0.000ns

    Location             Delay type                Incr(ns)  Path(ns)    Netlist Resource(s)
  -------------------------------------------------------------------    -------------------
                         (clock clk_out1_design_1_clk_wiz_0_0_1 rise edge)
                                                      0.000     0.000 r  
    H16                                               0.000     0.000 r  CLK_I (IN)
                         net (fo=0)                   0.000     0.000    design_1_i/clk_wiz_0/inst/clk_in1
    H16                  IBUF (Prop_ibuf_I_O)         1.457     1.457 r  design_1_i/clk_wiz_0/inst/clkin1_ibufg/O
                         net (fo=1, routed)           1.306     2.763    design_1_i/clk_wiz_0/inst/clk_in1_design_1_clk_wiz_0_0
    PLLE2_ADV_X0Y1       PLLE2_ADV (Prop_plle2_adv_CLKIN1_CLKOUT0)
                                                     -8.519    -5.756 r  design_1_i/clk_wiz_0/inst/plle2_adv_inst/CLKOUT0
                         net (fo=1, routed)           1.754    -4.002    design_1_i/clk_wiz_0/inst/clk_out1_design_1_clk_wiz_0_0
    BUFGCTRL_X0Y16       BUFG (Prop_bufg_I_O)         0.101    -3.901 r  design_1_i/clk_wiz_0/inst/clkout1_buf/O
                         net (fo=128, routed)         1.735    -2.166    design_1_i/TGP_1/U0/m00_axis_aclk
    SLICE_X37Y24         FDRE                                         r  design_1_i/TGP_1/U0/h_cntr_reg_reg[1]/C
  -------------------------------------------------------------------    -------------------
    SLICE_X37Y24         FDRE (Prop_fdre_C_Q)         0.456    -1.710 r  design_1_i/TGP_1/U0/h_cntr_reg_reg[1]/Q
                         net (fo=6, routed)           1.181    -0.528    design_1_i/TGP_1/U0/h_cntr_reg_reg_n_0_[1]
    SLICE_X39Y26         LUT4 (Prop_lut4_I3_O)        0.124    -0.404 f  design_1_i/TGP_1/U0/h_cntr_reg[0]_i_3/O
                         net (fo=1, routed)           0.985     0.581    design_1_i/TGP_1/U0/h_cntr_reg[0]_i_3_n_0
    SLICE_X39Y26         LUT6 (Prop_lut6_I4_O)        0.124     0.705 r  design_1_i/TGP_1/U0/h_cntr_reg[0]_i_1/O
                         net (fo=25, routed)          2.049     2.754    design_1_i/TGP_1/U0/eqOp1_in
    SLICE_X33Y21         LUT6 (Prop_lut6_I0_O)        0.124     2.878 r  design_1_i/TGP_1/U0/v_cntr_reg[0]_i_1/O
                         net (fo=12, routed)          0.650     3.528    design_1_i/TGP_1/U0/v_cntr_reg0
    SLICE_X33Y18         FDRE                                         r  design_1_i/TGP_1/U0/v_cntr_reg_reg[2]/R
  -------------------------------------------------------------------    -------------------

                         (clock clk_out1_design_1_clk_wiz_0_0_1 rise edge)
                                                     40.000    40.000 r  
    H16                                               0.000    40.000 r  CLK_I (IN)
                         net (fo=0)                   0.000    40.000    design_1_i/clk_wiz_0/inst/clk_in1
    H16                  IBUF (Prop_ibuf_I_O)         1.387    41.387 r  design_1_i/clk_wiz_0/inst/clkin1_ibufg/O
                         net (fo=1, routed)           1.181    42.568    design_1_i/clk_wiz_0/inst/clk_in1_design_1_clk_wiz_0_0
    PLLE2_ADV_X0Y1       PLLE2_ADV (Prop_plle2_adv_CLKIN1_CLKOUT0)
                                                     -7.637    34.931 r  design_1_i/clk_wiz_0/inst/plle2_adv_inst/CLKOUT0
                         net (fo=1, routed)           1.594    36.525    design_1_i/clk_wiz_0/inst/clk_out1_design_1_clk_wiz_0_0
    BUFGCTRL_X0Y16       BUFG (Prop_bufg_I_O)         0.091    36.616 r  design_1_i/clk_wiz_0/inst/clkout1_buf/O
                         net (fo=128, routed)         1.493    38.109    design_1_i/TGP_1/U0/m00_axis_aclk
    SLICE_X33Y18         FDRE                                         r  design_1_i/TGP_1/U0/v_cntr_reg_reg[2]/C
                         clock pessimism             -0.402    37.707    
                         clock uncertainty           -0.161    37.546    
    SLICE_X33Y18         FDRE (Setup_fdre_C_R)       -0.429    37.117    design_1_i/TGP_1/U0/v_cntr_reg_reg[2]
  -------------------------------------------------------------------
                         required time                         37.117    
                         arrival time                          -3.528    
  -------------------------------------------------------------------
                         slack                                 33.589    

Slack (MET) :             33.589ns  (required time - arrival time)
  Source:                 design_1_i/TGP_1/U0/h_cntr_reg_reg[1]/C
                            (rising edge-triggered cell FDRE clocked by clk_out1_design_1_clk_wiz_0_0_1  {rise@0.000ns fall@20.000ns period=40.000ns})
  Destination:            design_1_i/TGP_1/U0/v_cntr_reg_reg[3]/R
                            (rising edge-triggered cell FDRE clocked by clk_out1_design_1_clk_wiz_0_0_1  {rise@0.000ns fall@20.000ns period=40.000ns})
  Path Group:             clk_out1_design_1_clk_wiz_0_0_1
  Path Type:              Setup (Max at Slow Process Corner)
  Requirement:            40.000ns  (clk_out1_design_1_clk_wiz_0_0_1 rise@40.000ns - clk_out1_design_1_clk_wiz_0_0_1 rise@0.000ns)
  Data Path Delay:        5.694ns  (logic 0.828ns (14.541%)  route 4.866ns (85.459%))
  Logic Levels:           3  (LUT4=1 LUT6=2)
  Clock Path Skew:        -0.127ns (DCD - SCD + CPR)
    Destination Clock Delay (DCD):    -1.891ns = ( 38.109 - 40.000 ) 
    Source Clock Delay      (SCD):    -2.166ns
    Clock Pessimism Removal (CPR):    -0.402ns
  Clock Uncertainty:      0.161ns  ((TSJ^2 + DJ^2)^1/2) / 2 + PE
    Total System Jitter     (TSJ):    0.071ns
    Discrete Jitter          (DJ):    0.314ns
    Phase Error              (PE):    0.000ns

    Location             Delay type                Incr(ns)  Path(ns)    Netlist Resource(s)
  -------------------------------------------------------------------    -------------------
                         (clock clk_out1_design_1_clk_wiz_0_0_1 rise edge)
                                                      0.000     0.000 r  
    H16                                               0.000     0.000 r  CLK_I (IN)
                         net (fo=0)                   0.000     0.000    design_1_i/clk_wiz_0/inst/clk_in1
    H16                  IBUF (Prop_ibuf_I_O)         1.457     1.457 r  design_1_i/clk_wiz_0/inst/clkin1_ibufg/O
                         net (fo=1, routed)           1.306     2.763    design_1_i/clk_wiz_0/inst/clk_in1_design_1_clk_wiz_0_0
    PLLE2_ADV_X0Y1       PLLE2_ADV (Prop_plle2_adv_CLKIN1_CLKOUT0)
                                                     -8.519    -5.756 r  design_1_i/clk_wiz_0/inst/plle2_adv_inst/CLKOUT0
                         net (fo=1, routed)           1.754    -4.002    design_1_i/clk_wiz_0/inst/clk_out1_design_1_clk_wiz_0_0
    BUFGCTRL_X0Y16       BUFG (Prop_bufg_I_O)         0.101    -3.901 r  design_1_i/clk_wiz_0/inst/clkout1_buf/O
                         net (fo=128, routed)         1.735    -2.166    design_1_i/TGP_1/U0/m00_axis_aclk
    SLICE_X37Y24         FDRE                                         r  design_1_i/TGP_1/U0/h_cntr_reg_reg[1]/C
  -------------------------------------------------------------------    -------------------
    SLICE_X37Y24         FDRE (Prop_fdre_C_Q)         0.456    -1.710 r  design_1_i/TGP_1/U0/h_cntr_reg_reg[1]/Q
                         net (fo=6, routed)           1.181    -0.528    design_1_i/TGP_1/U0/h_cntr_reg_reg_n_0_[1]
    SLICE_X39Y26         LUT4 (Prop_lut4_I3_O)        0.124    -0.404 f  design_1_i/TGP_1/U0/h_cntr_reg[0]_i_3/O
                         net (fo=1, routed)           0.985     0.581    design_1_i/TGP_1/U0/h_cntr_reg[0]_i_3_n_0
    SLICE_X39Y26         LUT6 (Prop_lut6_I4_O)        0.124     0.705 r  design_1_i/TGP_1/U0/h_cntr_reg[0]_i_1/O
                         net (fo=25, routed)          2.049     2.754    design_1_i/TGP_1/U0/eqOp1_in
    SLICE_X33Y21         LUT6 (Prop_lut6_I0_O)        0.124     2.878 r  design_1_i/TGP_1/U0/v_cntr_reg[0]_i_1/O
                         net (fo=12, routed)          0.650     3.528    design_1_i/TGP_1/U0/v_cntr_reg0
    SLICE_X33Y18         FDRE                                         r  design_1_i/TGP_1/U0/v_cntr_reg_reg[3]/R
  -------------------------------------------------------------------    -------------------

                         (clock clk_out1_design_1_clk_wiz_0_0_1 rise edge)
                                                     40.000    40.000 r  
    H16                                               0.000    40.000 r  CLK_I (IN)
                         net (fo=0)                   0.000    40.000    design_1_i/clk_wiz_0/inst/clk_in1
    H16                  IBUF (Prop_ibuf_I_O)         1.387    41.387 r  design_1_i/clk_wiz_0/inst/clkin1_ibufg/O
                         net (fo=1, routed)           1.181    42.568    design_1_i/clk_wiz_0/inst/clk_in1_design_1_clk_wiz_0_0
    PLLE2_ADV_X0Y1       PLLE2_ADV (Prop_plle2_adv_CLKIN1_CLKOUT0)
                                                     -7.637    34.931 r  design_1_i/clk_wiz_0/inst/plle2_adv_inst/CLKOUT0
                         net (fo=1, routed)           1.594    36.525    design_1_i/clk_wiz_0/inst/clk_out1_design_1_clk_wiz_0_0
    BUFGCTRL_X0Y16       BUFG (Prop_bufg_I_O)         0.091    36.616 r  design_1_i/clk_wiz_0/inst/clkout1_buf/O
                         net (fo=128, routed)         1.493    38.109    design_1_i/TGP_1/U0/m00_axis_aclk
    SLICE_X33Y18         FDRE                                         r  design_1_i/TGP_1/U0/v_cntr_reg_reg[3]/C
                         clock pessimism             -0.402    37.707    
                         clock uncertainty           -0.161    37.546    
    SLICE_X33Y18         FDRE (Setup_fdre_C_R)       -0.429    37.117    design_1_i/TGP_1/U0/v_cntr_reg_reg[3]
  -------------------------------------------------------------------
                         required time                         37.117    
                         arrival time                          -3.528    
  -------------------------------------------------------------------
                         slack                                 33.589    

Slack (MET) :             33.651ns  (required time - arrival time)
  Source:                 design_1_i/TGP_1/U0/h_cntr_reg_reg[1]/C
                            (rising edge-triggered cell FDRE clocked by clk_out1_design_1_clk_wiz_0_0_1  {rise@0.000ns fall@20.000ns period=40.000ns})
  Destination:            design_1_i/TGP_1/U0/v_cntr_reg_reg[10]/R
                            (rising edge-triggered cell FDRE clocked by clk_out1_design_1_clk_wiz_0_0_1  {rise@0.000ns fall@20.000ns period=40.000ns})
  Path Group:             clk_out1_design_1_clk_wiz_0_0_1
  Path Type:              Setup (Max at Slow Process Corner)
  Requirement:            40.000ns  (clk_out1_design_1_clk_wiz_0_0_1 rise@40.000ns - clk_out1_design_1_clk_wiz_0_0_1 rise@0.000ns)
  Data Path Delay:        5.631ns  (logic 0.828ns (14.705%)  route 4.803ns (85.295%))
  Logic Levels:           3  (LUT4=1 LUT6=2)
  Clock Path Skew:        -0.128ns (DCD - SCD + CPR)
    Destination Clock Delay (DCD):    -1.892ns = ( 38.108 - 40.000 ) 
    Source Clock Delay      (SCD):    -2.166ns
    Clock Pessimism Removal (CPR):    -0.402ns
  Clock Uncertainty:      0.161ns  ((TSJ^2 + DJ^2)^1/2) / 2 + PE
    Total System Jitter     (TSJ):    0.071ns
    Discrete Jitter          (DJ):    0.314ns
    Phase Error              (PE):    0.000ns

    Location             Delay type                Incr(ns)  Path(ns)    Netlist Resource(s)
  -------------------------------------------------------------------    -------------------
                         (clock clk_out1_design_1_clk_wiz_0_0_1 rise edge)
                                                      0.000     0.000 r  
    H16                                               0.000     0.000 r  CLK_I (IN)
                         net (fo=0)                   0.000     0.000    design_1_i/clk_wiz_0/inst/clk_in1
    H16                  IBUF (Prop_ibuf_I_O)         1.457     1.457 r  design_1_i/clk_wiz_0/inst/clkin1_ibufg/O
                         net (fo=1, routed)           1.306     2.763    design_1_i/clk_wiz_0/inst/clk_in1_design_1_clk_wiz_0_0
    PLLE2_ADV_X0Y1       PLLE2_ADV (Prop_plle2_adv_CLKIN1_CLKOUT0)
                                                     -8.519    -5.756 r  design_1_i/clk_wiz_0/inst/plle2_adv_inst/CLKOUT0
                         net (fo=1, routed)           1.754    -4.002    design_1_i/clk_wiz_0/inst/clk_out1_design_1_clk_wiz_0_0
    BUFGCTRL_X0Y16       BUFG (Prop_bufg_I_O)         0.101    -3.901 r  design_1_i/clk_wiz_0/inst/clkout1_buf/O
                         net (fo=128, routed)         1.735    -2.166    design_1_i/TGP_1/U0/m00_axis_aclk
    SLICE_X37Y24         FDRE                                         r  design_1_i/TGP_1/U0/h_cntr_reg_reg[1]/C
  -------------------------------------------------------------------    -------------------
    SLICE_X37Y24         FDRE (Prop_fdre_C_Q)         0.456    -1.710 r  design_1_i/TGP_1/U0/h_cntr_reg_reg[1]/Q
                         net (fo=6, routed)           1.181    -0.528    design_1_i/TGP_1/U0/h_cntr_reg_reg_n_0_[1]
    SLICE_X39Y26         LUT4 (Prop_lut4_I3_O)        0.124    -0.404 f  design_1_i/TGP_1/U0/h_cntr_reg[0]_i_3/O
                         net (fo=1, routed)           0.985     0.581    design_1_i/TGP_1/U0/h_cntr_reg[0]_i_3_n_0
    SLICE_X39Y26         LUT6 (Prop_lut6_I4_O)        0.124     0.705 r  design_1_i/TGP_1/U0/h_cntr_reg[0]_i_1/O
                         net (fo=25, routed)          2.049     2.754    design_1_i/TGP_1/U0/eqOp1_in
    SLICE_X33Y21         LUT6 (Prop_lut6_I0_O)        0.124     2.878 r  design_1_i/TGP_1/U0/v_cntr_reg[0]_i_1/O
                         net (fo=12, routed)          0.587     3.465    design_1_i/TGP_1/U0/v_cntr_reg0
    SLICE_X33Y20         FDRE                                         r  design_1_i/TGP_1/U0/v_cntr_reg_reg[10]/R
  -------------------------------------------------------------------    -------------------

                         (clock clk_out1_design_1_clk_wiz_0_0_1 rise edge)
                                                     40.000    40.000 r  
    H16                                               0.000    40.000 r  CLK_I (IN)
                         net (fo=0)                   0.000    40.000    design_1_i/clk_wiz_0/inst/clk_in1
    H16                  IBUF (Prop_ibuf_I_O)         1.387    41.387 r  design_1_i/clk_wiz_0/inst/clkin1_ibufg/O
                         net (fo=1, routed)           1.181    42.568    design_1_i/clk_wiz_0/inst/clk_in1_design_1_clk_wiz_0_0
    PLLE2_ADV_X0Y1       PLLE2_ADV (Prop_plle2_adv_CLKIN1_CLKOUT0)
                                                     -7.637    34.931 r  design_1_i/clk_wiz_0/inst/plle2_adv_inst/CLKOUT0
                         net (fo=1, routed)           1.594    36.525    design_1_i/clk_wiz_0/inst/clk_out1_design_1_clk_wiz_0_0
    BUFGCTRL_X0Y16       BUFG (Prop_bufg_I_O)         0.091    36.616 r  design_1_i/clk_wiz_0/inst/clkout1_buf/O
                         net (fo=128, routed)         1.492    38.108    design_1_i/TGP_1/U0/m00_axis_aclk
    SLICE_X33Y20         FDRE                                         r  design_1_i/TGP_1/U0/v_cntr_reg_reg[10]/C
                         clock pessimism             -0.402    37.706    
                         clock uncertainty           -0.161    37.545    
    SLICE_X33Y20         FDRE (Setup_fdre_C_R)       -0.429    37.116    design_1_i/TGP_1/U0/v_cntr_reg_reg[10]
  -------------------------------------------------------------------
                         required time                         37.116    
                         arrival time                          -3.465    
  -------------------------------------------------------------------
                         slack                                 33.651    

Slack (MET) :             33.651ns  (required time - arrival time)
  Source:                 design_1_i/TGP_1/U0/h_cntr_reg_reg[1]/C
                            (rising edge-triggered cell FDRE clocked by clk_out1_design_1_clk_wiz_0_0_1  {rise@0.000ns fall@20.000ns period=40.000ns})
  Destination:            design_1_i/TGP_1/U0/v_cntr_reg_reg[11]/R
                            (rising edge-triggered cell FDRE clocked by clk_out1_design_1_clk_wiz_0_0_1  {rise@0.000ns fall@20.000ns period=40.000ns})
  Path Group:             clk_out1_design_1_clk_wiz_0_0_1
  Path Type:              Setup (Max at Slow Process Corner)
  Requirement:            40.000ns  (clk_out1_design_1_clk_wiz_0_0_1 rise@40.000ns - clk_out1_design_1_clk_wiz_0_0_1 rise@0.000ns)
  Data Path Delay:        5.631ns  (logic 0.828ns (14.705%)  route 4.803ns (85.295%))
  Logic Levels:           3  (LUT4=1 LUT6=2)
  Clock Path Skew:        -0.128ns (DCD - SCD + CPR)
    Destination Clock Delay (DCD):    -1.892ns = ( 38.108 - 40.000 ) 
    Source Clock Delay      (SCD):    -2.166ns
    Clock Pessimism Removal (CPR):    -0.402ns
  Clock Uncertainty:      0.161ns  ((TSJ^2 + DJ^2)^1/2) / 2 + PE
    Total System Jitter     (TSJ):    0.071ns
    Discrete Jitter          (DJ):    0.314ns
    Phase Error              (PE):    0.000ns

    Location             Delay type                Incr(ns)  Path(ns)    Netlist Resource(s)
  -------------------------------------------------------------------    -------------------
                         (clock clk_out1_design_1_clk_wiz_0_0_1 rise edge)
                                                      0.000     0.000 r  
    H16                                               0.000     0.000 r  CLK_I (IN)
                         net (fo=0)                   0.000     0.000    design_1_i/clk_wiz_0/inst/clk_in1
    H16                  IBUF (Prop_ibuf_I_O)         1.457     1.457 r  design_1_i/clk_wiz_0/inst/clkin1_ibufg/O
                         net (fo=1, routed)           1.306     2.763    design_1_i/clk_wiz_0/inst/clk_in1_design_1_clk_wiz_0_0
    PLLE2_ADV_X0Y1       PLLE2_ADV (Prop_plle2_adv_CLKIN1_CLKOUT0)
                                                     -8.519    -5.756 r  design_1_i/clk_wiz_0/inst/plle2_adv_inst/CLKOUT0
                         net (fo=1, routed)           1.754    -4.002    design_1_i/clk_wiz_0/inst/clk_out1_design_1_clk_wiz_0_0
    BUFGCTRL_X0Y16       BUFG (Prop_bufg_I_O)         0.101    -3.901 r  design_1_i/clk_wiz_0/inst/clkout1_buf/O
                         net (fo=128, routed)         1.735    -2.166    design_1_i/TGP_1/U0/m00_axis_aclk
    SLICE_X37Y24         FDRE                                         r  design_1_i/TGP_1/U0/h_cntr_reg_reg[1]/C
  -------------------------------------------------------------------    -------------------
    SLICE_X37Y24         FDRE (Prop_fdre_C_Q)         0.456    -1.710 r  design_1_i/TGP_1/U0/h_cntr_reg_reg[1]/Q
                         net (fo=6, routed)           1.181    -0.528    design_1_i/TGP_1/U0/h_cntr_reg_reg_n_0_[1]
    SLICE_X39Y26         LUT4 (Prop_lut4_I3_O)        0.124    -0.404 f  design_1_i/TGP_1/U0/h_cntr_reg[0]_i_3/O
                         net (fo=1, routed)           0.985     0.581    design_1_i/TGP_1/U0/h_cntr_reg[0]_i_3_n_0
    SLICE_X39Y26         LUT6 (Prop_lut6_I4_O)        0.124     0.705 r  design_1_i/TGP_1/U0/h_cntr_reg[0]_i_1/O
                         net (fo=25, routed)          2.049     2.754    design_1_i/TGP_1/U0/eqOp1_in
    SLICE_X33Y21         LUT6 (Prop_lut6_I0_O)        0.124     2.878 r  design_1_i/TGP_1/U0/v_cntr_reg[0]_i_1/O
                         net (fo=12, routed)          0.587     3.465    design_1_i/TGP_1/U0/v_cntr_reg0
    SLICE_X33Y20         FDRE                                         r  design_1_i/TGP_1/U0/v_cntr_reg_reg[11]/R
  -------------------------------------------------------------------    -------------------

                         (clock clk_out1_design_1_clk_wiz_0_0_1 rise edge)
                                                     40.000    40.000 r  
    H16                                               0.000    40.000 r  CLK_I (IN)
                         net (fo=0)                   0.000    40.000    design_1_i/clk_wiz_0/inst/clk_in1
    H16                  IBUF (Prop_ibuf_I_O)         1.387    41.387 r  design_1_i/clk_wiz_0/inst/clkin1_ibufg/O
                         net (fo=1, routed)           1.181    42.568    design_1_i/clk_wiz_0/inst/clk_in1_design_1_clk_wiz_0_0
    PLLE2_ADV_X0Y1       PLLE2_ADV (Prop_plle2_adv_CLKIN1_CLKOUT0)
                                                     -7.637    34.931 r  design_1_i/clk_wiz_0/inst/plle2_adv_inst/CLKOUT0
                         net (fo=1, routed)           1.594    36.525    design_1_i/clk_wiz_0/inst/clk_out1_design_1_clk_wiz_0_0
    BUFGCTRL_X0Y16       BUFG (Prop_bufg_I_O)         0.091    36.616 r  design_1_i/clk_wiz_0/inst/clkout1_buf/O
                         net (fo=128, routed)         1.492    38.108    design_1_i/TGP_1/U0/m00_axis_aclk
    SLICE_X33Y20         FDRE                                         r  design_1_i/TGP_1/U0/v_cntr_reg_reg[11]/C
                         clock pessimism             -0.402    37.706    
                         clock uncertainty           -0.161    37.545    
    SLICE_X33Y20         FDRE (Setup_fdre_C_R)       -0.429    37.116    design_1_i/TGP_1/U0/v_cntr_reg_reg[11]
  -------------------------------------------------------------------
                         required time                         37.116    
                         arrival time                          -3.465    
  -------------------------------------------------------------------
                         slack                                 33.651    

Slack (MET) :             33.651ns  (required time - arrival time)
  Source:                 design_1_i/TGP_1/U0/h_cntr_reg_reg[1]/C
                            (rising edge-triggered cell FDRE clocked by clk_out1_design_1_clk_wiz_0_0_1  {rise@0.000ns fall@20.000ns period=40.000ns})
  Destination:            design_1_i/TGP_1/U0/v_cntr_reg_reg[8]/R
                            (rising edge-triggered cell FDRE clocked by clk_out1_design_1_clk_wiz_0_0_1  {rise@0.000ns fall@20.000ns period=40.000ns})
  Path Group:             clk_out1_design_1_clk_wiz_0_0_1
  Path Type:              Setup (Max at Slow Process Corner)
  Requirement:            40.000ns  (clk_out1_design_1_clk_wiz_0_0_1 rise@40.000ns - clk_out1_design_1_clk_wiz_0_0_1 rise@0.000ns)
  Data Path Delay:        5.631ns  (logic 0.828ns (14.705%)  route 4.803ns (85.295%))
  Logic Levels:           3  (LUT4=1 LUT6=2)
  Clock Path Skew:        -0.128ns (DCD - SCD + CPR)
    Destination Clock Delay (DCD):    -1.892ns = ( 38.108 - 40.000 ) 
    Source Clock Delay      (SCD):    -2.166ns
    Clock Pessimism Removal (CPR):    -0.402ns
  Clock Uncertainty:      0.161ns  ((TSJ^2 + DJ^2)^1/2) / 2 + PE
    Total System Jitter     (TSJ):    0.071ns
    Discrete Jitter          (DJ):    0.314ns
    Phase Error              (PE):    0.000ns

    Location             Delay type                Incr(ns)  Path(ns)    Netlist Resource(s)
  -------------------------------------------------------------------    -------------------
                         (clock clk_out1_design_1_clk_wiz_0_0_1 rise edge)
                                                      0.000     0.000 r  
    H16                                               0.000     0.000 r  CLK_I (IN)
                         net (fo=0)                   0.000     0.000    design_1_i/clk_wiz_0/inst/clk_in1
    H16                  IBUF (Prop_ibuf_I_O)         1.457     1.457 r  design_1_i/clk_wiz_0/inst/clkin1_ibufg/O
                         net (fo=1, routed)           1.306     2.763    design_1_i/clk_wiz_0/inst/clk_in1_design_1_clk_wiz_0_0
    PLLE2_ADV_X0Y1       PLLE2_ADV (Prop_plle2_adv_CLKIN1_CLKOUT0)
                                                     -8.519    -5.756 r  design_1_i/clk_wiz_0/inst/plle2_adv_inst/CLKOUT0
                         net (fo=1, routed)           1.754    -4.002    design_1_i/clk_wiz_0/inst/clk_out1_design_1_clk_wiz_0_0
    BUFGCTRL_X0Y16       BUFG (Prop_bufg_I_O)         0.101    -3.901 r  design_1_i/clk_wiz_0/inst/clkout1_buf/O
                         net (fo=128, routed)         1.735    -2.166    design_1_i/TGP_1/U0/m00_axis_aclk
    SLICE_X37Y24         FDRE                                         r  design_1_i/TGP_1/U0/h_cntr_reg_reg[1]/C
  -------------------------------------------------------------------    -------------------
    SLICE_X37Y24         FDRE (Prop_fdre_C_Q)         0.456    -1.710 r  design_1_i/TGP_1/U0/h_cntr_reg_reg[1]/Q
                         net (fo=6, routed)           1.181    -0.528    design_1_i/TGP_1/U0/h_cntr_reg_reg_n_0_[1]
    SLICE_X39Y26         LUT4 (Prop_lut4_I3_O)        0.124    -0.404 f  design_1_i/TGP_1/U0/h_cntr_reg[0]_i_3/O
                         net (fo=1, routed)           0.985     0.581    design_1_i/TGP_1/U0/h_cntr_reg[0]_i_3_n_0
    SLICE_X39Y26         LUT6 (Prop_lut6_I4_O)        0.124     0.705 r  design_1_i/TGP_1/U0/h_cntr_reg[0]_i_1/O
                         net (fo=25, routed)          2.049     2.754    design_1_i/TGP_1/U0/eqOp1_in
    SLICE_X33Y21         LUT6 (Prop_lut6_I0_O)        0.124     2.878 r  design_1_i/TGP_1/U0/v_cntr_reg[0]_i_1/O
                         net (fo=12, routed)          0.587     3.465    design_1_i/TGP_1/U0/v_cntr_reg0
    SLICE_X33Y20         FDRE                                         r  design_1_i/TGP_1/U0/v_cntr_reg_reg[8]/R
  -------------------------------------------------------------------    -------------------

                         (clock clk_out1_design_1_clk_wiz_0_0_1 rise edge)
                                                     40.000    40.000 r  
    H16                                               0.000    40.000 r  CLK_I (IN)
                         net (fo=0)                   0.000    40.000    design_1_i/clk_wiz_0/inst/clk_in1
    H16                  IBUF (Prop_ibuf_I_O)         1.387    41.387 r  design_1_i/clk_wiz_0/inst/clkin1_ibufg/O
                         net (fo=1, routed)           1.181    42.568    design_1_i/clk_wiz_0/inst/clk_in1_design_1_clk_wiz_0_0
    PLLE2_ADV_X0Y1       PLLE2_ADV (Prop_plle2_adv_CLKIN1_CLKOUT0)
                                                     -7.637    34.931 r  design_1_i/clk_wiz_0/inst/plle2_adv_inst/CLKOUT0
                         net (fo=1, routed)           1.594    36.525    design_1_i/clk_wiz_0/inst/clk_out1_design_1_clk_wiz_0_0
    BUFGCTRL_X0Y16       BUFG (Prop_bufg_I_O)         0.091    36.616 r  design_1_i/clk_wiz_0/inst/clkout1_buf/O
                         net (fo=128, routed)         1.492    38.108    design_1_i/TGP_1/U0/m00_axis_aclk
    SLICE_X33Y20         FDRE                                         r  design_1_i/TGP_1/U0/v_cntr_reg_reg[8]/C
                         clock pessimism             -0.402    37.706    
                         clock uncertainty           -0.161    37.545    
    SLICE_X33Y20         FDRE (Setup_fdre_C_R)       -0.429    37.116    design_1_i/TGP_1/U0/v_cntr_reg_reg[8]
  -------------------------------------------------------------------
                         required time                         37.116    
                         arrival time                          -3.465    
  -------------------------------------------------------------------
                         slack                                 33.651    

Slack (MET) :             33.651ns  (required time - arrival time)
  Source:                 design_1_i/TGP_1/U0/h_cntr_reg_reg[1]/C
                            (rising edge-triggered cell FDRE clocked by clk_out1_design_1_clk_wiz_0_0_1  {rise@0.000ns fall@20.000ns period=40.000ns})
  Destination:            design_1_i/TGP_1/U0/v_cntr_reg_reg[9]/R
                            (rising edge-triggered cell FDRE clocked by clk_out1_design_1_clk_wiz_0_0_1  {rise@0.000ns fall@20.000ns period=40.000ns})
  Path Group:             clk_out1_design_1_clk_wiz_0_0_1
  Path Type:              Setup (Max at Slow Process Corner)
  Requirement:            40.000ns  (clk_out1_design_1_clk_wiz_0_0_1 rise@40.000ns - clk_out1_design_1_clk_wiz_0_0_1 rise@0.000ns)
  Data Path Delay:        5.631ns  (logic 0.828ns (14.705%)  route 4.803ns (85.295%))
  Logic Levels:           3  (LUT4=1 LUT6=2)
  Clock Path Skew:        -0.128ns (DCD - SCD + CPR)
    Destination Clock Delay (DCD):    -1.892ns = ( 38.108 - 40.000 ) 
    Source Clock Delay      (SCD):    -2.166ns
    Clock Pessimism Removal (CPR):    -0.402ns
  Clock Uncertainty:      0.161ns  ((TSJ^2 + DJ^2)^1/2) / 2 + PE
    Total System Jitter     (TSJ):    0.071ns
    Discrete Jitter          (DJ):    0.314ns
    Phase Error              (PE):    0.000ns

    Location             Delay type                Incr(ns)  Path(ns)    Netlist Resource(s)
  -------------------------------------------------------------------    -------------------
                         (clock clk_out1_design_1_clk_wiz_0_0_1 rise edge)
                                                      0.000     0.000 r  
    H16                                               0.000     0.000 r  CLK_I (IN)
                         net (fo=0)                   0.000     0.000    design_1_i/clk_wiz_0/inst/clk_in1
    H16                  IBUF (Prop_ibuf_I_O)         1.457     1.457 r  design_1_i/clk_wiz_0/inst/clkin1_ibufg/O
                         net (fo=1, routed)           1.306     2.763    design_1_i/clk_wiz_0/inst/clk_in1_design_1_clk_wiz_0_0
    PLLE2_ADV_X0Y1       PLLE2_ADV (Prop_plle2_adv_CLKIN1_CLKOUT0)
                                                     -8.519    -5.756 r  design_1_i/clk_wiz_0/inst/plle2_adv_inst/CLKOUT0
                         net (fo=1, routed)           1.754    -4.002    design_1_i/clk_wiz_0/inst/clk_out1_design_1_clk_wiz_0_0
    BUFGCTRL_X0Y16       BUFG (Prop_bufg_I_O)         0.101    -3.901 r  design_1_i/clk_wiz_0/inst/clkout1_buf/O
                         net (fo=128, routed)         1.735    -2.166    design_1_i/TGP_1/U0/m00_axis_aclk
    SLICE_X37Y24         FDRE                                         r  design_1_i/TGP_1/U0/h_cntr_reg_reg[1]/C
  -------------------------------------------------------------------    -------------------
    SLICE_X37Y24         FDRE (Prop_fdre_C_Q)         0.456    -1.710 r  design_1_i/TGP_1/U0/h_cntr_reg_reg[1]/Q
                         net (fo=6, routed)           1.181    -0.528    design_1_i/TGP_1/U0/h_cntr_reg_reg_n_0_[1]
    SLICE_X39Y26         LUT4 (Prop_lut4_I3_O)        0.124    -0.404 f  design_1_i/TGP_1/U0/h_cntr_reg[0]_i_3/O
                         net (fo=1, routed)           0.985     0.581    design_1_i/TGP_1/U0/h_cntr_reg[0]_i_3_n_0
    SLICE_X39Y26         LUT6 (Prop_lut6_I4_O)        0.124     0.705 r  design_1_i/TGP_1/U0/h_cntr_reg[0]_i_1/O
                         net (fo=25, routed)          2.049     2.754    design_1_i/TGP_1/U0/eqOp1_in
    SLICE_X33Y21         LUT6 (Prop_lut6_I0_O)        0.124     2.878 r  design_1_i/TGP_1/U0/v_cntr_reg[0]_i_1/O
                         net (fo=12, routed)          0.587     3.465    design_1_i/TGP_1/U0/v_cntr_reg0
    SLICE_X33Y20         FDRE                                         r  design_1_i/TGP_1/U0/v_cntr_reg_reg[9]/R
  -------------------------------------------------------------------    -------------------

                         (clock clk_out1_design_1_clk_wiz_0_0_1 rise edge)
                                                     40.000    40.000 r  
    H16                                               0.000    40.000 r  CLK_I (IN)
                         net (fo=0)                   0.000    40.000    design_1_i/clk_wiz_0/inst/clk_in1
    H16                  IBUF (Prop_ibuf_I_O)         1.387    41.387 r  design_1_i/clk_wiz_0/inst/clkin1_ibufg/O
                         net (fo=1, routed)           1.181    42.568    design_1_i/clk_wiz_0/inst/clk_in1_design_1_clk_wiz_0_0
    PLLE2_ADV_X0Y1       PLLE2_ADV (Prop_plle2_adv_CLKIN1_CLKOUT0)
                                                     -7.637    34.931 r  design_1_i/clk_wiz_0/inst/plle2_adv_inst/CLKOUT0
                         net (fo=1, routed)           1.594    36.525    design_1_i/clk_wiz_0/inst/clk_out1_design_1_clk_wiz_0_0
    BUFGCTRL_X0Y16       BUFG (Prop_bufg_I_O)         0.091    36.616 r  design_1_i/clk_wiz_0/inst/clkout1_buf/O
                         net (fo=128, routed)         1.492    38.108    design_1_i/TGP_1/U0/m00_axis_aclk
    SLICE_X33Y20         FDRE                                         r  design_1_i/TGP_1/U0/v_cntr_reg_reg[9]/C
                         clock pessimism             -0.402    37.706    
                         clock uncertainty           -0.161    37.545    
    SLICE_X33Y20         FDRE (Setup_fdre_C_R)       -0.429    37.116    design_1_i/TGP_1/U0/v_cntr_reg_reg[9]
  -------------------------------------------------------------------
                         required time                         37.116    
                         arrival time                          -3.465    
  -------------------------------------------------------------------
                         slack                                 33.651    

Slack (MET) :             33.702ns  (required time - arrival time)
  Source:                 design_1_i/TGP_1/U0/box_y_reg_reg[3]/C
                            (rising edge-triggered cell FDRE clocked by clk_out1_design_1_clk_wiz_0_0_1  {rise@0.000ns fall@20.000ns period=40.000ns})
  Destination:            design_1_i/TGP_1/U0/TGP_v1_0_M00_AXIS_inst/data_reg_reg[22]/D
                            (rising edge-triggered cell FDRE clocked by clk_out1_design_1_clk_wiz_0_0_1  {rise@0.000ns fall@20.000ns period=40.000ns})
  Path Group:             clk_out1_design_1_clk_wiz_0_0_1
  Path Type:              Setup (Max at Slow Process Corner)
  Requirement:            40.000ns  (clk_out1_design_1_clk_wiz_0_0_1 rise@40.000ns - clk_out1_design_1_clk_wiz_0_0_1 rise@0.000ns)
  Data Path Delay:        6.102ns  (logic 2.483ns (40.691%)  route 3.619ns (59.309%))
  Logic Levels:           8  (CARRY4=4 LUT1=1 LUT2=1 LUT4=1 LUT6=1)
  Clock Path Skew:        -0.066ns (DCD - SCD + CPR)
    Destination Clock Delay (DCD):    -1.822ns = ( 38.178 - 40.000 ) 
    Source Clock Delay      (SCD):    -2.158ns
    Clock Pessimism Removal (CPR):    -0.402ns
  Clock Uncertainty:      0.161ns  ((TSJ^2 + DJ^2)^1/2) / 2 + PE
    Total System Jitter     (TSJ):    0.071ns
    Discrete Jitter          (DJ):    0.314ns
    Phase Error              (PE):    0.000ns

    Location             Delay type                Incr(ns)  Path(ns)    Netlist Resource(s)
  -------------------------------------------------------------------    -------------------
                         (clock clk_out1_design_1_clk_wiz_0_0_1 rise edge)
                                                      0.000     0.000 r  
    H16                                               0.000     0.000 r  CLK_I (IN)
                         net (fo=0)                   0.000     0.000    design_1_i/clk_wiz_0/inst/clk_in1
    H16                  IBUF (Prop_ibuf_I_O)         1.457     1.457 r  design_1_i/clk_wiz_0/inst/clkin1_ibufg/O
                         net (fo=1, routed)           1.306     2.763    design_1_i/clk_wiz_0/inst/clk_in1_design_1_clk_wiz_0_0
    PLLE2_ADV_X0Y1       PLLE2_ADV (Prop_plle2_adv_CLKIN1_CLKOUT0)
                                                     -8.519    -5.756 r  design_1_i/clk_wiz_0/inst/plle2_adv_inst/CLKOUT0
                         net (fo=1, routed)           1.754    -4.002    design_1_i/clk_wiz_0/inst/clk_out1_design_1_clk_wiz_0_0
    BUFGCTRL_X0Y16       BUFG (Prop_bufg_I_O)         0.101    -3.901 r  design_1_i/clk_wiz_0/inst/clkout1_buf/O
                         net (fo=128, routed)         1.743    -2.158    design_1_i/TGP_1/U0/m00_axis_aclk
    SLICE_X37Y19         FDRE                                         r  design_1_i/TGP_1/U0/box_y_reg_reg[3]/C
  -------------------------------------------------------------------    -------------------
    SLICE_X37Y19         FDRE (Prop_fdre_C_Q)         0.456    -1.702 f  design_1_i/TGP_1/U0/box_y_reg_reg[3]/Q
                         net (fo=6, routed)           0.940    -0.761    design_1_i/TGP_1/U0/box_y_reg_reg[3]
    SLICE_X34Y19         LUT1 (Prop_lut1_I0_O)        0.124    -0.637 r  design_1_i/TGP_1/U0/_carry_i_6/O
                         net (fo=1, routed)           0.000    -0.637    design_1_i/TGP_1/U0/_carry_i_6_n_0
    SLICE_X34Y19         CARRY4 (Prop_carry4_S[1]_CO[3])
                                                      0.533    -0.104 r  design_1_i/TGP_1/U0/_carry_i_5/CO[3]
                         net (fo=1, routed)           0.000    -0.104    design_1_i/TGP_1/U0/_carry_i_5_n_0
    SLICE_X34Y20         CARRY4 (Prop_carry4_CI_CO[3])
                                                      0.117     0.013 r  design_1_i/TGP_1/U0/_carry__0_i_5/CO[3]
                         net (fo=1, routed)           0.000     0.013    design_1_i/TGP_1/U0/_carry__0_i_5_n_0
    SLICE_X34Y21         CARRY4 (Prop_carry4_CI_O[1])
                                                      0.323     0.336 r  design_1_i/TGP_1/U0/_carry__1_i_5/O[1]
                         net (fo=1, routed)           0.823     1.158    design_1_i/TGP_1/U0/TGP_v1_0_M00_AXIS_inst/O[1]
    SLICE_X32Y21         LUT2 (Prop_lut2_I1_O)        0.306     1.464 r  design_1_i/TGP_1/U0/TGP_v1_0_M00_AXIS_inst/_carry__1_i_1/O
                         net (fo=1, routed)           0.000     1.464    design_1_i/TGP_1/U0/TGP_v1_0_M00_AXIS_inst_n_1
    SLICE_X32Y21         CARRY4 (Prop_carry4_S[3]_CO[3])
                                                      0.376     1.840 r  design_1_i/TGP_1/U0/_carry__1/CO[3]
                         net (fo=1, routed)           1.155     2.995    design_1_i/TGP_1/U0/TGP_v1_0_M00_AXIS_inst/data_reg_reg[23]_0[0]
    SLICE_X38Y23         LUT6 (Prop_lut6_I2_O)        0.124     3.119 r  design_1_i/TGP_1/U0/TGP_v1_0_M00_AXIS_inst/data_reg[23]_i_4/O
                         net (fo=12, routed)          0.701     3.820    design_1_i/TGP_1/U0/TGP_v1_0_M00_AXIS_inst/data_reg[23]_i_4_n_0
    SLICE_X41Y24         LUT4 (Prop_lut4_I1_O)        0.124     3.944 r  design_1_i/TGP_1/U0/TGP_v1_0_M00_AXIS_inst/data_reg[22]_i_1/O
                         net (fo=1, routed)           0.000     3.944    design_1_i/TGP_1/U0/TGP_v1_0_M00_AXIS_inst/vga_red[2]
    SLICE_X41Y24         FDRE                                         r  design_1_i/TGP_1/U0/TGP_v1_0_M00_AXIS_inst/data_reg_reg[22]/D
  -------------------------------------------------------------------    -------------------

                         (clock clk_out1_design_1_clk_wiz_0_0_1 rise edge)
                                                     40.000    40.000 r  
    H16                                               0.000    40.000 r  CLK_I (IN)
                         net (fo=0)                   0.000    40.000    design_1_i/clk_wiz_0/inst/clk_in1
    H16                  IBUF (Prop_ibuf_I_O)         1.387    41.387 r  design_1_i/clk_wiz_0/inst/clkin1_ibufg/O
                         net (fo=1, routed)           1.181    42.568    design_1_i/clk_wiz_0/inst/clk_in1_design_1_clk_wiz_0_0
    PLLE2_ADV_X0Y1       PLLE2_ADV (Prop_plle2_adv_CLKIN1_CLKOUT0)
                                                     -7.637    34.931 r  design_1_i/clk_wiz_0/inst/plle2_adv_inst/CLKOUT0
                         net (fo=1, routed)           1.594    36.525    design_1_i/clk_wiz_0/inst/clk_out1_design_1_clk_wiz_0_0
    BUFGCTRL_X0Y16       BUFG (Prop_bufg_I_O)         0.091    36.616 r  design_1_i/clk_wiz_0/inst/clkout1_buf/O
                         net (fo=128, routed)         1.562    38.178    design_1_i/TGP_1/U0/TGP_v1_0_M00_AXIS_inst/m00_axis_aclk
    SLICE_X41Y24         FDRE                                         r  design_1_i/TGP_1/U0/TGP_v1_0_M00_AXIS_inst/data_reg_reg[22]/C
                         clock pessimism             -0.402    37.776    
                         clock uncertainty           -0.161    37.615    
    SLICE_X41Y24         FDRE (Setup_fdre_C_D)        0.031    37.646    design_1_i/TGP_1/U0/TGP_v1_0_M00_AXIS_inst/data_reg_reg[22]
  -------------------------------------------------------------------
                         required time                         37.646    
                         arrival time                          -3.944    
  -------------------------------------------------------------------
                         slack                                 33.702    

Slack (MET) :             33.718ns  (required time - arrival time)
  Source:                 design_1_i/TGP_1/U0/box_y_reg_reg[3]/C
                            (rising edge-triggered cell FDRE clocked by clk_out1_design_1_clk_wiz_0_0_1  {rise@0.000ns fall@20.000ns period=40.000ns})
  Destination:            design_1_i/TGP_1/U0/TGP_v1_0_M00_AXIS_inst/data_reg_reg[23]/D
                            (rising edge-triggered cell FDRE clocked by clk_out1_design_1_clk_wiz_0_0_1  {rise@0.000ns fall@20.000ns period=40.000ns})
  Path Group:             clk_out1_design_1_clk_wiz_0_0_1
  Path Type:              Setup (Max at Slow Process Corner)
  Requirement:            40.000ns  (clk_out1_design_1_clk_wiz_0_0_1 rise@40.000ns - clk_out1_design_1_clk_wiz_0_0_1 rise@0.000ns)
  Data Path Delay:        6.130ns  (logic 2.511ns (40.962%)  route 3.619ns (59.038%))
  Logic Levels:           8  (CARRY4=4 LUT1=1 LUT2=1 LUT4=1 LUT6=1)
  Clock Path Skew:        -0.066ns (DCD - SCD + CPR)
    Destination Clock Delay (DCD):    -1.822ns = ( 38.178 - 40.000 ) 
    Source Clock Delay      (SCD):    -2.158ns
    Clock Pessimism Removal (CPR):    -0.402ns
  Clock Uncertainty:      0.161ns  ((TSJ^2 + DJ^2)^1/2) / 2 + PE
    Total System Jitter     (TSJ):    0.071ns
    Discrete Jitter          (DJ):    0.314ns
    Phase Error              (PE):    0.000ns

    Location             Delay type                Incr(ns)  Path(ns)    Netlist Resource(s)
  -------------------------------------------------------------------    -------------------
                         (clock clk_out1_design_1_clk_wiz_0_0_1 rise edge)
                                                      0.000     0.000 r  
    H16                                               0.000     0.000 r  CLK_I (IN)
                         net (fo=0)                   0.000     0.000    design_1_i/clk_wiz_0/inst/clk_in1
    H16                  IBUF (Prop_ibuf_I_O)         1.457     1.457 r  design_1_i/clk_wiz_0/inst/clkin1_ibufg/O
                         net (fo=1, routed)           1.306     2.763    design_1_i/clk_wiz_0/inst/clk_in1_design_1_clk_wiz_0_0
    PLLE2_ADV_X0Y1       PLLE2_ADV (Prop_plle2_adv_CLKIN1_CLKOUT0)
                                                     -8.519    -5.756 r  design_1_i/clk_wiz_0/inst/plle2_adv_inst/CLKOUT0
                         net (fo=1, routed)           1.754    -4.002    design_1_i/clk_wiz_0/inst/clk_out1_design_1_clk_wiz_0_0
    BUFGCTRL_X0Y16       BUFG (Prop_bufg_I_O)         0.101    -3.901 r  design_1_i/clk_wiz_0/inst/clkout1_buf/O
                         net (fo=128, routed)         1.743    -2.158    design_1_i/TGP_1/U0/m00_axis_aclk
    SLICE_X37Y19         FDRE                                         r  design_1_i/TGP_1/U0/box_y_reg_reg[3]/C
  -------------------------------------------------------------------    -------------------
    SLICE_X37Y19         FDRE (Prop_fdre_C_Q)         0.456    -1.702 f  design_1_i/TGP_1/U0/box_y_reg_reg[3]/Q
                         net (fo=6, routed)           0.940    -0.761    design_1_i/TGP_1/U0/box_y_reg_reg[3]
    SLICE_X34Y19         LUT1 (Prop_lut1_I0_O)        0.124    -0.637 r  design_1_i/TGP_1/U0/_carry_i_6/O
                         net (fo=1, routed)           0.000    -0.637    design_1_i/TGP_1/U0/_carry_i_6_n_0
    SLICE_X34Y19         CARRY4 (Prop_carry4_S[1]_CO[3])
                                                      0.533    -0.104 r  design_1_i/TGP_1/U0/_carry_i_5/CO[3]
                         net (fo=1, routed)           0.000    -0.104    design_1_i/TGP_1/U0/_carry_i_5_n_0
    SLICE_X34Y20         CARRY4 (Prop_carry4_CI_CO[3])
                                                      0.117     0.013 r  design_1_i/TGP_1/U0/_carry__0_i_5/CO[3]
                         net (fo=1, routed)           0.000     0.013    design_1_i/TGP_1/U0/_carry__0_i_5_n_0
    SLICE_X34Y21         CARRY4 (Prop_carry4_CI_O[1])
                                                      0.323     0.336 r  design_1_i/TGP_1/U0/_carry__1_i_5/O[1]
                         net (fo=1, routed)           0.823     1.158    design_1_i/TGP_1/U0/TGP_v1_0_M00_AXIS_inst/O[1]
    SLICE_X32Y21         LUT2 (Prop_lut2_I1_O)        0.306     1.464 r  design_1_i/TGP_1/U0/TGP_v1_0_M00_AXIS_inst/_carry__1_i_1/O
                         net (fo=1, routed)           0.000     1.464    design_1_i/TGP_1/U0/TGP_v1_0_M00_AXIS_inst_n_1
    SLICE_X32Y21         CARRY4 (Prop_carry4_S[3]_CO[3])
                                                      0.376     1.840 r  design_1_i/TGP_1/U0/_carry__1/CO[3]
                         net (fo=1, routed)           1.155     2.995    design_1_i/TGP_1/U0/TGP_v1_0_M00_AXIS_inst/data_reg_reg[23]_0[0]
    SLICE_X38Y23         LUT6 (Prop_lut6_I2_O)        0.124     3.119 r  design_1_i/TGP_1/U0/TGP_v1_0_M00_AXIS_inst/data_reg[23]_i_4/O
                         net (fo=12, routed)          0.701     3.820    design_1_i/TGP_1/U0/TGP_v1_0_M00_AXIS_inst/data_reg[23]_i_4_n_0
    SLICE_X41Y24         LUT4 (Prop_lut4_I1_O)        0.152     3.972 r  design_1_i/TGP_1/U0/TGP_v1_0_M00_AXIS_inst/data_reg[23]_i_2/O
                         net (fo=1, routed)           0.000     3.972    design_1_i/TGP_1/U0/TGP_v1_0_M00_AXIS_inst/vga_red[3]
    SLICE_X41Y24         FDRE                                         r  design_1_i/TGP_1/U0/TGP_v1_0_M00_AXIS_inst/data_reg_reg[23]/D
  -------------------------------------------------------------------    -------------------

                         (clock clk_out1_design_1_clk_wiz_0_0_1 rise edge)
                                                     40.000    40.000 r  
    H16                                               0.000    40.000 r  CLK_I (IN)
                         net (fo=0)                   0.000    40.000    design_1_i/clk_wiz_0/inst/clk_in1
    H16                  IBUF (Prop_ibuf_I_O)         1.387    41.387 r  design_1_i/clk_wiz_0/inst/clkin1_ibufg/O
                         net (fo=1, routed)           1.181    42.568    design_1_i/clk_wiz_0/inst/clk_in1_design_1_clk_wiz_0_0
    PLLE2_ADV_X0Y1       PLLE2_ADV (Prop_plle2_adv_CLKIN1_CLKOUT0)
                                                     -7.637    34.931 r  design_1_i/clk_wiz_0/inst/plle2_adv_inst/CLKOUT0
                         net (fo=1, routed)           1.594    36.525    design_1_i/clk_wiz_0/inst/clk_out1_design_1_clk_wiz_0_0
    BUFGCTRL_X0Y16       BUFG (Prop_bufg_I_O)         0.091    36.616 r  design_1_i/clk_wiz_0/inst/clkout1_buf/O
                         net (fo=128, routed)         1.562    38.178    design_1_i/TGP_1/U0/TGP_v1_0_M00_AXIS_inst/m00_axis_aclk
    SLICE_X41Y24         FDRE                                         r  design_1_i/TGP_1/U0/TGP_v1_0_M00_AXIS_inst/data_reg_reg[23]/C
                         clock pessimism             -0.402    37.776    
                         clock uncertainty           -0.161    37.615    
    SLICE_X41Y24         FDRE (Setup_fdre_C_D)        0.075    37.690    design_1_i/TGP_1/U0/TGP_v1_0_M00_AXIS_inst/data_reg_reg[23]
  -------------------------------------------------------------------
                         required time                         37.690    
                         arrival time                          -3.972    
  -------------------------------------------------------------------
                         slack                                 33.718    





Min Delay Paths
--------------------------------------------------------------------------------------
Slack (MET) :             0.212ns  (arrival time - required time)
  Source:                 design_1_i/TGP_1/U0/TGP_v1_0_M00_AXIS_inst/data_reg_reg[22]/C
                            (rising edge-triggered cell FDRE clocked by clk_out1_design_1_clk_wiz_0_0_1  {rise@0.000ns fall@20.000ns period=40.000ns})
  Destination:            design_1_i/PMODVGA_0/U0/PMODVGA_v1_0_S00_AXIS_inst/pixel_r_reg_reg[2]/D
                            (rising edge-triggered cell FDRE clocked by clk_out1_design_1_clk_wiz_0_0_1  {rise@0.000ns fall@20.000ns period=40.000ns})
  Path Group:             clk_out1_design_1_clk_wiz_0_0_1
  Path Type:              Hold (Min at Fast Process Corner)
  Requirement:            0.000ns  (clk_out1_design_1_clk_wiz_0_0_1 rise@0.000ns - clk_out1_design_1_clk_wiz_0_0_1 rise@0.000ns)
  Data Path Delay:        0.315ns  (logic 0.141ns (44.769%)  route 0.174ns (55.231%))
  Logic Levels:           0  
  Clock Path Skew:        0.033ns (DCD - SCD - CPR)
    Destination Clock Delay (DCD):    -0.229ns
    Source Clock Delay      (SCD):    -0.462ns
    Clock Pessimism Removal (CPR):    0.200ns

    Location             Delay type                Incr(ns)  Path(ns)    Netlist Resource(s)
  -------------------------------------------------------------------    -------------------
                         (clock clk_out1_design_1_clk_wiz_0_0_1 rise edge)
                                                      0.000     0.000 r  
    H16                                               0.000     0.000 r  CLK_I (IN)
                         net (fo=0)                   0.000     0.000    design_1_i/clk_wiz_0/inst/clk_in1
    H16                  IBUF (Prop_ibuf_I_O)         0.225     0.225 r  design_1_i/clk_wiz_0/inst/clkin1_ibufg/O
                         net (fo=1, routed)           0.440     0.665    design_1_i/clk_wiz_0/inst/clk_in1_design_1_clk_wiz_0_0
    PLLE2_ADV_X0Y1       PLLE2_ADV (Prop_plle2_adv_CLKIN1_CLKOUT0)
                                                     -2.231    -1.565 r  design_1_i/clk_wiz_0/inst/plle2_adv_inst/CLKOUT0
                         net (fo=1, routed)           0.497    -1.068    design_1_i/clk_wiz_0/inst/clk_out1_design_1_clk_wiz_0_0
    BUFGCTRL_X0Y16       BUFG (Prop_bufg_I_O)         0.026    -1.042 r  design_1_i/clk_wiz_0/inst/clkout1_buf/O
                         net (fo=128, routed)         0.581    -0.462    design_1_i/TGP_1/U0/TGP_v1_0_M00_AXIS_inst/m00_axis_aclk
    SLICE_X41Y24         FDRE                                         r  design_1_i/TGP_1/U0/TGP_v1_0_M00_AXIS_inst/data_reg_reg[22]/C
  -------------------------------------------------------------------    -------------------
    SLICE_X41Y24         FDRE (Prop_fdre_C_Q)         0.141    -0.321 r  design_1_i/TGP_1/U0/TGP_v1_0_M00_AXIS_inst/data_reg_reg[22]/Q
                         net (fo=1, routed)           0.174    -0.147    design_1_i/PMODVGA_0/U0/PMODVGA_v1_0_S00_AXIS_inst/s00_axis_tdata[10]
    SLICE_X41Y25         FDRE                                         r  design_1_i/PMODVGA_0/U0/PMODVGA_v1_0_S00_AXIS_inst/pixel_r_reg_reg[2]/D
  -------------------------------------------------------------------    -------------------

                         (clock clk_out1_design_1_clk_wiz_0_0_1 rise edge)
                                                      0.000     0.000 r  
    H16                                               0.000     0.000 r  CLK_I (IN)
                         net (fo=0)                   0.000     0.000    design_1_i/clk_wiz_0/inst/clk_in1
    H16                  IBUF (Prop_ibuf_I_O)         0.413     0.413 r  design_1_i/clk_wiz_0/inst/clkin1_ibufg/O
                         net (fo=1, routed)           0.481     0.894    design_1_i/clk_wiz_0/inst/clk_in1_design_1_clk_wiz_0_0
    PLLE2_ADV_X0Y1       PLLE2_ADV (Prop_plle2_adv_CLKIN1_CLKOUT0)
                                                     -2.543    -1.649 r  design_1_i/clk_wiz_0/inst/plle2_adv_inst/CLKOUT0
                         net (fo=1, routed)           0.544    -1.105    design_1_i/clk_wiz_0/inst/clk_out1_design_1_clk_wiz_0_0
    BUFGCTRL_X0Y16       BUFG (Prop_bufg_I_O)         0.029    -1.076 r  design_1_i/clk_wiz_0/inst/clkout1_buf/O
                         net (fo=128, routed)         0.847    -0.229    design_1_i/PMODVGA_0/U0/PMODVGA_v1_0_S00_AXIS_inst/s00_axis_aclk
    SLICE_X41Y25         FDRE                                         r  design_1_i/PMODVGA_0/U0/PMODVGA_v1_0_S00_AXIS_inst/pixel_r_reg_reg[2]/C
                         clock pessimism             -0.200    -0.429    
    SLICE_X41Y25         FDRE (Hold_fdre_C_D)         0.070    -0.359    design_1_i/PMODVGA_0/U0/PMODVGA_v1_0_S00_AXIS_inst/pixel_r_reg_reg[2]
  -------------------------------------------------------------------
                         required time                          0.359    
                         arrival time                          -0.147    
  -------------------------------------------------------------------
                         slack                                  0.212    

Slack (MET) :             0.221ns  (arrival time - required time)
  Source:                 design_1_i/TGP_1/U0/TGP_v1_0_M00_AXIS_inst/data_reg_reg[5]/C
                            (rising edge-triggered cell FDRE clocked by clk_out1_design_1_clk_wiz_0_0_1  {rise@0.000ns fall@20.000ns period=40.000ns})
  Destination:            design_1_i/PMODVGA_0/U0/PMODVGA_v1_0_S00_AXIS_inst/pixel_b_reg_reg[1]/D
                            (rising edge-triggered cell FDRE clocked by clk_out1_design_1_clk_wiz_0_0_1  {rise@0.000ns fall@20.000ns period=40.000ns})
  Path Group:             clk_out1_design_1_clk_wiz_0_0_1
  Path Type:              Hold (Min at Fast Process Corner)
  Requirement:            0.000ns  (clk_out1_design_1_clk_wiz_0_0_1 rise@0.000ns - clk_out1_design_1_clk_wiz_0_0_1 rise@0.000ns)
  Data Path Delay:        0.233ns  (logic 0.128ns (54.843%)  route 0.105ns (45.157%))
  Logic Levels:           0  
  Clock Path Skew:        0.013ns (DCD - SCD - CPR)
    Destination Clock Delay (DCD):    -0.229ns
    Source Clock Delay      (SCD):    -0.462ns
    Clock Pessimism Removal (CPR):    0.220ns

    Location             Delay type                Incr(ns)  Path(ns)    Netlist Resource(s)
  -------------------------------------------------------------------    -------------------
                         (clock clk_out1_design_1_clk_wiz_0_0_1 rise edge)
                                                      0.000     0.000 r  
    H16                                               0.000     0.000 r  CLK_I (IN)
                         net (fo=0)                   0.000     0.000    design_1_i/clk_wiz_0/inst/clk_in1
    H16                  IBUF (Prop_ibuf_I_O)         0.225     0.225 r  design_1_i/clk_wiz_0/inst/clkin1_ibufg/O
                         net (fo=1, routed)           0.440     0.665    design_1_i/clk_wiz_0/inst/clk_in1_design_1_clk_wiz_0_0
    PLLE2_ADV_X0Y1       PLLE2_ADV (Prop_plle2_adv_CLKIN1_CLKOUT0)
                                                     -2.231    -1.565 r  design_1_i/clk_wiz_0/inst/plle2_adv_inst/CLKOUT0
                         net (fo=1, routed)           0.497    -1.068    design_1_i/clk_wiz_0/inst/clk_out1_design_1_clk_wiz_0_0
    BUFGCTRL_X0Y16       BUFG (Prop_bufg_I_O)         0.026    -1.042 r  design_1_i/clk_wiz_0/inst/clkout1_buf/O
                         net (fo=128, routed)         0.581    -0.462    design_1_i/TGP_1/U0/TGP_v1_0_M00_AXIS_inst/m00_axis_aclk
    SLICE_X41Y24         FDRE                                         r  design_1_i/TGP_1/U0/TGP_v1_0_M00_AXIS_inst/data_reg_reg[5]/C
  -------------------------------------------------------------------    -------------------
    SLICE_X41Y24         FDRE (Prop_fdre_C_Q)         0.128    -0.334 r  design_1_i/TGP_1/U0/TGP_v1_0_M00_AXIS_inst/data_reg_reg[5]/Q
                         net (fo=1, routed)           0.105    -0.228    design_1_i/PMODVGA_0/U0/PMODVGA_v1_0_S00_AXIS_inst/s00_axis_tdata[1]
    SLICE_X42Y24         FDRE                                         r  design_1_i/PMODVGA_0/U0/PMODVGA_v1_0_S00_AXIS_inst/pixel_b_reg_reg[1]/D
  -------------------------------------------------------------------    -------------------

                         (clock clk_out1_design_1_clk_wiz_0_0_1 rise edge)
                                                      0.000     0.000 r  
    H16                                               0.000     0.000 r  CLK_I (IN)
                         net (fo=0)                   0.000     0.000    design_1_i/clk_wiz_0/inst/clk_in1
    H16                  IBUF (Prop_ibuf_I_O)         0.413     0.413 r  design_1_i/clk_wiz_0/inst/clkin1_ibufg/O
                         net (fo=1, routed)           0.481     0.894    design_1_i/clk_wiz_0/inst/clk_in1_design_1_clk_wiz_0_0
    PLLE2_ADV_X0Y1       PLLE2_ADV (Prop_plle2_adv_CLKIN1_CLKOUT0)
                                                     -2.543    -1.649 r  design_1_i/clk_wiz_0/inst/plle2_adv_inst/CLKOUT0
                         net (fo=1, routed)           0.544    -1.105    design_1_i/clk_wiz_0/inst/clk_out1_design_1_clk_wiz_0_0
    BUFGCTRL_X0Y16       BUFG (Prop_bufg_I_O)         0.029    -1.076 r  design_1_i/clk_wiz_0/inst/clkout1_buf/O
                         net (fo=128, routed)         0.847    -0.229    design_1_i/PMODVGA_0/U0/PMODVGA_v1_0_S00_AXIS_inst/s00_axis_aclk
    SLICE_X42Y24         FDRE                                         r  design_1_i/PMODVGA_0/U0/PMODVGA_v1_0_S00_AXIS_inst/pixel_b_reg_reg[1]/C
                         clock pessimism             -0.220    -0.449    
    SLICE_X42Y24         FDRE (Hold_fdre_C_D)        -0.001    -0.450    design_1_i/PMODVGA_0/U0/PMODVGA_v1_0_S00_AXIS_inst/pixel_b_reg_reg[1]
  -------------------------------------------------------------------
                         required time                          0.450    
                         arrival time                          -0.228    
  -------------------------------------------------------------------
                         slack                                  0.221    

Slack (MET) :             0.235ns  (arrival time - required time)
  Source:                 design_1_i/TGP_1/U0/TGP_v1_0_M00_AXIS_inst/data_reg_reg[12]/C
                            (rising edge-triggered cell FDRE clocked by clk_out1_design_1_clk_wiz_0_0_1  {rise@0.000ns fall@20.000ns period=40.000ns})
  Destination:            design_1_i/PMODVGA_0/U0/PMODVGA_v1_0_S00_AXIS_inst/pixel_g_reg_reg[0]/D
                            (rising edge-triggered cell FDRE clocked by clk_out1_design_1_clk_wiz_0_0_1  {rise@0.000ns fall@20.000ns period=40.000ns})
  Path Group:             clk_out1_design_1_clk_wiz_0_0_1
  Path Type:              Hold (Min at Fast Process Corner)
  Requirement:            0.000ns  (clk_out1_design_1_clk_wiz_0_0_1 rise@0.000ns - clk_out1_design_1_clk_wiz_0_0_1 rise@0.000ns)
  Data Path Delay:        0.325ns  (logic 0.141ns (43.397%)  route 0.184ns (56.603%))
  Logic Levels:           0  
  Clock Path Skew:        0.033ns (DCD - SCD - CPR)
    Destination Clock Delay (DCD):    -0.229ns
    Source Clock Delay      (SCD):    -0.462ns
    Clock Pessimism Removal (CPR):    0.200ns

    Location             Delay type                Incr(ns)  Path(ns)    Netlist Resource(s)
  -------------------------------------------------------------------    -------------------
                         (clock clk_out1_design_1_clk_wiz_0_0_1 rise edge)
                                                      0.000     0.000 r  
    H16                                               0.000     0.000 r  CLK_I (IN)
                         net (fo=0)                   0.000     0.000    design_1_i/clk_wiz_0/inst/clk_in1
    H16                  IBUF (Prop_ibuf_I_O)         0.225     0.225 r  design_1_i/clk_wiz_0/inst/clkin1_ibufg/O
                         net (fo=1, routed)           0.440     0.665    design_1_i/clk_wiz_0/inst/clk_in1_design_1_clk_wiz_0_0
    PLLE2_ADV_X0Y1       PLLE2_ADV (Prop_plle2_adv_CLKIN1_CLKOUT0)
                                                     -2.231    -1.565 r  design_1_i/clk_wiz_0/inst/plle2_adv_inst/CLKOUT0
                         net (fo=1, routed)           0.497    -1.068    design_1_i/clk_wiz_0/inst/clk_out1_design_1_clk_wiz_0_0
    BUFGCTRL_X0Y16       BUFG (Prop_bufg_I_O)         0.026    -1.042 r  design_1_i/clk_wiz_0/inst/clkout1_buf/O
                         net (fo=128, routed)         0.581    -0.462    design_1_i/TGP_1/U0/TGP_v1_0_M00_AXIS_inst/m00_axis_aclk
    SLICE_X40Y24         FDRE                                         r  design_1_i/TGP_1/U0/TGP_v1_0_M00_AXIS_inst/data_reg_reg[12]/C
  -------------------------------------------------------------------    -------------------
    SLICE_X40Y24         FDRE (Prop_fdre_C_Q)         0.141    -0.321 r  design_1_i/TGP_1/U0/TGP_v1_0_M00_AXIS_inst/data_reg_reg[12]/Q
                         net (fo=1, routed)           0.184    -0.137    design_1_i/PMODVGA_0/U0/PMODVGA_v1_0_S00_AXIS_inst/s00_axis_tdata[4]
    SLICE_X40Y25         FDRE                                         r  design_1_i/PMODVGA_0/U0/PMODVGA_v1_0_S00_AXIS_inst/pixel_g_reg_reg[0]/D
  -------------------------------------------------------------------    -------------------

                         (clock clk_out1_design_1_clk_wiz_0_0_1 rise edge)
                                                      0.000     0.000 r  
    H16                                               0.000     0.000 r  CLK_I (IN)
                         net (fo=0)                   0.000     0.000    design_1_i/clk_wiz_0/inst/clk_in1
    H16                  IBUF (Prop_ibuf_I_O)         0.413     0.413 r  design_1_i/clk_wiz_0/inst/clkin1_ibufg/O
                         net (fo=1, routed)           0.481     0.894    design_1_i/clk_wiz_0/inst/clk_in1_design_1_clk_wiz_0_0
    PLLE2_ADV_X0Y1       PLLE2_ADV (Prop_plle2_adv_CLKIN1_CLKOUT0)
                                                     -2.543    -1.649 r  design_1_i/clk_wiz_0/inst/plle2_adv_inst/CLKOUT0
                         net (fo=1, routed)           0.544    -1.105    design_1_i/clk_wiz_0/inst/clk_out1_design_1_clk_wiz_0_0
    BUFGCTRL_X0Y16       BUFG (Prop_bufg_I_O)         0.029    -1.076 r  design_1_i/clk_wiz_0/inst/clkout1_buf/O
                         net (fo=128, routed)         0.847    -0.229    design_1_i/PMODVGA_0/U0/PMODVGA_v1_0_S00_AXIS_inst/s00_axis_aclk
    SLICE_X40Y25         FDRE                                         r  design_1_i/PMODVGA_0/U0/PMODVGA_v1_0_S00_AXIS_inst/pixel_g_reg_reg[0]/C
                         clock pessimism             -0.200    -0.429    
    SLICE_X40Y25         FDRE (Hold_fdre_C_D)         0.057    -0.372    design_1_i/PMODVGA_0/U0/PMODVGA_v1_0_S00_AXIS_inst/pixel_g_reg_reg[0]
  -------------------------------------------------------------------
                         required time                          0.372    
                         arrival time                          -0.137    
  -------------------------------------------------------------------
                         slack                                  0.235    

Slack (MET) :             0.268ns  (arrival time - required time)
  Source:                 design_1_i/TGP_1/U0/h_cntr_reg_reg[4]/C
                            (rising edge-triggered cell FDRE clocked by clk_out1_design_1_clk_wiz_0_0_1  {rise@0.000ns fall@20.000ns period=40.000ns})
  Destination:            design_1_i/TGP_1/U0/h_cntr_reg_reg[4]/D
                            (rising edge-triggered cell FDRE clocked by clk_out1_design_1_clk_wiz_0_0_1  {rise@0.000ns fall@20.000ns period=40.000ns})
  Path Group:             clk_out1_design_1_clk_wiz_0_0_1
  Path Type:              Hold (Min at Fast Process Corner)
  Requirement:            0.000ns  (clk_out1_design_1_clk_wiz_0_0_1 rise@0.000ns - clk_out1_design_1_clk_wiz_0_0_1 rise@0.000ns)
  Data Path Delay:        0.373ns  (logic 0.256ns (68.565%)  route 0.117ns (31.435%))
  Logic Levels:           1  (CARRY4=1)
  Clock Path Skew:        0.000ns (DCD - SCD - CPR)
    Destination Clock Delay (DCD):    -0.231ns
    Source Clock Delay      (SCD):    -0.464ns
    Clock Pessimism Removal (CPR):    0.233ns

    Location             Delay type                Incr(ns)  Path(ns)    Netlist Resource(s)
  -------------------------------------------------------------------    -------------------
                         (clock clk_out1_design_1_clk_wiz_0_0_1 rise edge)
                                                      0.000     0.000 r  
    H16                                               0.000     0.000 r  CLK_I (IN)
                         net (fo=0)                   0.000     0.000    design_1_i/clk_wiz_0/inst/clk_in1
    H16                  IBUF (Prop_ibuf_I_O)         0.225     0.225 r  design_1_i/clk_wiz_0/inst/clkin1_ibufg/O
                         net (fo=1, routed)           0.440     0.665    design_1_i/clk_wiz_0/inst/clk_in1_design_1_clk_wiz_0_0
    PLLE2_ADV_X0Y1       PLLE2_ADV (Prop_plle2_adv_CLKIN1_CLKOUT0)
                                                     -2.231    -1.565 r  design_1_i/clk_wiz_0/inst/plle2_adv_inst/CLKOUT0
                         net (fo=1, routed)           0.497    -1.068    design_1_i/clk_wiz_0/inst/clk_out1_design_1_clk_wiz_0_0
    BUFGCTRL_X0Y16       BUFG (Prop_bufg_I_O)         0.026    -1.042 r  design_1_i/clk_wiz_0/inst/clkout1_buf/O
                         net (fo=128, routed)         0.579    -0.464    design_1_i/TGP_1/U0/m00_axis_aclk
    SLICE_X37Y25         FDRE                                         r  design_1_i/TGP_1/U0/h_cntr_reg_reg[4]/C
  -------------------------------------------------------------------    -------------------
    SLICE_X37Y25         FDRE (Prop_fdre_C_Q)         0.141    -0.323 r  design_1_i/TGP_1/U0/h_cntr_reg_reg[4]/Q
                         net (fo=9, routed)           0.117    -0.205    design_1_i/TGP_1/U0/p_0_in[2]
    SLICE_X37Y25         CARRY4 (Prop_carry4_S[0]_O[0])
                                                      0.115    -0.090 r  design_1_i/TGP_1/U0/h_cntr_reg_reg[4]_i_1/O[0]
                         net (fo=1, routed)           0.000    -0.090    design_1_i/TGP_1/U0/h_cntr_reg_reg[4]_i_1_n_7
    SLICE_X37Y25         FDRE                                         r  design_1_i/TGP_1/U0/h_cntr_reg_reg[4]/D
  -------------------------------------------------------------------    -------------------

                         (clock clk_out1_design_1_clk_wiz_0_0_1 rise edge)
                                                      0.000     0.000 r  
    H16                                               0.000     0.000 r  CLK_I (IN)
                         net (fo=0)                   0.000     0.000    design_1_i/clk_wiz_0/inst/clk_in1
    H16                  IBUF (Prop_ibuf_I_O)         0.413     0.413 r  design_1_i/clk_wiz_0/inst/clkin1_ibufg/O
                         net (fo=1, routed)           0.481     0.894    design_1_i/clk_wiz_0/inst/clk_in1_design_1_clk_wiz_0_0
    PLLE2_ADV_X0Y1       PLLE2_ADV (Prop_plle2_adv_CLKIN1_CLKOUT0)
                                                     -2.543    -1.649 r  design_1_i/clk_wiz_0/inst/plle2_adv_inst/CLKOUT0
                         net (fo=1, routed)           0.544    -1.105    design_1_i/clk_wiz_0/inst/clk_out1_design_1_clk_wiz_0_0
    BUFGCTRL_X0Y16       BUFG (Prop_bufg_I_O)         0.029    -1.076 r  design_1_i/clk_wiz_0/inst/clkout1_buf/O
                         net (fo=128, routed)         0.845    -0.231    design_1_i/TGP_1/U0/m00_axis_aclk
    SLICE_X37Y25         FDRE                                         r  design_1_i/TGP_1/U0/h_cntr_reg_reg[4]/C
                         clock pessimism             -0.233    -0.464    
    SLICE_X37Y25         FDRE (Hold_fdre_C_D)         0.105    -0.359    design_1_i/TGP_1/U0/h_cntr_reg_reg[4]
  -------------------------------------------------------------------
                         required time                          0.359    
                         arrival time                          -0.090    
  -------------------------------------------------------------------
                         slack                                  0.268    

Slack (MET) :             0.269ns  (arrival time - required time)
  Source:                 design_1_i/TGP_1/U0/v_cntr_reg_reg[10]/C
                            (rising edge-triggered cell FDRE clocked by clk_out1_design_1_clk_wiz_0_0_1  {rise@0.000ns fall@20.000ns period=40.000ns})
  Destination:            design_1_i/TGP_1/U0/v_cntr_reg_reg[10]/D
                            (rising edge-triggered cell FDRE clocked by clk_out1_design_1_clk_wiz_0_0_1  {rise@0.000ns fall@20.000ns period=40.000ns})
  Path Group:             clk_out1_design_1_clk_wiz_0_0_1
  Path Type:              Hold (Min at Fast Process Corner)
  Requirement:            0.000ns  (clk_out1_design_1_clk_wiz_0_0_1 rise@0.000ns - clk_out1_design_1_clk_wiz_0_0_1 rise@0.000ns)
  Data Path Delay:        0.374ns  (logic 0.252ns (67.467%)  route 0.122ns (32.533%))
  Logic Levels:           1  (CARRY4=1)
  Clock Path Skew:        0.000ns (DCD - SCD - CPR)
    Destination Clock Delay (DCD):    -0.254ns
    Source Clock Delay      (SCD):    -0.487ns
    Clock Pessimism Removal (CPR):    0.233ns

    Location             Delay type                Incr(ns)  Path(ns)    Netlist Resource(s)
  -------------------------------------------------------------------    -------------------
                         (clock clk_out1_design_1_clk_wiz_0_0_1 rise edge)
                                                      0.000     0.000 r  
    H16                                               0.000     0.000 r  CLK_I (IN)
                         net (fo=0)                   0.000     0.000    design_1_i/clk_wiz_0/inst/clk_in1
    H16                  IBUF (Prop_ibuf_I_O)         0.225     0.225 r  design_1_i/clk_wiz_0/inst/clkin1_ibufg/O
                         net (fo=1, routed)           0.440     0.665    design_1_i/clk_wiz_0/inst/clk_in1_design_1_clk_wiz_0_0
    PLLE2_ADV_X0Y1       PLLE2_ADV (Prop_plle2_adv_CLKIN1_CLKOUT0)
                                                     -2.231    -1.565 r  design_1_i/clk_wiz_0/inst/plle2_adv_inst/CLKOUT0
                         net (fo=1, routed)           0.497    -1.068    design_1_i/clk_wiz_0/inst/clk_out1_design_1_clk_wiz_0_0
    BUFGCTRL_X0Y16       BUFG (Prop_bufg_I_O)         0.026    -1.042 r  design_1_i/clk_wiz_0/inst/clkout1_buf/O
                         net (fo=128, routed)         0.556    -0.487    design_1_i/TGP_1/U0/m00_axis_aclk
    SLICE_X33Y20         FDRE                                         r  design_1_i/TGP_1/U0/v_cntr_reg_reg[10]/C
  -------------------------------------------------------------------    -------------------
    SLICE_X33Y20         FDRE (Prop_fdre_C_Q)         0.141    -0.346 r  design_1_i/TGP_1/U0/v_cntr_reg_reg[10]/Q
                         net (fo=8, routed)           0.122    -0.224    design_1_i/TGP_1/U0/v_cntr_reg_reg[10]
    SLICE_X33Y20         CARRY4 (Prop_carry4_S[2]_O[2])
                                                      0.111    -0.113 r  design_1_i/TGP_1/U0/v_cntr_reg_reg[8]_i_1/O[2]
                         net (fo=1, routed)           0.000    -0.113    design_1_i/TGP_1/U0/v_cntr_reg_reg[8]_i_1_n_5
    SLICE_X33Y20         FDRE                                         r  design_1_i/TGP_1/U0/v_cntr_reg_reg[10]/D
  -------------------------------------------------------------------    -------------------

                         (clock clk_out1_design_1_clk_wiz_0_0_1 rise edge)
                                                      0.000     0.000 r  
    H16                                               0.000     0.000 r  CLK_I (IN)
                         net (fo=0)                   0.000     0.000    design_1_i/clk_wiz_0/inst/clk_in1
    H16                  IBUF (Prop_ibuf_I_O)         0.413     0.413 r  design_1_i/clk_wiz_0/inst/clkin1_ibufg/O
                         net (fo=1, routed)           0.481     0.894    design_1_i/clk_wiz_0/inst/clk_in1_design_1_clk_wiz_0_0
    PLLE2_ADV_X0Y1       PLLE2_ADV (Prop_plle2_adv_CLKIN1_CLKOUT0)
                                                     -2.543    -1.649 r  design_1_i/clk_wiz_0/inst/plle2_adv_inst/CLKOUT0
                         net (fo=1, routed)           0.544    -1.105    design_1_i/clk_wiz_0/inst/clk_out1_design_1_clk_wiz_0_0
    BUFGCTRL_X0Y16       BUFG (Prop_bufg_I_O)         0.029    -1.076 r  design_1_i/clk_wiz_0/inst/clkout1_buf/O
                         net (fo=128, routed)         0.822    -0.254    design_1_i/TGP_1/U0/m00_axis_aclk
    SLICE_X33Y20         FDRE                                         r  design_1_i/TGP_1/U0/v_cntr_reg_reg[10]/C
                         clock pessimism             -0.233    -0.487    
    SLICE_X33Y20         FDRE (Hold_fdre_C_D)         0.105    -0.382    design_1_i/TGP_1/U0/v_cntr_reg_reg[10]
  -------------------------------------------------------------------
                         required time                          0.382    
                         arrival time                          -0.113    
  -------------------------------------------------------------------
                         slack                                  0.269    

Slack (MET) :             0.270ns  (arrival time - required time)
  Source:                 design_1_i/TGP_1/U0/TGP_v1_0_M00_AXIS_inst/data_reg_reg[6]/C
                            (rising edge-triggered cell FDRE clocked by clk_out1_design_1_clk_wiz_0_0_1  {rise@0.000ns fall@20.000ns period=40.000ns})
  Destination:            design_1_i/PMODVGA_0/U0/PMODVGA_v1_0_S00_AXIS_inst/pixel_b_reg_reg[2]/D
                            (rising edge-triggered cell FDRE clocked by clk_out1_design_1_clk_wiz_0_0_1  {rise@0.000ns fall@20.000ns period=40.000ns})
  Path Group:             clk_out1_design_1_clk_wiz_0_0_1
  Path Type:              Hold (Min at Fast Process Corner)
  Requirement:            0.000ns  (clk_out1_design_1_clk_wiz_0_0_1 rise@0.000ns - clk_out1_design_1_clk_wiz_0_0_1 rise@0.000ns)
  Data Path Delay:        0.346ns  (logic 0.141ns (40.724%)  route 0.205ns (59.276%))
  Logic Levels:           0  
  Clock Path Skew:        0.013ns (DCD - SCD - CPR)
    Destination Clock Delay (DCD):    -0.229ns
    Source Clock Delay      (SCD):    -0.462ns
    Clock Pessimism Removal (CPR):    0.220ns

    Location             Delay type                Incr(ns)  Path(ns)    Netlist Resource(s)
  -------------------------------------------------------------------    -------------------
                         (clock clk_out1_design_1_clk_wiz_0_0_1 rise edge)
                                                      0.000     0.000 r  
    H16                                               0.000     0.000 r  CLK_I (IN)
                         net (fo=0)                   0.000     0.000    design_1_i/clk_wiz_0/inst/clk_in1
    H16                  IBUF (Prop_ibuf_I_O)         0.225     0.225 r  design_1_i/clk_wiz_0/inst/clkin1_ibufg/O
                         net (fo=1, routed)           0.440     0.665    design_1_i/clk_wiz_0/inst/clk_in1_design_1_clk_wiz_0_0
    PLLE2_ADV_X0Y1       PLLE2_ADV (Prop_plle2_adv_CLKIN1_CLKOUT0)
                                                     -2.231    -1.565 r  design_1_i/clk_wiz_0/inst/plle2_adv_inst/CLKOUT0
                         net (fo=1, routed)           0.497    -1.068    design_1_i/clk_wiz_0/inst/clk_out1_design_1_clk_wiz_0_0
    BUFGCTRL_X0Y16       BUFG (Prop_bufg_I_O)         0.026    -1.042 r  design_1_i/clk_wiz_0/inst/clkout1_buf/O
                         net (fo=128, routed)         0.581    -0.462    design_1_i/TGP_1/U0/TGP_v1_0_M00_AXIS_inst/m00_axis_aclk
    SLICE_X41Y24         FDRE                                         r  design_1_i/TGP_1/U0/TGP_v1_0_M00_AXIS_inst/data_reg_reg[6]/C
  -------------------------------------------------------------------    -------------------
    SLICE_X41Y24         FDRE (Prop_fdre_C_Q)         0.141    -0.321 r  design_1_i/TGP_1/U0/TGP_v1_0_M00_AXIS_inst/data_reg_reg[6]/Q
                         net (fo=1, routed)           0.205    -0.115    design_1_i/PMODVGA_0/U0/PMODVGA_v1_0_S00_AXIS_inst/s00_axis_tdata[2]
    SLICE_X42Y24         FDRE                                         r  design_1_i/PMODVGA_0/U0/PMODVGA_v1_0_S00_AXIS_inst/pixel_b_reg_reg[2]/D
  -------------------------------------------------------------------    -------------------

                         (clock clk_out1_design_1_clk_wiz_0_0_1 rise edge)
                                                      0.000     0.000 r  
    H16                                               0.000     0.000 r  CLK_I (IN)
                         net (fo=0)                   0.000     0.000    design_1_i/clk_wiz_0/inst/clk_in1
    H16                  IBUF (Prop_ibuf_I_O)         0.413     0.413 r  design_1_i/clk_wiz_0/inst/clkin1_ibufg/O
                         net (fo=1, routed)           0.481     0.894    design_1_i/clk_wiz_0/inst/clk_in1_design_1_clk_wiz_0_0
    PLLE2_ADV_X0Y1       PLLE2_ADV (Prop_plle2_adv_CLKIN1_CLKOUT0)
                                                     -2.543    -1.649 r  design_1_i/clk_wiz_0/inst/plle2_adv_inst/CLKOUT0
                         net (fo=1, routed)           0.544    -1.105    design_1_i/clk_wiz_0/inst/clk_out1_design_1_clk_wiz_0_0
    BUFGCTRL_X0Y16       BUFG (Prop_bufg_I_O)         0.029    -1.076 r  design_1_i/clk_wiz_0/inst/clkout1_buf/O
                         net (fo=128, routed)         0.847    -0.229    design_1_i/PMODVGA_0/U0/PMODVGA_v1_0_S00_AXIS_inst/s00_axis_aclk
    SLICE_X42Y24         FDRE                                         r  design_1_i/PMODVGA_0/U0/PMODVGA_v1_0_S00_AXIS_inst/pixel_b_reg_reg[2]/C
                         clock pessimism             -0.220    -0.449    
    SLICE_X42Y24         FDRE (Hold_fdre_C_D)         0.063    -0.386    design_1_i/PMODVGA_0/U0/PMODVGA_v1_0_S00_AXIS_inst/pixel_b_reg_reg[2]
  -------------------------------------------------------------------
                         required time                          0.386    
                         arrival time                          -0.115    
  -------------------------------------------------------------------
                         slack                                  0.270    

Slack (MET) :             0.274ns  (arrival time - required time)
  Source:                 design_1_i/TGP_1/U0/TGP_v1_0_M00_AXIS_inst/valid_reg_reg/C
                            (rising edge-triggered cell FDRE clocked by clk_out1_design_1_clk_wiz_0_0_1  {rise@0.000ns fall@20.000ns period=40.000ns})
  Destination:            design_1_i/TGP_1/U0/TGP_v1_0_M00_AXIS_inst/valid_reg_reg/D
                            (rising edge-triggered cell FDRE clocked by clk_out1_design_1_clk_wiz_0_0_1  {rise@0.000ns fall@20.000ns period=40.000ns})
  Path Group:             clk_out1_design_1_clk_wiz_0_0_1
  Path Type:              Hold (Min at Fast Process Corner)
  Requirement:            0.000ns  (clk_out1_design_1_clk_wiz_0_0_1 rise@0.000ns - clk_out1_design_1_clk_wiz_0_0_1 rise@0.000ns)
  Data Path Delay:        0.365ns  (logic 0.186ns (50.911%)  route 0.179ns (49.089%))
  Logic Levels:           1  (LUT4=1)
  Clock Path Skew:        0.000ns (DCD - SCD - CPR)
    Destination Clock Delay (DCD):    -0.228ns
    Source Clock Delay      (SCD):    -0.461ns
    Clock Pessimism Removal (CPR):    0.233ns

    Location             Delay type                Incr(ns)  Path(ns)    Netlist Resource(s)
  -------------------------------------------------------------------    -------------------
                         (clock clk_out1_design_1_clk_wiz_0_0_1 rise edge)
                                                      0.000     0.000 r  
    H16                                               0.000     0.000 r  CLK_I (IN)
                         net (fo=0)                   0.000     0.000    design_1_i/clk_wiz_0/inst/clk_in1
    H16                  IBUF (Prop_ibuf_I_O)         0.225     0.225 r  design_1_i/clk_wiz_0/inst/clkin1_ibufg/O
                         net (fo=1, routed)           0.440     0.665    design_1_i/clk_wiz_0/inst/clk_in1_design_1_clk_wiz_0_0
    PLLE2_ADV_X0Y1       PLLE2_ADV (Prop_plle2_adv_CLKIN1_CLKOUT0)
                                                     -2.231    -1.565 r  design_1_i/clk_wiz_0/inst/plle2_adv_inst/CLKOUT0
                         net (fo=1, routed)           0.497    -1.068    design_1_i/clk_wiz_0/inst/clk_out1_design_1_clk_wiz_0_0
    BUFGCTRL_X0Y16       BUFG (Prop_bufg_I_O)         0.026    -1.042 r  design_1_i/clk_wiz_0/inst/clkout1_buf/O
                         net (fo=128, routed)         0.582    -0.461    design_1_i/TGP_1/U0/TGP_v1_0_M00_AXIS_inst/m00_axis_aclk
    SLICE_X41Y26         FDRE                                         r  design_1_i/TGP_1/U0/TGP_v1_0_M00_AXIS_inst/valid_reg_reg/C
  -------------------------------------------------------------------    -------------------
    SLICE_X41Y26         FDRE (Prop_fdre_C_Q)         0.141    -0.320 r  design_1_i/TGP_1/U0/TGP_v1_0_M00_AXIS_inst/valid_reg_reg/Q
                         net (fo=3, routed)           0.179    -0.140    design_1_i/TGP_1/U0/TGP_v1_0_M00_AXIS_inst/m00_axis_tvalid
    SLICE_X41Y26         LUT4 (Prop_lut4_I3_O)        0.045    -0.095 r  design_1_i/TGP_1/U0/TGP_v1_0_M00_AXIS_inst/valid_reg_i_1/O
                         net (fo=1, routed)           0.000    -0.095    design_1_i/TGP_1/U0/TGP_v1_0_M00_AXIS_inst/valid_reg_i_1_n_0
    SLICE_X41Y26         FDRE                                         r  design_1_i/TGP_1/U0/TGP_v1_0_M00_AXIS_inst/valid_reg_reg/D
  -------------------------------------------------------------------    -------------------

                         (clock clk_out1_design_1_clk_wiz_0_0_1 rise edge)
                                                      0.000     0.000 r  
    H16                                               0.000     0.000 r  CLK_I (IN)
                         net (fo=0)                   0.000     0.000    design_1_i/clk_wiz_0/inst/clk_in1
    H16                  IBUF (Prop_ibuf_I_O)         0.413     0.413 r  design_1_i/clk_wiz_0/inst/clkin1_ibufg/O
                         net (fo=1, routed)           0.481     0.894    design_1_i/clk_wiz_0/inst/clk_in1_design_1_clk_wiz_0_0
    PLLE2_ADV_X0Y1       PLLE2_ADV (Prop_plle2_adv_CLKIN1_CLKOUT0)
                                                     -2.543    -1.649 r  design_1_i/clk_wiz_0/inst/plle2_adv_inst/CLKOUT0
                         net (fo=1, routed)           0.544    -1.105    design_1_i/clk_wiz_0/inst/clk_out1_design_1_clk_wiz_0_0
    BUFGCTRL_X0Y16       BUFG (Prop_bufg_I_O)         0.029    -1.076 r  design_1_i/clk_wiz_0/inst/clkout1_buf/O
                         net (fo=128, routed)         0.848    -0.228    design_1_i/TGP_1/U0/TGP_v1_0_M00_AXIS_inst/m00_axis_aclk
    SLICE_X41Y26         FDRE                                         r  design_1_i/TGP_1/U0/TGP_v1_0_M00_AXIS_inst/valid_reg_reg/C
                         clock pessimism             -0.233    -0.461    
    SLICE_X41Y26         FDRE (Hold_fdre_C_D)         0.091    -0.370    design_1_i/TGP_1/U0/TGP_v1_0_M00_AXIS_inst/valid_reg_reg
  -------------------------------------------------------------------
                         required time                          0.370    
                         arrival time                          -0.095    
  -------------------------------------------------------------------
                         slack                                  0.274    

Slack (MET) :             0.276ns  (arrival time - required time)
  Source:                 design_1_i/TGP_1/U0/box_x_dir_reg/C
                            (rising edge-triggered cell FDRE clocked by clk_out1_design_1_clk_wiz_0_0_1  {rise@0.000ns fall@20.000ns period=40.000ns})
  Destination:            design_1_i/TGP_1/U0/box_x_dir_reg/D
                            (rising edge-triggered cell FDRE clocked by clk_out1_design_1_clk_wiz_0_0_1  {rise@0.000ns fall@20.000ns period=40.000ns})
  Path Group:             clk_out1_design_1_clk_wiz_0_0_1
  Path Type:              Hold (Min at Fast Process Corner)
  Requirement:            0.000ns  (clk_out1_design_1_clk_wiz_0_0_1 rise@0.000ns - clk_out1_design_1_clk_wiz_0_0_1 rise@0.000ns)
  Data Path Delay:        0.396ns  (logic 0.209ns (52.728%)  route 0.187ns (47.272%))
  Logic Levels:           1  (LUT5=1)
  Clock Path Skew:        0.000ns (DCD - SCD - CPR)
    Destination Clock Delay (DCD):    -0.228ns
    Source Clock Delay      (SCD):    -0.461ns
    Clock Pessimism Removal (CPR):    0.233ns

    Location             Delay type                Incr(ns)  Path(ns)    Netlist Resource(s)
  -------------------------------------------------------------------    -------------------
                         (clock clk_out1_design_1_clk_wiz_0_0_1 rise edge)
                                                      0.000     0.000 r  
    H16                                               0.000     0.000 r  CLK_I (IN)
                         net (fo=0)                   0.000     0.000    design_1_i/clk_wiz_0/inst/clk_in1
    H16                  IBUF (Prop_ibuf_I_O)         0.225     0.225 r  design_1_i/clk_wiz_0/inst/clkin1_ibufg/O
                         net (fo=1, routed)           0.440     0.665    design_1_i/clk_wiz_0/inst/clk_in1_design_1_clk_wiz_0_0
    PLLE2_ADV_X0Y1       PLLE2_ADV (Prop_plle2_adv_CLKIN1_CLKOUT0)
                                                     -2.231    -1.565 r  design_1_i/clk_wiz_0/inst/plle2_adv_inst/CLKOUT0
                         net (fo=1, routed)           0.497    -1.068    design_1_i/clk_wiz_0/inst/clk_out1_design_1_clk_wiz_0_0
    BUFGCTRL_X0Y16       BUFG (Prop_bufg_I_O)         0.026    -1.042 r  design_1_i/clk_wiz_0/inst/clkout1_buf/O
                         net (fo=128, routed)         0.582    -0.461    design_1_i/TGP_1/U0/m00_axis_aclk
    SLICE_X38Y27         FDRE                                         r  design_1_i/TGP_1/U0/box_x_dir_reg/C
  -------------------------------------------------------------------    -------------------
    SLICE_X38Y27         FDRE (Prop_fdre_C_Q)         0.164    -0.297 r  design_1_i/TGP_1/U0/box_x_dir_reg/Q
                         net (fo=27, routed)          0.187    -0.109    design_1_i/TGP_1/U0/box_x_dir_reg_n_0
    SLICE_X38Y27         LUT5 (Prop_lut5_I4_O)        0.045    -0.064 r  design_1_i/TGP_1/U0/box_x_dir_i_1/O
                         net (fo=1, routed)           0.000    -0.064    design_1_i/TGP_1/U0/box_x_dir_i_1_n_0
    SLICE_X38Y27         FDRE                                         r  design_1_i/TGP_1/U0/box_x_dir_reg/D
  -------------------------------------------------------------------    -------------------

                         (clock clk_out1_design_1_clk_wiz_0_0_1 rise edge)
                                                      0.000     0.000 r  
    H16                                               0.000     0.000 r  CLK_I (IN)
                         net (fo=0)                   0.000     0.000    design_1_i/clk_wiz_0/inst/clk_in1
    H16                  IBUF (Prop_ibuf_I_O)         0.413     0.413 r  design_1_i/clk_wiz_0/inst/clkin1_ibufg/O
                         net (fo=1, routed)           0.481     0.894    design_1_i/clk_wiz_0/inst/clk_in1_design_1_clk_wiz_0_0
    PLLE2_ADV_X0Y1       PLLE2_ADV (Prop_plle2_adv_CLKIN1_CLKOUT0)
                                                     -2.543    -1.649 r  design_1_i/clk_wiz_0/inst/plle2_adv_inst/CLKOUT0
                         net (fo=1, routed)           0.544    -1.105    design_1_i/clk_wiz_0/inst/clk_out1_design_1_clk_wiz_0_0
    BUFGCTRL_X0Y16       BUFG (Prop_bufg_I_O)         0.029    -1.076 r  design_1_i/clk_wiz_0/inst/clkout1_buf/O
                         net (fo=128, routed)         0.848    -0.228    design_1_i/TGP_1/U0/m00_axis_aclk
    SLICE_X38Y27         FDRE                                         r  design_1_i/TGP_1/U0/box_x_dir_reg/C
                         clock pessimism             -0.233    -0.461    
    SLICE_X38Y27         FDRE (Hold_fdre_C_D)         0.120    -0.341    design_1_i/TGP_1/U0/box_x_dir_reg
  -------------------------------------------------------------------
                         required time                          0.341    
                         arrival time                          -0.064    
  -------------------------------------------------------------------
                         slack                                  0.276    

Slack (MET) :             0.276ns  (arrival time - required time)
  Source:                 design_1_i/TGP_1/U0/v_cntr_reg_reg[7]/C
                            (rising edge-triggered cell FDRE clocked by clk_out1_design_1_clk_wiz_0_0_1  {rise@0.000ns fall@20.000ns period=40.000ns})
  Destination:            design_1_i/TGP_1/U0/v_cntr_reg_reg[7]/D
                            (rising edge-triggered cell FDRE clocked by clk_out1_design_1_clk_wiz_0_0_1  {rise@0.000ns fall@20.000ns period=40.000ns})
  Path Group:             clk_out1_design_1_clk_wiz_0_0_1
  Path Type:              Hold (Min at Fast Process Corner)
  Requirement:            0.000ns  (clk_out1_design_1_clk_wiz_0_0_1 rise@0.000ns - clk_out1_design_1_clk_wiz_0_0_1 rise@0.000ns)
  Data Path Delay:        0.381ns  (logic 0.249ns (65.279%)  route 0.132ns (34.721%))
  Logic Levels:           1  (CARRY4=1)
  Clock Path Skew:        0.000ns (DCD - SCD - CPR)
    Destination Clock Delay (DCD):    -0.253ns
    Source Clock Delay      (SCD):    -0.486ns
    Clock Pessimism Removal (CPR):    0.233ns

    Location             Delay type                Incr(ns)  Path(ns)    Netlist Resource(s)
  -------------------------------------------------------------------    -------------------
                         (clock clk_out1_design_1_clk_wiz_0_0_1 rise edge)
                                                      0.000     0.000 r  
    H16                                               0.000     0.000 r  CLK_I (IN)
                         net (fo=0)                   0.000     0.000    design_1_i/clk_wiz_0/inst/clk_in1
    H16                  IBUF (Prop_ibuf_I_O)         0.225     0.225 r  design_1_i/clk_wiz_0/inst/clkin1_ibufg/O
                         net (fo=1, routed)           0.440     0.665    design_1_i/clk_wiz_0/inst/clk_in1_design_1_clk_wiz_0_0
    PLLE2_ADV_X0Y1       PLLE2_ADV (Prop_plle2_adv_CLKIN1_CLKOUT0)
                                                     -2.231    -1.565 r  design_1_i/clk_wiz_0/inst/plle2_adv_inst/CLKOUT0
                         net (fo=1, routed)           0.497    -1.068    design_1_i/clk_wiz_0/inst/clk_out1_design_1_clk_wiz_0_0
    BUFGCTRL_X0Y16       BUFG (Prop_bufg_I_O)         0.026    -1.042 r  design_1_i/clk_wiz_0/inst/clkout1_buf/O
                         net (fo=128, routed)         0.557    -0.486    design_1_i/TGP_1/U0/m00_axis_aclk
    SLICE_X33Y19         FDRE                                         r  design_1_i/TGP_1/U0/v_cntr_reg_reg[7]/C
  -------------------------------------------------------------------    -------------------
    SLICE_X33Y19         FDRE (Prop_fdre_C_Q)         0.141    -0.345 r  design_1_i/TGP_1/U0/v_cntr_reg_reg[7]/Q
                         net (fo=8, routed)           0.132    -0.212    design_1_i/TGP_1/U0/v_cntr_reg_reg[7]
    SLICE_X33Y19         CARRY4 (Prop_carry4_S[3]_O[3])
                                                      0.108    -0.104 r  design_1_i/TGP_1/U0/v_cntr_reg_reg[4]_i_1/O[3]
                         net (fo=1, routed)           0.000    -0.104    design_1_i/TGP_1/U0/v_cntr_reg_reg[4]_i_1_n_4
    SLICE_X33Y19         FDRE                                         r  design_1_i/TGP_1/U0/v_cntr_reg_reg[7]/D
  -------------------------------------------------------------------    -------------------

                         (clock clk_out1_design_1_clk_wiz_0_0_1 rise edge)
                                                      0.000     0.000 r  
    H16                                               0.000     0.000 r  CLK_I (IN)
                         net (fo=0)                   0.000     0.000    design_1_i/clk_wiz_0/inst/clk_in1
    H16                  IBUF (Prop_ibuf_I_O)         0.413     0.413 r  design_1_i/clk_wiz_0/inst/clkin1_ibufg/O
                         net (fo=1, routed)           0.481     0.894    design_1_i/clk_wiz_0/inst/clk_in1_design_1_clk_wiz_0_0
    PLLE2_ADV_X0Y1       PLLE2_ADV (Prop_plle2_adv_CLKIN1_CLKOUT0)
                                                     -2.543    -1.649 r  design_1_i/clk_wiz_0/inst/plle2_adv_inst/CLKOUT0
                         net (fo=1, routed)           0.544    -1.105    design_1_i/clk_wiz_0/inst/clk_out1_design_1_clk_wiz_0_0
    BUFGCTRL_X0Y16       BUFG (Prop_bufg_I_O)         0.029    -1.076 r  design_1_i/clk_wiz_0/inst/clkout1_buf/O
                         net (fo=128, routed)         0.823    -0.253    design_1_i/TGP_1/U0/m00_axis_aclk
    SLICE_X33Y19         FDRE                                         r  design_1_i/TGP_1/U0/v_cntr_reg_reg[7]/C
                         clock pessimism             -0.233    -0.486    
    SLICE_X33Y19         FDRE (Hold_fdre_C_D)         0.105    -0.381    design_1_i/TGP_1/U0/v_cntr_reg_reg[7]
  -------------------------------------------------------------------
                         required time                          0.381    
                         arrival time                          -0.104    
  -------------------------------------------------------------------
                         slack                                  0.276    

Slack (MET) :             0.277ns  (arrival time - required time)
  Source:                 design_1_i/TGP_1/U0/h_cntr_reg_reg[11]/C
                            (rising edge-triggered cell FDRE clocked by clk_out1_design_1_clk_wiz_0_0_1  {rise@0.000ns fall@20.000ns period=40.000ns})
  Destination:            design_1_i/TGP_1/U0/h_cntr_reg_reg[11]/D
                            (rising edge-triggered cell FDRE clocked by clk_out1_design_1_clk_wiz_0_0_1  {rise@0.000ns fall@20.000ns period=40.000ns})
  Path Group:             clk_out1_design_1_clk_wiz_0_0_1
  Path Type:              Hold (Min at Fast Process Corner)
  Requirement:            0.000ns  (clk_out1_design_1_clk_wiz_0_0_1 rise@0.000ns - clk_out1_design_1_clk_wiz_0_0_1 rise@0.000ns)
  Data Path Delay:        0.382ns  (logic 0.249ns (65.268%)  route 0.133ns (34.732%))
  Logic Levels:           1  (CARRY4=1)
  Clock Path Skew:        0.000ns (DCD - SCD - CPR)
    Destination Clock Delay (DCD):    -0.230ns
    Source Clock Delay      (SCD):    -0.463ns
    Clock Pessimism Removal (CPR):    0.233ns

    Location             Delay type                Incr(ns)  Path(ns)    Netlist Resource(s)
  -------------------------------------------------------------------    -------------------
                         (clock clk_out1_design_1_clk_wiz_0_0_1 rise edge)
                                                      0.000     0.000 r  
    H16                                               0.000     0.000 r  CLK_I (IN)
                         net (fo=0)                   0.000     0.000    design_1_i/clk_wiz_0/inst/clk_in1
    H16                  IBUF (Prop_ibuf_I_O)         0.225     0.225 r  design_1_i/clk_wiz_0/inst/clkin1_ibufg/O
                         net (fo=1, routed)           0.440     0.665    design_1_i/clk_wiz_0/inst/clk_in1_design_1_clk_wiz_0_0
    PLLE2_ADV_X0Y1       PLLE2_ADV (Prop_plle2_adv_CLKIN1_CLKOUT0)
                                                     -2.231    -1.565 r  design_1_i/clk_wiz_0/inst/plle2_adv_inst/CLKOUT0
                         net (fo=1, routed)           0.497    -1.068    design_1_i/clk_wiz_0/inst/clk_out1_design_1_clk_wiz_0_0
    BUFGCTRL_X0Y16       BUFG (Prop_bufg_I_O)         0.026    -1.042 r  design_1_i/clk_wiz_0/inst/clkout1_buf/O
                         net (fo=128, routed)         0.580    -0.463    design_1_i/TGP_1/U0/m00_axis_aclk
    SLICE_X37Y26         FDRE                                         r  design_1_i/TGP_1/U0/h_cntr_reg_reg[11]/C
  -------------------------------------------------------------------    -------------------
    SLICE_X37Y26         FDRE (Prop_fdre_C_Q)         0.141    -0.322 r  design_1_i/TGP_1/U0/h_cntr_reg_reg[11]/Q
                         net (fo=8, routed)           0.133    -0.189    design_1_i/TGP_1/U0/h_cntr_reg_reg_n_0_[11]
    SLICE_X37Y26         CARRY4 (Prop_carry4_S[3]_O[3])
                                                      0.108    -0.081 r  design_1_i/TGP_1/U0/h_cntr_reg_reg[8]_i_1/O[3]
                         net (fo=1, routed)           0.000    -0.081    design_1_i/TGP_1/U0/h_cntr_reg_reg[8]_i_1_n_4
    SLICE_X37Y26         FDRE                                         r  design_1_i/TGP_1/U0/h_cntr_reg_reg[11]/D
  -------------------------------------------------------------------    -------------------

                         (clock clk_out1_design_1_clk_wiz_0_0_1 rise edge)
                                                      0.000     0.000 r  
    H16                                               0.000     0.000 r  CLK_I (IN)
                         net (fo=0)                   0.000     0.000    design_1_i/clk_wiz_0/inst/clk_in1
    H16                  IBUF (Prop_ibuf_I_O)         0.413     0.413 r  design_1_i/clk_wiz_0/inst/clkin1_ibufg/O
                         net (fo=1, routed)           0.481     0.894    design_1_i/clk_wiz_0/inst/clk_in1_design_1_clk_wiz_0_0
    PLLE2_ADV_X0Y1       PLLE2_ADV (Prop_plle2_adv_CLKIN1_CLKOUT0)
                                                     -2.543    -1.649 r  design_1_i/clk_wiz_0/inst/plle2_adv_inst/CLKOUT0
                         net (fo=1, routed)           0.544    -1.105    design_1_i/clk_wiz_0/inst/clk_out1_design_1_clk_wiz_0_0
    BUFGCTRL_X0Y16       BUFG (Prop_bufg_I_O)         0.029    -1.076 r  design_1_i/clk_wiz_0/inst/clkout1_buf/O
                         net (fo=128, routed)         0.846    -0.230    design_1_i/TGP_1/U0/m00_axis_aclk
    SLICE_X37Y26         FDRE                                         r  design_1_i/TGP_1/U0/h_cntr_reg_reg[11]/C
                         clock pessimism             -0.233    -0.463    
    SLICE_X37Y26         FDRE (Hold_fdre_C_D)         0.105    -0.358    design_1_i/TGP_1/U0/h_cntr_reg_reg[11]
  -------------------------------------------------------------------
                         required time                          0.358    
                         arrival time                          -0.081    
  -------------------------------------------------------------------
                         slack                                  0.277    





Pulse Width Checks
--------------------------------------------------------------------------------------
Clock Name:         clk_out1_design_1_clk_wiz_0_0_1
Waveform(ns):       { 0.000 20.000 }
Period(ns):         40.000
Sources:            { design_1_i/clk_wiz_0/inst/plle2_adv_inst/CLKOUT0 }

Check Type        Corner  Lib Pin            Reference Pin  Required(ns)  Actual(ns)  Slack(ns)  Location        Pin
Min Period        n/a     BUFG/I             n/a            2.155         40.000      37.845     BUFGCTRL_X0Y16  design_1_i/clk_wiz_0/inst/clkout1_buf/I
Min Period        n/a     PLLE2_ADV/CLKOUT0  n/a            1.249         40.000      38.751     PLLE2_ADV_X0Y1  design_1_i/clk_wiz_0/inst/plle2_adv_inst/CLKOUT0
Min Period        n/a     FDRE/C             n/a            1.000         40.000      39.000     SLICE_X42Y20    design_1_i/PMODVGA_0/U0/h_cntr_reg_reg[0]/C
Min Period        n/a     FDRE/C             n/a            1.000         40.000      39.000     SLICE_X42Y22    design_1_i/PMODVGA_0/U0/h_cntr_reg_reg[10]/C
Min Period        n/a     FDRE/C             n/a            1.000         40.000      39.000     SLICE_X42Y22    design_1_i/PMODVGA_0/U0/h_cntr_reg_reg[11]/C
Min Period        n/a     FDRE/C             n/a            1.000         40.000      39.000     SLICE_X42Y20    design_1_i/PMODVGA_0/U0/h_cntr_reg_reg[1]/C
Min Period        n/a     FDRE/C             n/a            1.000         40.000      39.000     SLICE_X42Y20    design_1_i/PMODVGA_0/U0/h_cntr_reg_reg[2]/C
Min Period        n/a     FDRE/C             n/a            1.000         40.000      39.000     SLICE_X42Y20    design_1_i/PMODVGA_0/U0/h_cntr_reg_reg[3]/C
Min Period        n/a     FDRE/C             n/a            1.000         40.000      39.000     SLICE_X42Y21    design_1_i/PMODVGA_0/U0/h_cntr_reg_reg[4]/C
Min Period        n/a     FDRE/C             n/a            1.000         40.000      39.000     SLICE_X42Y21    design_1_i/PMODVGA_0/U0/h_cntr_reg_reg[5]/C
Max Period        n/a     PLLE2_ADV/CLKOUT0  n/a            160.000       40.000      120.000    PLLE2_ADV_X0Y1  design_1_i/clk_wiz_0/inst/plle2_adv_inst/CLKOUT0
Low Pulse Width   Fast    FDRE/C             n/a            0.500         20.000      19.500     SLICE_X42Y20    design_1_i/PMODVGA_0/U0/h_cntr_reg_reg[0]/C
Low Pulse Width   Fast    FDRE/C             n/a            0.500         20.000      19.500     SLICE_X42Y20    design_1_i/PMODVGA_0/U0/h_cntr_reg_reg[1]/C
Low Pulse Width   Fast    FDRE/C             n/a            0.500         20.000      19.500     SLICE_X42Y20    design_1_i/PMODVGA_0/U0/h_cntr_reg_reg[2]/C
Low Pulse Width   Fast    FDRE/C             n/a            0.500         20.000      19.500     SLICE_X42Y20    design_1_i/PMODVGA_0/U0/h_cntr_reg_reg[3]/C
Low Pulse Width   Fast    FDRE/C             n/a            0.500         20.000      19.500     SLICE_X41Y29    design_1_i/PMODVGA_0/U0/v_cntr_reg_reg[0]/C
Low Pulse Width   Fast    FDRE/C             n/a            0.500         20.000      19.500     SLICE_X41Y31    design_1_i/PMODVGA_0/U0/v_cntr_reg_reg[10]/C
Low Pulse Width   Fast    FDRE/C             n/a            0.500         20.000      19.500     SLICE_X41Y31    design_1_i/PMODVGA_0/U0/v_cntr_reg_reg[11]/C
Low Pulse Width   Fast    FDRE/C             n/a            0.500         20.000      19.500     SLICE_X41Y29    design_1_i/PMODVGA_0/U0/v_cntr_reg_reg[1]/C
Low Pulse Width   Fast    FDRE/C             n/a            0.500         20.000      19.500     SLICE_X41Y29    design_1_i/PMODVGA_0/U0/v_cntr_reg_reg[2]/C
Low Pulse Width   Fast    FDRE/C             n/a            0.500         20.000      19.500     SLICE_X41Y29    design_1_i/PMODVGA_0/U0/v_cntr_reg_reg[3]/C
High Pulse Width  Slow    FDRE/C             n/a            0.500         20.000      19.500     SLICE_X36Y15    design_1_i/TGP_1/U0/box_cntr_reg_reg[1]/C
High Pulse Width  Slow    FDRE/C             n/a            0.500         20.000      19.500     SLICE_X36Y15    design_1_i/TGP_1/U0/box_cntr_reg_reg[2]/C
High Pulse Width  Slow    FDRE/C             n/a            0.500         20.000      19.500     SLICE_X36Y15    design_1_i/TGP_1/U0/box_cntr_reg_reg[3]/C
High Pulse Width  Slow    FDRE/C             n/a            0.500         20.000      19.500     SLICE_X36Y15    design_1_i/TGP_1/U0/box_cntr_reg_reg[0]/C
High Pulse Width  Slow    FDRE/C             n/a            0.500         20.000      19.500     SLICE_X42Y20    design_1_i/PMODVGA_0/U0/h_cntr_reg_reg[0]/C
High Pulse Width  Fast    FDRE/C             n/a            0.500         20.000      19.500     SLICE_X42Y20    design_1_i/PMODVGA_0/U0/h_cntr_reg_reg[0]/C
High Pulse Width  Slow    FDRE/C             n/a            0.500         20.000      19.500     SLICE_X42Y22    design_1_i/PMODVGA_0/U0/h_cntr_reg_reg[10]/C
High Pulse Width  Fast    FDRE/C             n/a            0.500         20.000      19.500     SLICE_X42Y22    design_1_i/PMODVGA_0/U0/h_cntr_reg_reg[10]/C
High Pulse Width  Slow    FDRE/C             n/a            0.500         20.000      19.500     SLICE_X42Y22    design_1_i/PMODVGA_0/U0/h_cntr_reg_reg[11]/C
High Pulse Width  Fast    FDRE/C             n/a            0.500         20.000      19.500     SLICE_X42Y22    design_1_i/PMODVGA_0/U0/h_cntr_reg_reg[11]/C



---------------------------------------------------------------------------------------------------
From Clock:  clkfbout_design_1_clk_wiz_0_0_1
  To Clock:  clkfbout_design_1_clk_wiz_0_0_1

Setup :           NA  Failing Endpoints,  Worst Slack           NA  ,  Total Violation           NA
Hold  :           NA  Failing Endpoints,  Worst Slack           NA  ,  Total Violation           NA
PW    :            0  Failing Endpoints,  Worst Slack       12.633ns,  Total Violation        0.000ns
---------------------------------------------------------------------------------------------------


Pulse Width Checks
--------------------------------------------------------------------------------------
Clock Name:         clkfbout_design_1_clk_wiz_0_0_1
Waveform(ns):       { 0.000 20.000 }
Period(ns):         40.000
Sources:            { design_1_i/clk_wiz_0/inst/plle2_adv_inst/CLKFBOUT }

Check Type  Corner  Lib Pin             Reference Pin  Required(ns)  Actual(ns)  Slack(ns)  Location        Pin
Min Period  n/a     BUFG/I              n/a            2.155         40.000      37.845     BUFGCTRL_X0Y17  design_1_i/clk_wiz_0/inst/clkf_buf/I
Min Period  n/a     PLLE2_ADV/CLKFBOUT  n/a            1.249         40.000      38.751     PLLE2_ADV_X0Y1  design_1_i/clk_wiz_0/inst/plle2_adv_inst/CLKFBOUT
Min Period  n/a     PLLE2_ADV/CLKFBIN   n/a            1.249         40.000      38.751     PLLE2_ADV_X0Y1  design_1_i/clk_wiz_0/inst/plle2_adv_inst/CLKFBIN
Max Period  n/a     PLLE2_ADV/CLKFBIN   n/a            52.633        40.000      12.633     PLLE2_ADV_X0Y1  design_1_i/clk_wiz_0/inst/plle2_adv_inst/CLKFBIN
Max Period  n/a     PLLE2_ADV/CLKFBOUT  n/a            160.000       40.000      120.000    PLLE2_ADV_X0Y1  design_1_i/clk_wiz_0/inst/plle2_adv_inst/CLKFBOUT



---------------------------------------------------------------------------------------------------
From Clock:  clk_out1_design_1_clk_wiz_0_0_1
  To Clock:  clk_out1_design_1_clk_wiz_0_0

Setup :            0  Failing Endpoints,  Worst Slack       33.574ns,  Total Violation        0.000ns
Hold  :            0  Failing Endpoints,  Worst Slack        0.036ns,  Total Violation        0.000ns
---------------------------------------------------------------------------------------------------


Max Delay Paths
--------------------------------------------------------------------------------------
Slack (MET) :             33.574ns  (required time - arrival time)
  Source:                 design_1_i/TGP_1/U0/h_cntr_reg_reg[1]/C
                            (rising edge-triggered cell FDRE clocked by clk_out1_design_1_clk_wiz_0_0_1  {rise@0.000ns fall@20.000ns period=40.000ns})
  Destination:            design_1_i/TGP_1/U0/v_cntr_reg_reg[0]/R
                            (rising edge-triggered cell FDRE clocked by clk_out1_design_1_clk_wiz_0_0  {rise@0.000ns fall@20.000ns period=40.000ns})
  Path Group:             clk_out1_design_1_clk_wiz_0_0
  Path Type:              Setup (Max at Slow Process Corner)
  Requirement:            40.000ns  (clk_out1_design_1_clk_wiz_0_0 rise@40.000ns - clk_out1_design_1_clk_wiz_0_0_1 rise@0.000ns)
  Data Path Delay:        5.694ns  (logic 0.828ns (14.541%)  route 4.866ns (85.459%))
  Logic Levels:           3  (LUT4=1 LUT6=2)
  Clock Path Skew:        -0.127ns (DCD - SCD + CPR)
    Destination Clock Delay (DCD):    -1.891ns = ( 38.109 - 40.000 ) 
    Source Clock Delay      (SCD):    -2.166ns
    Clock Pessimism Removal (CPR):    -0.402ns
  Clock Uncertainty:      0.176ns  ((TSJ^2 + DJ^2)^1/2) / 2 + PE
    Total System Jitter     (TSJ):    0.071ns
    Discrete Jitter          (DJ):    0.345ns
    Phase Error              (PE):    0.000ns
  Clock Domain Crossing:  Inter clock paths are considered valid unless explicitly excluded by timing constraints such as set_clock_groups or set_false_path.

    Location             Delay type                Incr(ns)  Path(ns)    Netlist Resource(s)
  -------------------------------------------------------------------    -------------------
                         (clock clk_out1_design_1_clk_wiz_0_0_1 rise edge)
                                                      0.000     0.000 r  
    H16                                               0.000     0.000 r  CLK_I (IN)
                         net (fo=0)                   0.000     0.000    design_1_i/clk_wiz_0/inst/clk_in1
    H16                  IBUF (Prop_ibuf_I_O)         1.457     1.457 r  design_1_i/clk_wiz_0/inst/clkin1_ibufg/O
                         net (fo=1, routed)           1.306     2.763    design_1_i/clk_wiz_0/inst/clk_in1_design_1_clk_wiz_0_0
    PLLE2_ADV_X0Y1       PLLE2_ADV (Prop_plle2_adv_CLKIN1_CLKOUT0)
                                                     -8.519    -5.756 r  design_1_i/clk_wiz_0/inst/plle2_adv_inst/CLKOUT0
                         net (fo=1, routed)           1.754    -4.002    design_1_i/clk_wiz_0/inst/clk_out1_design_1_clk_wiz_0_0
    BUFGCTRL_X0Y16       BUFG (Prop_bufg_I_O)         0.101    -3.901 r  design_1_i/clk_wiz_0/inst/clkout1_buf/O
                         net (fo=128, routed)         1.735    -2.166    design_1_i/TGP_1/U0/m00_axis_aclk
    SLICE_X37Y24         FDRE                                         r  design_1_i/TGP_1/U0/h_cntr_reg_reg[1]/C
  -------------------------------------------------------------------    -------------------
    SLICE_X37Y24         FDRE (Prop_fdre_C_Q)         0.456    -1.710 r  design_1_i/TGP_1/U0/h_cntr_reg_reg[1]/Q
                         net (fo=6, routed)           1.181    -0.528    design_1_i/TGP_1/U0/h_cntr_reg_reg_n_0_[1]
    SLICE_X39Y26         LUT4 (Prop_lut4_I3_O)        0.124    -0.404 f  design_1_i/TGP_1/U0/h_cntr_reg[0]_i_3/O
                         net (fo=1, routed)           0.985     0.581    design_1_i/TGP_1/U0/h_cntr_reg[0]_i_3_n_0
    SLICE_X39Y26         LUT6 (Prop_lut6_I4_O)        0.124     0.705 r  design_1_i/TGP_1/U0/h_cntr_reg[0]_i_1/O
                         net (fo=25, routed)          2.049     2.754    design_1_i/TGP_1/U0/eqOp1_in
    SLICE_X33Y21         LUT6 (Prop_lut6_I0_O)        0.124     2.878 r  design_1_i/TGP_1/U0/v_cntr_reg[0]_i_1/O
                         net (fo=12, routed)          0.650     3.528    design_1_i/TGP_1/U0/v_cntr_reg0
    SLICE_X33Y18         FDRE                                         r  design_1_i/TGP_1/U0/v_cntr_reg_reg[0]/R
  -------------------------------------------------------------------    -------------------

                         (clock clk_out1_design_1_clk_wiz_0_0 rise edge)
                                                     40.000    40.000 r  
    H16                                               0.000    40.000 r  CLK_I (IN)
                         net (fo=0)                   0.000    40.000    design_1_i/clk_wiz_0/inst/clk_in1
    H16                  IBUF (Prop_ibuf_I_O)         1.387    41.387 r  design_1_i/clk_wiz_0/inst/clkin1_ibufg/O
                         net (fo=1, routed)           1.181    42.568    design_1_i/clk_wiz_0/inst/clk_in1_design_1_clk_wiz_0_0
    PLLE2_ADV_X0Y1       PLLE2_ADV (Prop_plle2_adv_CLKIN1_CLKOUT0)
                                                     -7.637    34.931 r  design_1_i/clk_wiz_0/inst/plle2_adv_inst/CLKOUT0
                         net (fo=1, routed)           1.594    36.525    design_1_i/clk_wiz_0/inst/clk_out1_design_1_clk_wiz_0_0
    BUFGCTRL_X0Y16       BUFG (Prop_bufg_I_O)         0.091    36.616 r  design_1_i/clk_wiz_0/inst/clkout1_buf/O
                         net (fo=128, routed)         1.493    38.109    design_1_i/TGP_1/U0/m00_axis_aclk
    SLICE_X33Y18         FDRE                                         r  design_1_i/TGP_1/U0/v_cntr_reg_reg[0]/C
                         clock pessimism             -0.402    37.707    
                         clock uncertainty           -0.176    37.531    
    SLICE_X33Y18         FDRE (Setup_fdre_C_R)       -0.429    37.102    design_1_i/TGP_1/U0/v_cntr_reg_reg[0]
  -------------------------------------------------------------------
                         required time                         37.102    
                         arrival time                          -3.528    
  -------------------------------------------------------------------
                         slack                                 33.574    

Slack (MET) :             33.574ns  (required time - arrival time)
  Source:                 design_1_i/TGP_1/U0/h_cntr_reg_reg[1]/C
                            (rising edge-triggered cell FDRE clocked by clk_out1_design_1_clk_wiz_0_0_1  {rise@0.000ns fall@20.000ns period=40.000ns})
  Destination:            design_1_i/TGP_1/U0/v_cntr_reg_reg[1]/R
                            (rising edge-triggered cell FDRE clocked by clk_out1_design_1_clk_wiz_0_0  {rise@0.000ns fall@20.000ns period=40.000ns})
  Path Group:             clk_out1_design_1_clk_wiz_0_0
  Path Type:              Setup (Max at Slow Process Corner)
  Requirement:            40.000ns  (clk_out1_design_1_clk_wiz_0_0 rise@40.000ns - clk_out1_design_1_clk_wiz_0_0_1 rise@0.000ns)
  Data Path Delay:        5.694ns  (logic 0.828ns (14.541%)  route 4.866ns (85.459%))
  Logic Levels:           3  (LUT4=1 LUT6=2)
  Clock Path Skew:        -0.127ns (DCD - SCD + CPR)
    Destination Clock Delay (DCD):    -1.891ns = ( 38.109 - 40.000 ) 
    Source Clock Delay      (SCD):    -2.166ns
    Clock Pessimism Removal (CPR):    -0.402ns
  Clock Uncertainty:      0.176ns  ((TSJ^2 + DJ^2)^1/2) / 2 + PE
    Total System Jitter     (TSJ):    0.071ns
    Discrete Jitter          (DJ):    0.345ns
    Phase Error              (PE):    0.000ns
  Clock Domain Crossing:  Inter clock paths are considered valid unless explicitly excluded by timing constraints such as set_clock_groups or set_false_path.

    Location             Delay type                Incr(ns)  Path(ns)    Netlist Resource(s)
  -------------------------------------------------------------------    -------------------
                         (clock clk_out1_design_1_clk_wiz_0_0_1 rise edge)
                                                      0.000     0.000 r  
    H16                                               0.000     0.000 r  CLK_I (IN)
                         net (fo=0)                   0.000     0.000    design_1_i/clk_wiz_0/inst/clk_in1
    H16                  IBUF (Prop_ibuf_I_O)         1.457     1.457 r  design_1_i/clk_wiz_0/inst/clkin1_ibufg/O
                         net (fo=1, routed)           1.306     2.763    design_1_i/clk_wiz_0/inst/clk_in1_design_1_clk_wiz_0_0
    PLLE2_ADV_X0Y1       PLLE2_ADV (Prop_plle2_adv_CLKIN1_CLKOUT0)
                                                     -8.519    -5.756 r  design_1_i/clk_wiz_0/inst/plle2_adv_inst/CLKOUT0
                         net (fo=1, routed)           1.754    -4.002    design_1_i/clk_wiz_0/inst/clk_out1_design_1_clk_wiz_0_0
    BUFGCTRL_X0Y16       BUFG (Prop_bufg_I_O)         0.101    -3.901 r  design_1_i/clk_wiz_0/inst/clkout1_buf/O
                         net (fo=128, routed)         1.735    -2.166    design_1_i/TGP_1/U0/m00_axis_aclk
    SLICE_X37Y24         FDRE                                         r  design_1_i/TGP_1/U0/h_cntr_reg_reg[1]/C
  -------------------------------------------------------------------    -------------------
    SLICE_X37Y24         FDRE (Prop_fdre_C_Q)         0.456    -1.710 r  design_1_i/TGP_1/U0/h_cntr_reg_reg[1]/Q
                         net (fo=6, routed)           1.181    -0.528    design_1_i/TGP_1/U0/h_cntr_reg_reg_n_0_[1]
    SLICE_X39Y26         LUT4 (Prop_lut4_I3_O)        0.124    -0.404 f  design_1_i/TGP_1/U0/h_cntr_reg[0]_i_3/O
                         net (fo=1, routed)           0.985     0.581    design_1_i/TGP_1/U0/h_cntr_reg[0]_i_3_n_0
    SLICE_X39Y26         LUT6 (Prop_lut6_I4_O)        0.124     0.705 r  design_1_i/TGP_1/U0/h_cntr_reg[0]_i_1/O
                         net (fo=25, routed)          2.049     2.754    design_1_i/TGP_1/U0/eqOp1_in
    SLICE_X33Y21         LUT6 (Prop_lut6_I0_O)        0.124     2.878 r  design_1_i/TGP_1/U0/v_cntr_reg[0]_i_1/O
                         net (fo=12, routed)          0.650     3.528    design_1_i/TGP_1/U0/v_cntr_reg0
    SLICE_X33Y18         FDRE                                         r  design_1_i/TGP_1/U0/v_cntr_reg_reg[1]/R
  -------------------------------------------------------------------    -------------------

                         (clock clk_out1_design_1_clk_wiz_0_0 rise edge)
                                                     40.000    40.000 r  
    H16                                               0.000    40.000 r  CLK_I (IN)
                         net (fo=0)                   0.000    40.000    design_1_i/clk_wiz_0/inst/clk_in1
    H16                  IBUF (Prop_ibuf_I_O)         1.387    41.387 r  design_1_i/clk_wiz_0/inst/clkin1_ibufg/O
                         net (fo=1, routed)           1.181    42.568    design_1_i/clk_wiz_0/inst/clk_in1_design_1_clk_wiz_0_0
    PLLE2_ADV_X0Y1       PLLE2_ADV (Prop_plle2_adv_CLKIN1_CLKOUT0)
                                                     -7.637    34.931 r  design_1_i/clk_wiz_0/inst/plle2_adv_inst/CLKOUT0
                         net (fo=1, routed)           1.594    36.525    design_1_i/clk_wiz_0/inst/clk_out1_design_1_clk_wiz_0_0
    BUFGCTRL_X0Y16       BUFG (Prop_bufg_I_O)         0.091    36.616 r  design_1_i/clk_wiz_0/inst/clkout1_buf/O
                         net (fo=128, routed)         1.493    38.109    design_1_i/TGP_1/U0/m00_axis_aclk
    SLICE_X33Y18         FDRE                                         r  design_1_i/TGP_1/U0/v_cntr_reg_reg[1]/C
                         clock pessimism             -0.402    37.707    
                         clock uncertainty           -0.176    37.531    
    SLICE_X33Y18         FDRE (Setup_fdre_C_R)       -0.429    37.102    design_1_i/TGP_1/U0/v_cntr_reg_reg[1]
  -------------------------------------------------------------------
                         required time                         37.102    
                         arrival time                          -3.528    
  -------------------------------------------------------------------
                         slack                                 33.574    

Slack (MET) :             33.574ns  (required time - arrival time)
  Source:                 design_1_i/TGP_1/U0/h_cntr_reg_reg[1]/C
                            (rising edge-triggered cell FDRE clocked by clk_out1_design_1_clk_wiz_0_0_1  {rise@0.000ns fall@20.000ns period=40.000ns})
  Destination:            design_1_i/TGP_1/U0/v_cntr_reg_reg[2]/R
                            (rising edge-triggered cell FDRE clocked by clk_out1_design_1_clk_wiz_0_0  {rise@0.000ns fall@20.000ns period=40.000ns})
  Path Group:             clk_out1_design_1_clk_wiz_0_0
  Path Type:              Setup (Max at Slow Process Corner)
  Requirement:            40.000ns  (clk_out1_design_1_clk_wiz_0_0 rise@40.000ns - clk_out1_design_1_clk_wiz_0_0_1 rise@0.000ns)
  Data Path Delay:        5.694ns  (logic 0.828ns (14.541%)  route 4.866ns (85.459%))
  Logic Levels:           3  (LUT4=1 LUT6=2)
  Clock Path Skew:        -0.127ns (DCD - SCD + CPR)
    Destination Clock Delay (DCD):    -1.891ns = ( 38.109 - 40.000 ) 
    Source Clock Delay      (SCD):    -2.166ns
    Clock Pessimism Removal (CPR):    -0.402ns
  Clock Uncertainty:      0.176ns  ((TSJ^2 + DJ^2)^1/2) / 2 + PE
    Total System Jitter     (TSJ):    0.071ns
    Discrete Jitter          (DJ):    0.345ns
    Phase Error              (PE):    0.000ns
  Clock Domain Crossing:  Inter clock paths are considered valid unless explicitly excluded by timing constraints such as set_clock_groups or set_false_path.

    Location             Delay type                Incr(ns)  Path(ns)    Netlist Resource(s)
  -------------------------------------------------------------------    -------------------
                         (clock clk_out1_design_1_clk_wiz_0_0_1 rise edge)
                                                      0.000     0.000 r  
    H16                                               0.000     0.000 r  CLK_I (IN)
                         net (fo=0)                   0.000     0.000    design_1_i/clk_wiz_0/inst/clk_in1
    H16                  IBUF (Prop_ibuf_I_O)         1.457     1.457 r  design_1_i/clk_wiz_0/inst/clkin1_ibufg/O
                         net (fo=1, routed)           1.306     2.763    design_1_i/clk_wiz_0/inst/clk_in1_design_1_clk_wiz_0_0
    PLLE2_ADV_X0Y1       PLLE2_ADV (Prop_plle2_adv_CLKIN1_CLKOUT0)
                                                     -8.519    -5.756 r  design_1_i/clk_wiz_0/inst/plle2_adv_inst/CLKOUT0
                         net (fo=1, routed)           1.754    -4.002    design_1_i/clk_wiz_0/inst/clk_out1_design_1_clk_wiz_0_0
    BUFGCTRL_X0Y16       BUFG (Prop_bufg_I_O)         0.101    -3.901 r  design_1_i/clk_wiz_0/inst/clkout1_buf/O
                         net (fo=128, routed)         1.735    -2.166    design_1_i/TGP_1/U0/m00_axis_aclk
    SLICE_X37Y24         FDRE                                         r  design_1_i/TGP_1/U0/h_cntr_reg_reg[1]/C
  -------------------------------------------------------------------    -------------------
    SLICE_X37Y24         FDRE (Prop_fdre_C_Q)         0.456    -1.710 r  design_1_i/TGP_1/U0/h_cntr_reg_reg[1]/Q
                         net (fo=6, routed)           1.181    -0.528    design_1_i/TGP_1/U0/h_cntr_reg_reg_n_0_[1]
    SLICE_X39Y26         LUT4 (Prop_lut4_I3_O)        0.124    -0.404 f  design_1_i/TGP_1/U0/h_cntr_reg[0]_i_3/O
                         net (fo=1, routed)           0.985     0.581    design_1_i/TGP_1/U0/h_cntr_reg[0]_i_3_n_0
    SLICE_X39Y26         LUT6 (Prop_lut6_I4_O)        0.124     0.705 r  design_1_i/TGP_1/U0/h_cntr_reg[0]_i_1/O
                         net (fo=25, routed)          2.049     2.754    design_1_i/TGP_1/U0/eqOp1_in
    SLICE_X33Y21         LUT6 (Prop_lut6_I0_O)        0.124     2.878 r  design_1_i/TGP_1/U0/v_cntr_reg[0]_i_1/O
                         net (fo=12, routed)          0.650     3.528    design_1_i/TGP_1/U0/v_cntr_reg0
    SLICE_X33Y18         FDRE                                         r  design_1_i/TGP_1/U0/v_cntr_reg_reg[2]/R
  -------------------------------------------------------------------    -------------------

                         (clock clk_out1_design_1_clk_wiz_0_0 rise edge)
                                                     40.000    40.000 r  
    H16                                               0.000    40.000 r  CLK_I (IN)
                         net (fo=0)                   0.000    40.000    design_1_i/clk_wiz_0/inst/clk_in1
    H16                  IBUF (Prop_ibuf_I_O)         1.387    41.387 r  design_1_i/clk_wiz_0/inst/clkin1_ibufg/O
                         net (fo=1, routed)           1.181    42.568    design_1_i/clk_wiz_0/inst/clk_in1_design_1_clk_wiz_0_0
    PLLE2_ADV_X0Y1       PLLE2_ADV (Prop_plle2_adv_CLKIN1_CLKOUT0)
                                                     -7.637    34.931 r  design_1_i/clk_wiz_0/inst/plle2_adv_inst/CLKOUT0
                         net (fo=1, routed)           1.594    36.525    design_1_i/clk_wiz_0/inst/clk_out1_design_1_clk_wiz_0_0
    BUFGCTRL_X0Y16       BUFG (Prop_bufg_I_O)         0.091    36.616 r  design_1_i/clk_wiz_0/inst/clkout1_buf/O
                         net (fo=128, routed)         1.493    38.109    design_1_i/TGP_1/U0/m00_axis_aclk
    SLICE_X33Y18         FDRE                                         r  design_1_i/TGP_1/U0/v_cntr_reg_reg[2]/C
                         clock pessimism             -0.402    37.707    
                         clock uncertainty           -0.176    37.531    
    SLICE_X33Y18         FDRE (Setup_fdre_C_R)       -0.429    37.102    design_1_i/TGP_1/U0/v_cntr_reg_reg[2]
  -------------------------------------------------------------------
                         required time                         37.102    
                         arrival time                          -3.528    
  -------------------------------------------------------------------
                         slack                                 33.574    

Slack (MET) :             33.574ns  (required time - arrival time)
  Source:                 design_1_i/TGP_1/U0/h_cntr_reg_reg[1]/C
                            (rising edge-triggered cell FDRE clocked by clk_out1_design_1_clk_wiz_0_0_1  {rise@0.000ns fall@20.000ns period=40.000ns})
  Destination:            design_1_i/TGP_1/U0/v_cntr_reg_reg[3]/R
                            (rising edge-triggered cell FDRE clocked by clk_out1_design_1_clk_wiz_0_0  {rise@0.000ns fall@20.000ns period=40.000ns})
  Path Group:             clk_out1_design_1_clk_wiz_0_0
  Path Type:              Setup (Max at Slow Process Corner)
  Requirement:            40.000ns  (clk_out1_design_1_clk_wiz_0_0 rise@40.000ns - clk_out1_design_1_clk_wiz_0_0_1 rise@0.000ns)
  Data Path Delay:        5.694ns  (logic 0.828ns (14.541%)  route 4.866ns (85.459%))
  Logic Levels:           3  (LUT4=1 LUT6=2)
  Clock Path Skew:        -0.127ns (DCD - SCD + CPR)
    Destination Clock Delay (DCD):    -1.891ns = ( 38.109 - 40.000 ) 
    Source Clock Delay      (SCD):    -2.166ns
    Clock Pessimism Removal (CPR):    -0.402ns
  Clock Uncertainty:      0.176ns  ((TSJ^2 + DJ^2)^1/2) / 2 + PE
    Total System Jitter     (TSJ):    0.071ns
    Discrete Jitter          (DJ):    0.345ns
    Phase Error              (PE):    0.000ns
  Clock Domain Crossing:  Inter clock paths are considered valid unless explicitly excluded by timing constraints such as set_clock_groups or set_false_path.

    Location             Delay type                Incr(ns)  Path(ns)    Netlist Resource(s)
  -------------------------------------------------------------------    -------------------
                         (clock clk_out1_design_1_clk_wiz_0_0_1 rise edge)
                                                      0.000     0.000 r  
    H16                                               0.000     0.000 r  CLK_I (IN)
                         net (fo=0)                   0.000     0.000    design_1_i/clk_wiz_0/inst/clk_in1
    H16                  IBUF (Prop_ibuf_I_O)         1.457     1.457 r  design_1_i/clk_wiz_0/inst/clkin1_ibufg/O
                         net (fo=1, routed)           1.306     2.763    design_1_i/clk_wiz_0/inst/clk_in1_design_1_clk_wiz_0_0
    PLLE2_ADV_X0Y1       PLLE2_ADV (Prop_plle2_adv_CLKIN1_CLKOUT0)
                                                     -8.519    -5.756 r  design_1_i/clk_wiz_0/inst/plle2_adv_inst/CLKOUT0
                         net (fo=1, routed)           1.754    -4.002    design_1_i/clk_wiz_0/inst/clk_out1_design_1_clk_wiz_0_0
    BUFGCTRL_X0Y16       BUFG (Prop_bufg_I_O)         0.101    -3.901 r  design_1_i/clk_wiz_0/inst/clkout1_buf/O
                         net (fo=128, routed)         1.735    -2.166    design_1_i/TGP_1/U0/m00_axis_aclk
    SLICE_X37Y24         FDRE                                         r  design_1_i/TGP_1/U0/h_cntr_reg_reg[1]/C
  -------------------------------------------------------------------    -------------------
    SLICE_X37Y24         FDRE (Prop_fdre_C_Q)         0.456    -1.710 r  design_1_i/TGP_1/U0/h_cntr_reg_reg[1]/Q
                         net (fo=6, routed)           1.181    -0.528    design_1_i/TGP_1/U0/h_cntr_reg_reg_n_0_[1]
    SLICE_X39Y26         LUT4 (Prop_lut4_I3_O)        0.124    -0.404 f  design_1_i/TGP_1/U0/h_cntr_reg[0]_i_3/O
                         net (fo=1, routed)           0.985     0.581    design_1_i/TGP_1/U0/h_cntr_reg[0]_i_3_n_0
    SLICE_X39Y26         LUT6 (Prop_lut6_I4_O)        0.124     0.705 r  design_1_i/TGP_1/U0/h_cntr_reg[0]_i_1/O
                         net (fo=25, routed)          2.049     2.754    design_1_i/TGP_1/U0/eqOp1_in
    SLICE_X33Y21         LUT6 (Prop_lut6_I0_O)        0.124     2.878 r  design_1_i/TGP_1/U0/v_cntr_reg[0]_i_1/O
                         net (fo=12, routed)          0.650     3.528    design_1_i/TGP_1/U0/v_cntr_reg0
    SLICE_X33Y18         FDRE                                         r  design_1_i/TGP_1/U0/v_cntr_reg_reg[3]/R
  -------------------------------------------------------------------    -------------------

                         (clock clk_out1_design_1_clk_wiz_0_0 rise edge)
                                                     40.000    40.000 r  
    H16                                               0.000    40.000 r  CLK_I (IN)
                         net (fo=0)                   0.000    40.000    design_1_i/clk_wiz_0/inst/clk_in1
    H16                  IBUF (Prop_ibuf_I_O)         1.387    41.387 r  design_1_i/clk_wiz_0/inst/clkin1_ibufg/O
                         net (fo=1, routed)           1.181    42.568    design_1_i/clk_wiz_0/inst/clk_in1_design_1_clk_wiz_0_0
    PLLE2_ADV_X0Y1       PLLE2_ADV (Prop_plle2_adv_CLKIN1_CLKOUT0)
                                                     -7.637    34.931 r  design_1_i/clk_wiz_0/inst/plle2_adv_inst/CLKOUT0
                         net (fo=1, routed)           1.594    36.525    design_1_i/clk_wiz_0/inst/clk_out1_design_1_clk_wiz_0_0
    BUFGCTRL_X0Y16       BUFG (Prop_bufg_I_O)         0.091    36.616 r  design_1_i/clk_wiz_0/inst/clkout1_buf/O
                         net (fo=128, routed)         1.493    38.109    design_1_i/TGP_1/U0/m00_axis_aclk
    SLICE_X33Y18         FDRE                                         r  design_1_i/TGP_1/U0/v_cntr_reg_reg[3]/C
                         clock pessimism             -0.402    37.707    
                         clock uncertainty           -0.176    37.531    
    SLICE_X33Y18         FDRE (Setup_fdre_C_R)       -0.429    37.102    design_1_i/TGP_1/U0/v_cntr_reg_reg[3]
  -------------------------------------------------------------------
                         required time                         37.102    
                         arrival time                          -3.528    
  -------------------------------------------------------------------
                         slack                                 33.574    

Slack (MET) :             33.636ns  (required time - arrival time)
  Source:                 design_1_i/TGP_1/U0/h_cntr_reg_reg[1]/C
                            (rising edge-triggered cell FDRE clocked by clk_out1_design_1_clk_wiz_0_0_1  {rise@0.000ns fall@20.000ns period=40.000ns})
  Destination:            design_1_i/TGP_1/U0/v_cntr_reg_reg[10]/R
                            (rising edge-triggered cell FDRE clocked by clk_out1_design_1_clk_wiz_0_0  {rise@0.000ns fall@20.000ns period=40.000ns})
  Path Group:             clk_out1_design_1_clk_wiz_0_0
  Path Type:              Setup (Max at Slow Process Corner)
  Requirement:            40.000ns  (clk_out1_design_1_clk_wiz_0_0 rise@40.000ns - clk_out1_design_1_clk_wiz_0_0_1 rise@0.000ns)
  Data Path Delay:        5.631ns  (logic 0.828ns (14.705%)  route 4.803ns (85.295%))
  Logic Levels:           3  (LUT4=1 LUT6=2)
  Clock Path Skew:        -0.128ns (DCD - SCD + CPR)
    Destination Clock Delay (DCD):    -1.892ns = ( 38.108 - 40.000 ) 
    Source Clock Delay      (SCD):    -2.166ns
    Clock Pessimism Removal (CPR):    -0.402ns
  Clock Uncertainty:      0.176ns  ((TSJ^2 + DJ^2)^1/2) / 2 + PE
    Total System Jitter     (TSJ):    0.071ns
    Discrete Jitter          (DJ):    0.345ns
    Phase Error              (PE):    0.000ns
  Clock Domain Crossing:  Inter clock paths are considered valid unless explicitly excluded by timing constraints such as set_clock_groups or set_false_path.

    Location             Delay type                Incr(ns)  Path(ns)    Netlist Resource(s)
  -------------------------------------------------------------------    -------------------
                         (clock clk_out1_design_1_clk_wiz_0_0_1 rise edge)
                                                      0.000     0.000 r  
    H16                                               0.000     0.000 r  CLK_I (IN)
                         net (fo=0)                   0.000     0.000    design_1_i/clk_wiz_0/inst/clk_in1
    H16                  IBUF (Prop_ibuf_I_O)         1.457     1.457 r  design_1_i/clk_wiz_0/inst/clkin1_ibufg/O
                         net (fo=1, routed)           1.306     2.763    design_1_i/clk_wiz_0/inst/clk_in1_design_1_clk_wiz_0_0
    PLLE2_ADV_X0Y1       PLLE2_ADV (Prop_plle2_adv_CLKIN1_CLKOUT0)
                                                     -8.519    -5.756 r  design_1_i/clk_wiz_0/inst/plle2_adv_inst/CLKOUT0
                         net (fo=1, routed)           1.754    -4.002    design_1_i/clk_wiz_0/inst/clk_out1_design_1_clk_wiz_0_0
    BUFGCTRL_X0Y16       BUFG (Prop_bufg_I_O)         0.101    -3.901 r  design_1_i/clk_wiz_0/inst/clkout1_buf/O
                         net (fo=128, routed)         1.735    -2.166    design_1_i/TGP_1/U0/m00_axis_aclk
    SLICE_X37Y24         FDRE                                         r  design_1_i/TGP_1/U0/h_cntr_reg_reg[1]/C
  -------------------------------------------------------------------    -------------------
    SLICE_X37Y24         FDRE (Prop_fdre_C_Q)         0.456    -1.710 r  design_1_i/TGP_1/U0/h_cntr_reg_reg[1]/Q
                         net (fo=6, routed)           1.181    -0.528    design_1_i/TGP_1/U0/h_cntr_reg_reg_n_0_[1]
    SLICE_X39Y26         LUT4 (Prop_lut4_I3_O)        0.124    -0.404 f  design_1_i/TGP_1/U0/h_cntr_reg[0]_i_3/O
                         net (fo=1, routed)           0.985     0.581    design_1_i/TGP_1/U0/h_cntr_reg[0]_i_3_n_0
    SLICE_X39Y26         LUT6 (Prop_lut6_I4_O)        0.124     0.705 r  design_1_i/TGP_1/U0/h_cntr_reg[0]_i_1/O
                         net (fo=25, routed)          2.049     2.754    design_1_i/TGP_1/U0/eqOp1_in
    SLICE_X33Y21         LUT6 (Prop_lut6_I0_O)        0.124     2.878 r  design_1_i/TGP_1/U0/v_cntr_reg[0]_i_1/O
                         net (fo=12, routed)          0.587     3.465    design_1_i/TGP_1/U0/v_cntr_reg0
    SLICE_X33Y20         FDRE                                         r  design_1_i/TGP_1/U0/v_cntr_reg_reg[10]/R
  -------------------------------------------------------------------    -------------------

                         (clock clk_out1_design_1_clk_wiz_0_0 rise edge)
                                                     40.000    40.000 r  
    H16                                               0.000    40.000 r  CLK_I (IN)
                         net (fo=0)                   0.000    40.000    design_1_i/clk_wiz_0/inst/clk_in1
    H16                  IBUF (Prop_ibuf_I_O)         1.387    41.387 r  design_1_i/clk_wiz_0/inst/clkin1_ibufg/O
                         net (fo=1, routed)           1.181    42.568    design_1_i/clk_wiz_0/inst/clk_in1_design_1_clk_wiz_0_0
    PLLE2_ADV_X0Y1       PLLE2_ADV (Prop_plle2_adv_CLKIN1_CLKOUT0)
                                                     -7.637    34.931 r  design_1_i/clk_wiz_0/inst/plle2_adv_inst/CLKOUT0
                         net (fo=1, routed)           1.594    36.525    design_1_i/clk_wiz_0/inst/clk_out1_design_1_clk_wiz_0_0
    BUFGCTRL_X0Y16       BUFG (Prop_bufg_I_O)         0.091    36.616 r  design_1_i/clk_wiz_0/inst/clkout1_buf/O
                         net (fo=128, routed)         1.492    38.108    design_1_i/TGP_1/U0/m00_axis_aclk
    SLICE_X33Y20         FDRE                                         r  design_1_i/TGP_1/U0/v_cntr_reg_reg[10]/C
                         clock pessimism             -0.402    37.706    
                         clock uncertainty           -0.176    37.530    
    SLICE_X33Y20         FDRE (Setup_fdre_C_R)       -0.429    37.101    design_1_i/TGP_1/U0/v_cntr_reg_reg[10]
  -------------------------------------------------------------------
                         required time                         37.101    
                         arrival time                          -3.465    
  -------------------------------------------------------------------
                         slack                                 33.636    

Slack (MET) :             33.636ns  (required time - arrival time)
  Source:                 design_1_i/TGP_1/U0/h_cntr_reg_reg[1]/C
                            (rising edge-triggered cell FDRE clocked by clk_out1_design_1_clk_wiz_0_0_1  {rise@0.000ns fall@20.000ns period=40.000ns})
  Destination:            design_1_i/TGP_1/U0/v_cntr_reg_reg[11]/R
                            (rising edge-triggered cell FDRE clocked by clk_out1_design_1_clk_wiz_0_0  {rise@0.000ns fall@20.000ns period=40.000ns})
  Path Group:             clk_out1_design_1_clk_wiz_0_0
  Path Type:              Setup (Max at Slow Process Corner)
  Requirement:            40.000ns  (clk_out1_design_1_clk_wiz_0_0 rise@40.000ns - clk_out1_design_1_clk_wiz_0_0_1 rise@0.000ns)
  Data Path Delay:        5.631ns  (logic 0.828ns (14.705%)  route 4.803ns (85.295%))
  Logic Levels:           3  (LUT4=1 LUT6=2)
  Clock Path Skew:        -0.128ns (DCD - SCD + CPR)
    Destination Clock Delay (DCD):    -1.892ns = ( 38.108 - 40.000 ) 
    Source Clock Delay      (SCD):    -2.166ns
    Clock Pessimism Removal (CPR):    -0.402ns
  Clock Uncertainty:      0.176ns  ((TSJ^2 + DJ^2)^1/2) / 2 + PE
    Total System Jitter     (TSJ):    0.071ns
    Discrete Jitter          (DJ):    0.345ns
    Phase Error              (PE):    0.000ns
  Clock Domain Crossing:  Inter clock paths are considered valid unless explicitly excluded by timing constraints such as set_clock_groups or set_false_path.

    Location             Delay type                Incr(ns)  Path(ns)    Netlist Resource(s)
  -------------------------------------------------------------------    -------------------
                         (clock clk_out1_design_1_clk_wiz_0_0_1 rise edge)
                                                      0.000     0.000 r  
    H16                                               0.000     0.000 r  CLK_I (IN)
                         net (fo=0)                   0.000     0.000    design_1_i/clk_wiz_0/inst/clk_in1
    H16                  IBUF (Prop_ibuf_I_O)         1.457     1.457 r  design_1_i/clk_wiz_0/inst/clkin1_ibufg/O
                         net (fo=1, routed)           1.306     2.763    design_1_i/clk_wiz_0/inst/clk_in1_design_1_clk_wiz_0_0
    PLLE2_ADV_X0Y1       PLLE2_ADV (Prop_plle2_adv_CLKIN1_CLKOUT0)
                                                     -8.519    -5.756 r  design_1_i/clk_wiz_0/inst/plle2_adv_inst/CLKOUT0
                         net (fo=1, routed)           1.754    -4.002    design_1_i/clk_wiz_0/inst/clk_out1_design_1_clk_wiz_0_0
    BUFGCTRL_X0Y16       BUFG (Prop_bufg_I_O)         0.101    -3.901 r  design_1_i/clk_wiz_0/inst/clkout1_buf/O
                         net (fo=128, routed)         1.735    -2.166    design_1_i/TGP_1/U0/m00_axis_aclk
    SLICE_X37Y24         FDRE                                         r  design_1_i/TGP_1/U0/h_cntr_reg_reg[1]/C
  -------------------------------------------------------------------    -------------------
    SLICE_X37Y24         FDRE (Prop_fdre_C_Q)         0.456    -1.710 r  design_1_i/TGP_1/U0/h_cntr_reg_reg[1]/Q
                         net (fo=6, routed)           1.181    -0.528    design_1_i/TGP_1/U0/h_cntr_reg_reg_n_0_[1]
    SLICE_X39Y26         LUT4 (Prop_lut4_I3_O)        0.124    -0.404 f  design_1_i/TGP_1/U0/h_cntr_reg[0]_i_3/O
                         net (fo=1, routed)           0.985     0.581    design_1_i/TGP_1/U0/h_cntr_reg[0]_i_3_n_0
    SLICE_X39Y26         LUT6 (Prop_lut6_I4_O)        0.124     0.705 r  design_1_i/TGP_1/U0/h_cntr_reg[0]_i_1/O
                         net (fo=25, routed)          2.049     2.754    design_1_i/TGP_1/U0/eqOp1_in
    SLICE_X33Y21         LUT6 (Prop_lut6_I0_O)        0.124     2.878 r  design_1_i/TGP_1/U0/v_cntr_reg[0]_i_1/O
                         net (fo=12, routed)          0.587     3.465    design_1_i/TGP_1/U0/v_cntr_reg0
    SLICE_X33Y20         FDRE                                         r  design_1_i/TGP_1/U0/v_cntr_reg_reg[11]/R
  -------------------------------------------------------------------    -------------------

                         (clock clk_out1_design_1_clk_wiz_0_0 rise edge)
                                                     40.000    40.000 r  
    H16                                               0.000    40.000 r  CLK_I (IN)
                         net (fo=0)                   0.000    40.000    design_1_i/clk_wiz_0/inst/clk_in1
    H16                  IBUF (Prop_ibuf_I_O)         1.387    41.387 r  design_1_i/clk_wiz_0/inst/clkin1_ibufg/O
                         net (fo=1, routed)           1.181    42.568    design_1_i/clk_wiz_0/inst/clk_in1_design_1_clk_wiz_0_0
    PLLE2_ADV_X0Y1       PLLE2_ADV (Prop_plle2_adv_CLKIN1_CLKOUT0)
                                                     -7.637    34.931 r  design_1_i/clk_wiz_0/inst/plle2_adv_inst/CLKOUT0
                         net (fo=1, routed)           1.594    36.525    design_1_i/clk_wiz_0/inst/clk_out1_design_1_clk_wiz_0_0
    BUFGCTRL_X0Y16       BUFG (Prop_bufg_I_O)         0.091    36.616 r  design_1_i/clk_wiz_0/inst/clkout1_buf/O
                         net (fo=128, routed)         1.492    38.108    design_1_i/TGP_1/U0/m00_axis_aclk
    SLICE_X33Y20         FDRE                                         r  design_1_i/TGP_1/U0/v_cntr_reg_reg[11]/C
                         clock pessimism             -0.402    37.706    
                         clock uncertainty           -0.176    37.530    
    SLICE_X33Y20         FDRE (Setup_fdre_C_R)       -0.429    37.101    design_1_i/TGP_1/U0/v_cntr_reg_reg[11]
  -------------------------------------------------------------------
                         required time                         37.101    
                         arrival time                          -3.465    
  -------------------------------------------------------------------
                         slack                                 33.636    

Slack (MET) :             33.636ns  (required time - arrival time)
  Source:                 design_1_i/TGP_1/U0/h_cntr_reg_reg[1]/C
                            (rising edge-triggered cell FDRE clocked by clk_out1_design_1_clk_wiz_0_0_1  {rise@0.000ns fall@20.000ns period=40.000ns})
  Destination:            design_1_i/TGP_1/U0/v_cntr_reg_reg[8]/R
                            (rising edge-triggered cell FDRE clocked by clk_out1_design_1_clk_wiz_0_0  {rise@0.000ns fall@20.000ns period=40.000ns})
  Path Group:             clk_out1_design_1_clk_wiz_0_0
  Path Type:              Setup (Max at Slow Process Corner)
  Requirement:            40.000ns  (clk_out1_design_1_clk_wiz_0_0 rise@40.000ns - clk_out1_design_1_clk_wiz_0_0_1 rise@0.000ns)
  Data Path Delay:        5.631ns  (logic 0.828ns (14.705%)  route 4.803ns (85.295%))
  Logic Levels:           3  (LUT4=1 LUT6=2)
  Clock Path Skew:        -0.128ns (DCD - SCD + CPR)
    Destination Clock Delay (DCD):    -1.892ns = ( 38.108 - 40.000 ) 
    Source Clock Delay      (SCD):    -2.166ns
    Clock Pessimism Removal (CPR):    -0.402ns
  Clock Uncertainty:      0.176ns  ((TSJ^2 + DJ^2)^1/2) / 2 + PE
    Total System Jitter     (TSJ):    0.071ns
    Discrete Jitter          (DJ):    0.345ns
    Phase Error              (PE):    0.000ns
  Clock Domain Crossing:  Inter clock paths are considered valid unless explicitly excluded by timing constraints such as set_clock_groups or set_false_path.

    Location             Delay type                Incr(ns)  Path(ns)    Netlist Resource(s)
  -------------------------------------------------------------------    -------------------
                         (clock clk_out1_design_1_clk_wiz_0_0_1 rise edge)
                                                      0.000     0.000 r  
    H16                                               0.000     0.000 r  CLK_I (IN)
                         net (fo=0)                   0.000     0.000    design_1_i/clk_wiz_0/inst/clk_in1
    H16                  IBUF (Prop_ibuf_I_O)         1.457     1.457 r  design_1_i/clk_wiz_0/inst/clkin1_ibufg/O
                         net (fo=1, routed)           1.306     2.763    design_1_i/clk_wiz_0/inst/clk_in1_design_1_clk_wiz_0_0
    PLLE2_ADV_X0Y1       PLLE2_ADV (Prop_plle2_adv_CLKIN1_CLKOUT0)
                                                     -8.519    -5.756 r  design_1_i/clk_wiz_0/inst/plle2_adv_inst/CLKOUT0
                         net (fo=1, routed)           1.754    -4.002    design_1_i/clk_wiz_0/inst/clk_out1_design_1_clk_wiz_0_0
    BUFGCTRL_X0Y16       BUFG (Prop_bufg_I_O)         0.101    -3.901 r  design_1_i/clk_wiz_0/inst/clkout1_buf/O
                         net (fo=128, routed)         1.735    -2.166    design_1_i/TGP_1/U0/m00_axis_aclk
    SLICE_X37Y24         FDRE                                         r  design_1_i/TGP_1/U0/h_cntr_reg_reg[1]/C
  -------------------------------------------------------------------    -------------------
    SLICE_X37Y24         FDRE (Prop_fdre_C_Q)         0.456    -1.710 r  design_1_i/TGP_1/U0/h_cntr_reg_reg[1]/Q
                         net (fo=6, routed)           1.181    -0.528    design_1_i/TGP_1/U0/h_cntr_reg_reg_n_0_[1]
    SLICE_X39Y26         LUT4 (Prop_lut4_I3_O)        0.124    -0.404 f  design_1_i/TGP_1/U0/h_cntr_reg[0]_i_3/O
                         net (fo=1, routed)           0.985     0.581    design_1_i/TGP_1/U0/h_cntr_reg[0]_i_3_n_0
    SLICE_X39Y26         LUT6 (Prop_lut6_I4_O)        0.124     0.705 r  design_1_i/TGP_1/U0/h_cntr_reg[0]_i_1/O
                         net (fo=25, routed)          2.049     2.754    design_1_i/TGP_1/U0/eqOp1_in
    SLICE_X33Y21         LUT6 (Prop_lut6_I0_O)        0.124     2.878 r  design_1_i/TGP_1/U0/v_cntr_reg[0]_i_1/O
                         net (fo=12, routed)          0.587     3.465    design_1_i/TGP_1/U0/v_cntr_reg0
    SLICE_X33Y20         FDRE                                         r  design_1_i/TGP_1/U0/v_cntr_reg_reg[8]/R
  -------------------------------------------------------------------    -------------------

                         (clock clk_out1_design_1_clk_wiz_0_0 rise edge)
                                                     40.000    40.000 r  
    H16                                               0.000    40.000 r  CLK_I (IN)
                         net (fo=0)                   0.000    40.000    design_1_i/clk_wiz_0/inst/clk_in1
    H16                  IBUF (Prop_ibuf_I_O)         1.387    41.387 r  design_1_i/clk_wiz_0/inst/clkin1_ibufg/O
                         net (fo=1, routed)           1.181    42.568    design_1_i/clk_wiz_0/inst/clk_in1_design_1_clk_wiz_0_0
    PLLE2_ADV_X0Y1       PLLE2_ADV (Prop_plle2_adv_CLKIN1_CLKOUT0)
                                                     -7.637    34.931 r  design_1_i/clk_wiz_0/inst/plle2_adv_inst/CLKOUT0
                         net (fo=1, routed)           1.594    36.525    design_1_i/clk_wiz_0/inst/clk_out1_design_1_clk_wiz_0_0
    BUFGCTRL_X0Y16       BUFG (Prop_bufg_I_O)         0.091    36.616 r  design_1_i/clk_wiz_0/inst/clkout1_buf/O
                         net (fo=128, routed)         1.492    38.108    design_1_i/TGP_1/U0/m00_axis_aclk
    SLICE_X33Y20         FDRE                                         r  design_1_i/TGP_1/U0/v_cntr_reg_reg[8]/C
                         clock pessimism             -0.402    37.706    
                         clock uncertainty           -0.176    37.530    
    SLICE_X33Y20         FDRE (Setup_fdre_C_R)       -0.429    37.101    design_1_i/TGP_1/U0/v_cntr_reg_reg[8]
  -------------------------------------------------------------------
                         required time                         37.101    
                         arrival time                          -3.465    
  -------------------------------------------------------------------
                         slack                                 33.636    

Slack (MET) :             33.636ns  (required time - arrival time)
  Source:                 design_1_i/TGP_1/U0/h_cntr_reg_reg[1]/C
                            (rising edge-triggered cell FDRE clocked by clk_out1_design_1_clk_wiz_0_0_1  {rise@0.000ns fall@20.000ns period=40.000ns})
  Destination:            design_1_i/TGP_1/U0/v_cntr_reg_reg[9]/R
                            (rising edge-triggered cell FDRE clocked by clk_out1_design_1_clk_wiz_0_0  {rise@0.000ns fall@20.000ns period=40.000ns})
  Path Group:             clk_out1_design_1_clk_wiz_0_0
  Path Type:              Setup (Max at Slow Process Corner)
  Requirement:            40.000ns  (clk_out1_design_1_clk_wiz_0_0 rise@40.000ns - clk_out1_design_1_clk_wiz_0_0_1 rise@0.000ns)
  Data Path Delay:        5.631ns  (logic 0.828ns (14.705%)  route 4.803ns (85.295%))
  Logic Levels:           3  (LUT4=1 LUT6=2)
  Clock Path Skew:        -0.128ns (DCD - SCD + CPR)
    Destination Clock Delay (DCD):    -1.892ns = ( 38.108 - 40.000 ) 
    Source Clock Delay      (SCD):    -2.166ns
    Clock Pessimism Removal (CPR):    -0.402ns
  Clock Uncertainty:      0.176ns  ((TSJ^2 + DJ^2)^1/2) / 2 + PE
    Total System Jitter     (TSJ):    0.071ns
    Discrete Jitter          (DJ):    0.345ns
    Phase Error              (PE):    0.000ns
  Clock Domain Crossing:  Inter clock paths are considered valid unless explicitly excluded by timing constraints such as set_clock_groups or set_false_path.

    Location             Delay type                Incr(ns)  Path(ns)    Netlist Resource(s)
  -------------------------------------------------------------------    -------------------
                         (clock clk_out1_design_1_clk_wiz_0_0_1 rise edge)
                                                      0.000     0.000 r  
    H16                                               0.000     0.000 r  CLK_I (IN)
                         net (fo=0)                   0.000     0.000    design_1_i/clk_wiz_0/inst/clk_in1
    H16                  IBUF (Prop_ibuf_I_O)         1.457     1.457 r  design_1_i/clk_wiz_0/inst/clkin1_ibufg/O
                         net (fo=1, routed)           1.306     2.763    design_1_i/clk_wiz_0/inst/clk_in1_design_1_clk_wiz_0_0
    PLLE2_ADV_X0Y1       PLLE2_ADV (Prop_plle2_adv_CLKIN1_CLKOUT0)
                                                     -8.519    -5.756 r  design_1_i/clk_wiz_0/inst/plle2_adv_inst/CLKOUT0
                         net (fo=1, routed)           1.754    -4.002    design_1_i/clk_wiz_0/inst/clk_out1_design_1_clk_wiz_0_0
    BUFGCTRL_X0Y16       BUFG (Prop_bufg_I_O)         0.101    -3.901 r  design_1_i/clk_wiz_0/inst/clkout1_buf/O
                         net (fo=128, routed)         1.735    -2.166    design_1_i/TGP_1/U0/m00_axis_aclk
    SLICE_X37Y24         FDRE                                         r  design_1_i/TGP_1/U0/h_cntr_reg_reg[1]/C
  -------------------------------------------------------------------    -------------------
    SLICE_X37Y24         FDRE (Prop_fdre_C_Q)         0.456    -1.710 r  design_1_i/TGP_1/U0/h_cntr_reg_reg[1]/Q
                         net (fo=6, routed)           1.181    -0.528    design_1_i/TGP_1/U0/h_cntr_reg_reg_n_0_[1]
    SLICE_X39Y26         LUT4 (Prop_lut4_I3_O)        0.124    -0.404 f  design_1_i/TGP_1/U0/h_cntr_reg[0]_i_3/O
                         net (fo=1, routed)           0.985     0.581    design_1_i/TGP_1/U0/h_cntr_reg[0]_i_3_n_0
    SLICE_X39Y26         LUT6 (Prop_lut6_I4_O)        0.124     0.705 r  design_1_i/TGP_1/U0/h_cntr_reg[0]_i_1/O
                         net (fo=25, routed)          2.049     2.754    design_1_i/TGP_1/U0/eqOp1_in
    SLICE_X33Y21         LUT6 (Prop_lut6_I0_O)        0.124     2.878 r  design_1_i/TGP_1/U0/v_cntr_reg[0]_i_1/O
                         net (fo=12, routed)          0.587     3.465    design_1_i/TGP_1/U0/v_cntr_reg0
    SLICE_X33Y20         FDRE                                         r  design_1_i/TGP_1/U0/v_cntr_reg_reg[9]/R
  -------------------------------------------------------------------    -------------------

                         (clock clk_out1_design_1_clk_wiz_0_0 rise edge)
                                                     40.000    40.000 r  
    H16                                               0.000    40.000 r  CLK_I (IN)
                         net (fo=0)                   0.000    40.000    design_1_i/clk_wiz_0/inst/clk_in1
    H16                  IBUF (Prop_ibuf_I_O)         1.387    41.387 r  design_1_i/clk_wiz_0/inst/clkin1_ibufg/O
                         net (fo=1, routed)           1.181    42.568    design_1_i/clk_wiz_0/inst/clk_in1_design_1_clk_wiz_0_0
    PLLE2_ADV_X0Y1       PLLE2_ADV (Prop_plle2_adv_CLKIN1_CLKOUT0)
                                                     -7.637    34.931 r  design_1_i/clk_wiz_0/inst/plle2_adv_inst/CLKOUT0
                         net (fo=1, routed)           1.594    36.525    design_1_i/clk_wiz_0/inst/clk_out1_design_1_clk_wiz_0_0
    BUFGCTRL_X0Y16       BUFG (Prop_bufg_I_O)         0.091    36.616 r  design_1_i/clk_wiz_0/inst/clkout1_buf/O
                         net (fo=128, routed)         1.492    38.108    design_1_i/TGP_1/U0/m00_axis_aclk
    SLICE_X33Y20         FDRE                                         r  design_1_i/TGP_1/U0/v_cntr_reg_reg[9]/C
                         clock pessimism             -0.402    37.706    
                         clock uncertainty           -0.176    37.530    
    SLICE_X33Y20         FDRE (Setup_fdre_C_R)       -0.429    37.101    design_1_i/TGP_1/U0/v_cntr_reg_reg[9]
  -------------------------------------------------------------------
                         required time                         37.101    
                         arrival time                          -3.465    
  -------------------------------------------------------------------
                         slack                                 33.636    

Slack (MET) :             33.687ns  (required time - arrival time)
  Source:                 design_1_i/TGP_1/U0/box_y_reg_reg[3]/C
                            (rising edge-triggered cell FDRE clocked by clk_out1_design_1_clk_wiz_0_0_1  {rise@0.000ns fall@20.000ns period=40.000ns})
  Destination:            design_1_i/TGP_1/U0/TGP_v1_0_M00_AXIS_inst/data_reg_reg[22]/D
                            (rising edge-triggered cell FDRE clocked by clk_out1_design_1_clk_wiz_0_0  {rise@0.000ns fall@20.000ns period=40.000ns})
  Path Group:             clk_out1_design_1_clk_wiz_0_0
  Path Type:              Setup (Max at Slow Process Corner)
  Requirement:            40.000ns  (clk_out1_design_1_clk_wiz_0_0 rise@40.000ns - clk_out1_design_1_clk_wiz_0_0_1 rise@0.000ns)
  Data Path Delay:        6.102ns  (logic 2.483ns (40.691%)  route 3.619ns (59.309%))
  Logic Levels:           8  (CARRY4=4 LUT1=1 LUT2=1 LUT4=1 LUT6=1)
  Clock Path Skew:        -0.066ns (DCD - SCD + CPR)
    Destination Clock Delay (DCD):    -1.822ns = ( 38.178 - 40.000 ) 
    Source Clock Delay      (SCD):    -2.158ns
    Clock Pessimism Removal (CPR):    -0.402ns
  Clock Uncertainty:      0.176ns  ((TSJ^2 + DJ^2)^1/2) / 2 + PE
    Total System Jitter     (TSJ):    0.071ns
    Discrete Jitter          (DJ):    0.345ns
    Phase Error              (PE):    0.000ns
  Clock Domain Crossing:  Inter clock paths are considered valid unless explicitly excluded by timing constraints such as set_clock_groups or set_false_path.

    Location             Delay type                Incr(ns)  Path(ns)    Netlist Resource(s)
  -------------------------------------------------------------------    -------------------
                         (clock clk_out1_design_1_clk_wiz_0_0_1 rise edge)
                                                      0.000     0.000 r  
    H16                                               0.000     0.000 r  CLK_I (IN)
                         net (fo=0)                   0.000     0.000    design_1_i/clk_wiz_0/inst/clk_in1
    H16                  IBUF (Prop_ibuf_I_O)         1.457     1.457 r  design_1_i/clk_wiz_0/inst/clkin1_ibufg/O
                         net (fo=1, routed)           1.306     2.763    design_1_i/clk_wiz_0/inst/clk_in1_design_1_clk_wiz_0_0
    PLLE2_ADV_X0Y1       PLLE2_ADV (Prop_plle2_adv_CLKIN1_CLKOUT0)
                                                     -8.519    -5.756 r  design_1_i/clk_wiz_0/inst/plle2_adv_inst/CLKOUT0
                         net (fo=1, routed)           1.754    -4.002    design_1_i/clk_wiz_0/inst/clk_out1_design_1_clk_wiz_0_0
    BUFGCTRL_X0Y16       BUFG (Prop_bufg_I_O)         0.101    -3.901 r  design_1_i/clk_wiz_0/inst/clkout1_buf/O
                         net (fo=128, routed)         1.743    -2.158    design_1_i/TGP_1/U0/m00_axis_aclk
    SLICE_X37Y19         FDRE                                         r  design_1_i/TGP_1/U0/box_y_reg_reg[3]/C
  -------------------------------------------------------------------    -------------------
    SLICE_X37Y19         FDRE (Prop_fdre_C_Q)         0.456    -1.702 f  design_1_i/TGP_1/U0/box_y_reg_reg[3]/Q
                         net (fo=6, routed)           0.940    -0.761    design_1_i/TGP_1/U0/box_y_reg_reg[3]
    SLICE_X34Y19         LUT1 (Prop_lut1_I0_O)        0.124    -0.637 r  design_1_i/TGP_1/U0/_carry_i_6/O
                         net (fo=1, routed)           0.000    -0.637    design_1_i/TGP_1/U0/_carry_i_6_n_0
    SLICE_X34Y19         CARRY4 (Prop_carry4_S[1]_CO[3])
                                                      0.533    -0.104 r  design_1_i/TGP_1/U0/_carry_i_5/CO[3]
                         net (fo=1, routed)           0.000    -0.104    design_1_i/TGP_1/U0/_carry_i_5_n_0
    SLICE_X34Y20         CARRY4 (Prop_carry4_CI_CO[3])
                                                      0.117     0.013 r  design_1_i/TGP_1/U0/_carry__0_i_5/CO[3]
                         net (fo=1, routed)           0.000     0.013    design_1_i/TGP_1/U0/_carry__0_i_5_n_0
    SLICE_X34Y21         CARRY4 (Prop_carry4_CI_O[1])
                                                      0.323     0.336 r  design_1_i/TGP_1/U0/_carry__1_i_5/O[1]
                         net (fo=1, routed)           0.823     1.158    design_1_i/TGP_1/U0/TGP_v1_0_M00_AXIS_inst/O[1]
    SLICE_X32Y21         LUT2 (Prop_lut2_I1_O)        0.306     1.464 r  design_1_i/TGP_1/U0/TGP_v1_0_M00_AXIS_inst/_carry__1_i_1/O
                         net (fo=1, routed)           0.000     1.464    design_1_i/TGP_1/U0/TGP_v1_0_M00_AXIS_inst_n_1
    SLICE_X32Y21         CARRY4 (Prop_carry4_S[3]_CO[3])
                                                      0.376     1.840 r  design_1_i/TGP_1/U0/_carry__1/CO[3]
                         net (fo=1, routed)           1.155     2.995    design_1_i/TGP_1/U0/TGP_v1_0_M00_AXIS_inst/data_reg_reg[23]_0[0]
    SLICE_X38Y23         LUT6 (Prop_lut6_I2_O)        0.124     3.119 r  design_1_i/TGP_1/U0/TGP_v1_0_M00_AXIS_inst/data_reg[23]_i_4/O
                         net (fo=12, routed)          0.701     3.820    design_1_i/TGP_1/U0/TGP_v1_0_M00_AXIS_inst/data_reg[23]_i_4_n_0
    SLICE_X41Y24         LUT4 (Prop_lut4_I1_O)        0.124     3.944 r  design_1_i/TGP_1/U0/TGP_v1_0_M00_AXIS_inst/data_reg[22]_i_1/O
                         net (fo=1, routed)           0.000     3.944    design_1_i/TGP_1/U0/TGP_v1_0_M00_AXIS_inst/vga_red[2]
    SLICE_X41Y24         FDRE                                         r  design_1_i/TGP_1/U0/TGP_v1_0_M00_AXIS_inst/data_reg_reg[22]/D
  -------------------------------------------------------------------    -------------------

                         (clock clk_out1_design_1_clk_wiz_0_0 rise edge)
                                                     40.000    40.000 r  
    H16                                               0.000    40.000 r  CLK_I (IN)
                         net (fo=0)                   0.000    40.000    design_1_i/clk_wiz_0/inst/clk_in1
    H16                  IBUF (Prop_ibuf_I_O)         1.387    41.387 r  design_1_i/clk_wiz_0/inst/clkin1_ibufg/O
                         net (fo=1, routed)           1.181    42.568    design_1_i/clk_wiz_0/inst/clk_in1_design_1_clk_wiz_0_0
    PLLE2_ADV_X0Y1       PLLE2_ADV (Prop_plle2_adv_CLKIN1_CLKOUT0)
                                                     -7.637    34.931 r  design_1_i/clk_wiz_0/inst/plle2_adv_inst/CLKOUT0
                         net (fo=1, routed)           1.594    36.525    design_1_i/clk_wiz_0/inst/clk_out1_design_1_clk_wiz_0_0
    BUFGCTRL_X0Y16       BUFG (Prop_bufg_I_O)         0.091    36.616 r  design_1_i/clk_wiz_0/inst/clkout1_buf/O
                         net (fo=128, routed)         1.562    38.178    design_1_i/TGP_1/U0/TGP_v1_0_M00_AXIS_inst/m00_axis_aclk
    SLICE_X41Y24         FDRE                                         r  design_1_i/TGP_1/U0/TGP_v1_0_M00_AXIS_inst/data_reg_reg[22]/C
                         clock pessimism             -0.402    37.776    
                         clock uncertainty           -0.176    37.600    
    SLICE_X41Y24         FDRE (Setup_fdre_C_D)        0.031    37.631    design_1_i/TGP_1/U0/TGP_v1_0_M00_AXIS_inst/data_reg_reg[22]
  -------------------------------------------------------------------
                         required time                         37.631    
                         arrival time                          -3.944    
  -------------------------------------------------------------------
                         slack                                 33.687    

Slack (MET) :             33.703ns  (required time - arrival time)
  Source:                 design_1_i/TGP_1/U0/box_y_reg_reg[3]/C
                            (rising edge-triggered cell FDRE clocked by clk_out1_design_1_clk_wiz_0_0_1  {rise@0.000ns fall@20.000ns period=40.000ns})
  Destination:            design_1_i/TGP_1/U0/TGP_v1_0_M00_AXIS_inst/data_reg_reg[23]/D
                            (rising edge-triggered cell FDRE clocked by clk_out1_design_1_clk_wiz_0_0  {rise@0.000ns fall@20.000ns period=40.000ns})
  Path Group:             clk_out1_design_1_clk_wiz_0_0
  Path Type:              Setup (Max at Slow Process Corner)
  Requirement:            40.000ns  (clk_out1_design_1_clk_wiz_0_0 rise@40.000ns - clk_out1_design_1_clk_wiz_0_0_1 rise@0.000ns)
  Data Path Delay:        6.130ns  (logic 2.511ns (40.962%)  route 3.619ns (59.038%))
  Logic Levels:           8  (CARRY4=4 LUT1=1 LUT2=1 LUT4=1 LUT6=1)
  Clock Path Skew:        -0.066ns (DCD - SCD + CPR)
    Destination Clock Delay (DCD):    -1.822ns = ( 38.178 - 40.000 ) 
    Source Clock Delay      (SCD):    -2.158ns
    Clock Pessimism Removal (CPR):    -0.402ns
  Clock Uncertainty:      0.176ns  ((TSJ^2 + DJ^2)^1/2) / 2 + PE
    Total System Jitter     (TSJ):    0.071ns
    Discrete Jitter          (DJ):    0.345ns
    Phase Error              (PE):    0.000ns
  Clock Domain Crossing:  Inter clock paths are considered valid unless explicitly excluded by timing constraints such as set_clock_groups or set_false_path.

    Location             Delay type                Incr(ns)  Path(ns)    Netlist Resource(s)
  -------------------------------------------------------------------    -------------------
                         (clock clk_out1_design_1_clk_wiz_0_0_1 rise edge)
                                                      0.000     0.000 r  
    H16                                               0.000     0.000 r  CLK_I (IN)
                         net (fo=0)                   0.000     0.000    design_1_i/clk_wiz_0/inst/clk_in1
    H16                  IBUF (Prop_ibuf_I_O)         1.457     1.457 r  design_1_i/clk_wiz_0/inst/clkin1_ibufg/O
                         net (fo=1, routed)           1.306     2.763    design_1_i/clk_wiz_0/inst/clk_in1_design_1_clk_wiz_0_0
    PLLE2_ADV_X0Y1       PLLE2_ADV (Prop_plle2_adv_CLKIN1_CLKOUT0)
                                                     -8.519    -5.756 r  design_1_i/clk_wiz_0/inst/plle2_adv_inst/CLKOUT0
                         net (fo=1, routed)           1.754    -4.002    design_1_i/clk_wiz_0/inst/clk_out1_design_1_clk_wiz_0_0
    BUFGCTRL_X0Y16       BUFG (Prop_bufg_I_O)         0.101    -3.901 r  design_1_i/clk_wiz_0/inst/clkout1_buf/O
                         net (fo=128, routed)         1.743    -2.158    design_1_i/TGP_1/U0/m00_axis_aclk
    SLICE_X37Y19         FDRE                                         r  design_1_i/TGP_1/U0/box_y_reg_reg[3]/C
  -------------------------------------------------------------------    -------------------
    SLICE_X37Y19         FDRE (Prop_fdre_C_Q)         0.456    -1.702 f  design_1_i/TGP_1/U0/box_y_reg_reg[3]/Q
                         net (fo=6, routed)           0.940    -0.761    design_1_i/TGP_1/U0/box_y_reg_reg[3]
    SLICE_X34Y19         LUT1 (Prop_lut1_I0_O)        0.124    -0.637 r  design_1_i/TGP_1/U0/_carry_i_6/O
                         net (fo=1, routed)           0.000    -0.637    design_1_i/TGP_1/U0/_carry_i_6_n_0
    SLICE_X34Y19         CARRY4 (Prop_carry4_S[1]_CO[3])
                                                      0.533    -0.104 r  design_1_i/TGP_1/U0/_carry_i_5/CO[3]
                         net (fo=1, routed)           0.000    -0.104    design_1_i/TGP_1/U0/_carry_i_5_n_0
    SLICE_X34Y20         CARRY4 (Prop_carry4_CI_CO[3])
                                                      0.117     0.013 r  design_1_i/TGP_1/U0/_carry__0_i_5/CO[3]
                         net (fo=1, routed)           0.000     0.013    design_1_i/TGP_1/U0/_carry__0_i_5_n_0
    SLICE_X34Y21         CARRY4 (Prop_carry4_CI_O[1])
                                                      0.323     0.336 r  design_1_i/TGP_1/U0/_carry__1_i_5/O[1]
                         net (fo=1, routed)           0.823     1.158    design_1_i/TGP_1/U0/TGP_v1_0_M00_AXIS_inst/O[1]
    SLICE_X32Y21         LUT2 (Prop_lut2_I1_O)        0.306     1.464 r  design_1_i/TGP_1/U0/TGP_v1_0_M00_AXIS_inst/_carry__1_i_1/O
                         net (fo=1, routed)           0.000     1.464    design_1_i/TGP_1/U0/TGP_v1_0_M00_AXIS_inst_n_1
    SLICE_X32Y21         CARRY4 (Prop_carry4_S[3]_CO[3])
                                                      0.376     1.840 r  design_1_i/TGP_1/U0/_carry__1/CO[3]
                         net (fo=1, routed)           1.155     2.995    design_1_i/TGP_1/U0/TGP_v1_0_M00_AXIS_inst/data_reg_reg[23]_0[0]
    SLICE_X38Y23         LUT6 (Prop_lut6_I2_O)        0.124     3.119 r  design_1_i/TGP_1/U0/TGP_v1_0_M00_AXIS_inst/data_reg[23]_i_4/O
                         net (fo=12, routed)          0.701     3.820    design_1_i/TGP_1/U0/TGP_v1_0_M00_AXIS_inst/data_reg[23]_i_4_n_0
    SLICE_X41Y24         LUT4 (Prop_lut4_I1_O)        0.152     3.972 r  design_1_i/TGP_1/U0/TGP_v1_0_M00_AXIS_inst/data_reg[23]_i_2/O
                         net (fo=1, routed)           0.000     3.972    design_1_i/TGP_1/U0/TGP_v1_0_M00_AXIS_inst/vga_red[3]
    SLICE_X41Y24         FDRE                                         r  design_1_i/TGP_1/U0/TGP_v1_0_M00_AXIS_inst/data_reg_reg[23]/D
  -------------------------------------------------------------------    -------------------

                         (clock clk_out1_design_1_clk_wiz_0_0 rise edge)
                                                     40.000    40.000 r  
    H16                                               0.000    40.000 r  CLK_I (IN)
                         net (fo=0)                   0.000    40.000    design_1_i/clk_wiz_0/inst/clk_in1
    H16                  IBUF (Prop_ibuf_I_O)         1.387    41.387 r  design_1_i/clk_wiz_0/inst/clkin1_ibufg/O
                         net (fo=1, routed)           1.181    42.568    design_1_i/clk_wiz_0/inst/clk_in1_design_1_clk_wiz_0_0
    PLLE2_ADV_X0Y1       PLLE2_ADV (Prop_plle2_adv_CLKIN1_CLKOUT0)
                                                     -7.637    34.931 r  design_1_i/clk_wiz_0/inst/plle2_adv_inst/CLKOUT0
                         net (fo=1, routed)           1.594    36.525    design_1_i/clk_wiz_0/inst/clk_out1_design_1_clk_wiz_0_0
    BUFGCTRL_X0Y16       BUFG (Prop_bufg_I_O)         0.091    36.616 r  design_1_i/clk_wiz_0/inst/clkout1_buf/O
                         net (fo=128, routed)         1.562    38.178    design_1_i/TGP_1/U0/TGP_v1_0_M00_AXIS_inst/m00_axis_aclk
    SLICE_X41Y24         FDRE                                         r  design_1_i/TGP_1/U0/TGP_v1_0_M00_AXIS_inst/data_reg_reg[23]/C
                         clock pessimism             -0.402    37.776    
                         clock uncertainty           -0.176    37.600    
    SLICE_X41Y24         FDRE (Setup_fdre_C_D)        0.075    37.675    design_1_i/TGP_1/U0/TGP_v1_0_M00_AXIS_inst/data_reg_reg[23]
  -------------------------------------------------------------------
                         required time                         37.675    
                         arrival time                          -3.972    
  -------------------------------------------------------------------
                         slack                                 33.703    





Min Delay Paths
--------------------------------------------------------------------------------------
Slack (MET) :             0.036ns  (arrival time - required time)
  Source:                 design_1_i/TGP_1/U0/TGP_v1_0_M00_AXIS_inst/data_reg_reg[22]/C
                            (rising edge-triggered cell FDRE clocked by clk_out1_design_1_clk_wiz_0_0_1  {rise@0.000ns fall@20.000ns period=40.000ns})
  Destination:            design_1_i/PMODVGA_0/U0/PMODVGA_v1_0_S00_AXIS_inst/pixel_r_reg_reg[2]/D
                            (rising edge-triggered cell FDRE clocked by clk_out1_design_1_clk_wiz_0_0  {rise@0.000ns fall@20.000ns period=40.000ns})
  Path Group:             clk_out1_design_1_clk_wiz_0_0
  Path Type:              Hold (Min at Fast Process Corner)
  Requirement:            0.000ns  (clk_out1_design_1_clk_wiz_0_0 rise@0.000ns - clk_out1_design_1_clk_wiz_0_0_1 rise@0.000ns)
  Data Path Delay:        0.315ns  (logic 0.141ns (44.769%)  route 0.174ns (55.231%))
  Logic Levels:           0  
  Clock Path Skew:        0.033ns (DCD - SCD - CPR)
    Destination Clock Delay (DCD):    -0.229ns
    Source Clock Delay      (SCD):    -0.462ns
    Clock Pessimism Removal (CPR):    0.200ns
  Clock Uncertainty:      0.176ns  ((TSJ^2 + DJ^2)^1/2) / 2 + PE
    Total System Jitter     (TSJ):    0.071ns
    Discrete Jitter          (DJ):    0.345ns
    Phase Error              (PE):    0.000ns
  Clock Domain Crossing:  Inter clock paths are considered valid unless explicitly excluded by timing constraints such as set_clock_groups or set_false_path.

    Location             Delay type                Incr(ns)  Path(ns)    Netlist Resource(s)
  -------------------------------------------------------------------    -------------------
                         (clock clk_out1_design_1_clk_wiz_0_0_1 rise edge)
                                                      0.000     0.000 r  
    H16                                               0.000     0.000 r  CLK_I (IN)
                         net (fo=0)                   0.000     0.000    design_1_i/clk_wiz_0/inst/clk_in1
    H16                  IBUF (Prop_ibuf_I_O)         0.225     0.225 r  design_1_i/clk_wiz_0/inst/clkin1_ibufg/O
                         net (fo=1, routed)           0.440     0.665    design_1_i/clk_wiz_0/inst/clk_in1_design_1_clk_wiz_0_0
    PLLE2_ADV_X0Y1       PLLE2_ADV (Prop_plle2_adv_CLKIN1_CLKOUT0)
                                                     -2.231    -1.565 r  design_1_i/clk_wiz_0/inst/plle2_adv_inst/CLKOUT0
                         net (fo=1, routed)           0.497    -1.068    design_1_i/clk_wiz_0/inst/clk_out1_design_1_clk_wiz_0_0
    BUFGCTRL_X0Y16       BUFG (Prop_bufg_I_O)         0.026    -1.042 r  design_1_i/clk_wiz_0/inst/clkout1_buf/O
                         net (fo=128, routed)         0.581    -0.462    design_1_i/TGP_1/U0/TGP_v1_0_M00_AXIS_inst/m00_axis_aclk
    SLICE_X41Y24         FDRE                                         r  design_1_i/TGP_1/U0/TGP_v1_0_M00_AXIS_inst/data_reg_reg[22]/C
  -------------------------------------------------------------------    -------------------
    SLICE_X41Y24         FDRE (Prop_fdre_C_Q)         0.141    -0.321 r  design_1_i/TGP_1/U0/TGP_v1_0_M00_AXIS_inst/data_reg_reg[22]/Q
                         net (fo=1, routed)           0.174    -0.147    design_1_i/PMODVGA_0/U0/PMODVGA_v1_0_S00_AXIS_inst/s00_axis_tdata[10]
    SLICE_X41Y25         FDRE                                         r  design_1_i/PMODVGA_0/U0/PMODVGA_v1_0_S00_AXIS_inst/pixel_r_reg_reg[2]/D
  -------------------------------------------------------------------    -------------------

                         (clock clk_out1_design_1_clk_wiz_0_0 rise edge)
                                                      0.000     0.000 r  
    H16                                               0.000     0.000 r  CLK_I (IN)
                         net (fo=0)                   0.000     0.000    design_1_i/clk_wiz_0/inst/clk_in1
    H16                  IBUF (Prop_ibuf_I_O)         0.413     0.413 r  design_1_i/clk_wiz_0/inst/clkin1_ibufg/O
                         net (fo=1, routed)           0.481     0.894    design_1_i/clk_wiz_0/inst/clk_in1_design_1_clk_wiz_0_0
    PLLE2_ADV_X0Y1       PLLE2_ADV (Prop_plle2_adv_CLKIN1_CLKOUT0)
                                                     -2.543    -1.649 r  design_1_i/clk_wiz_0/inst/plle2_adv_inst/CLKOUT0
                         net (fo=1, routed)           0.544    -1.105    design_1_i/clk_wiz_0/inst/clk_out1_design_1_clk_wiz_0_0
    BUFGCTRL_X0Y16       BUFG (Prop_bufg_I_O)         0.029    -1.076 r  design_1_i/clk_wiz_0/inst/clkout1_buf/O
                         net (fo=128, routed)         0.847    -0.229    design_1_i/PMODVGA_0/U0/PMODVGA_v1_0_S00_AXIS_inst/s00_axis_aclk
    SLICE_X41Y25         FDRE                                         r  design_1_i/PMODVGA_0/U0/PMODVGA_v1_0_S00_AXIS_inst/pixel_r_reg_reg[2]/C
                         clock pessimism             -0.200    -0.429    
                         clock uncertainty            0.176    -0.252    
    SLICE_X41Y25         FDRE (Hold_fdre_C_D)         0.070    -0.182    design_1_i/PMODVGA_0/U0/PMODVGA_v1_0_S00_AXIS_inst/pixel_r_reg_reg[2]
  -------------------------------------------------------------------
                         required time                          0.182    
                         arrival time                          -0.147    
  -------------------------------------------------------------------
                         slack                                  0.036    

Slack (MET) :             0.045ns  (arrival time - required time)
  Source:                 design_1_i/TGP_1/U0/TGP_v1_0_M00_AXIS_inst/data_reg_reg[5]/C
                            (rising edge-triggered cell FDRE clocked by clk_out1_design_1_clk_wiz_0_0_1  {rise@0.000ns fall@20.000ns period=40.000ns})
  Destination:            design_1_i/PMODVGA_0/U0/PMODVGA_v1_0_S00_AXIS_inst/pixel_b_reg_reg[1]/D
                            (rising edge-triggered cell FDRE clocked by clk_out1_design_1_clk_wiz_0_0  {rise@0.000ns fall@20.000ns period=40.000ns})
  Path Group:             clk_out1_design_1_clk_wiz_0_0
  Path Type:              Hold (Min at Fast Process Corner)
  Requirement:            0.000ns  (clk_out1_design_1_clk_wiz_0_0 rise@0.000ns - clk_out1_design_1_clk_wiz_0_0_1 rise@0.000ns)
  Data Path Delay:        0.233ns  (logic 0.128ns (54.843%)  route 0.105ns (45.157%))
  Logic Levels:           0  
  Clock Path Skew:        0.013ns (DCD - SCD - CPR)
    Destination Clock Delay (DCD):    -0.229ns
    Source Clock Delay      (SCD):    -0.462ns
    Clock Pessimism Removal (CPR):    0.220ns
  Clock Uncertainty:      0.176ns  ((TSJ^2 + DJ^2)^1/2) / 2 + PE
    Total System Jitter     (TSJ):    0.071ns
    Discrete Jitter          (DJ):    0.345ns
    Phase Error              (PE):    0.000ns
  Clock Domain Crossing:  Inter clock paths are considered valid unless explicitly excluded by timing constraints such as set_clock_groups or set_false_path.

    Location             Delay type                Incr(ns)  Path(ns)    Netlist Resource(s)
  -------------------------------------------------------------------    -------------------
                         (clock clk_out1_design_1_clk_wiz_0_0_1 rise edge)
                                                      0.000     0.000 r  
    H16                                               0.000     0.000 r  CLK_I (IN)
                         net (fo=0)                   0.000     0.000    design_1_i/clk_wiz_0/inst/clk_in1
    H16                  IBUF (Prop_ibuf_I_O)         0.225     0.225 r  design_1_i/clk_wiz_0/inst/clkin1_ibufg/O
                         net (fo=1, routed)           0.440     0.665    design_1_i/clk_wiz_0/inst/clk_in1_design_1_clk_wiz_0_0
    PLLE2_ADV_X0Y1       PLLE2_ADV (Prop_plle2_adv_CLKIN1_CLKOUT0)
                                                     -2.231    -1.565 r  design_1_i/clk_wiz_0/inst/plle2_adv_inst/CLKOUT0
                         net (fo=1, routed)           0.497    -1.068    design_1_i/clk_wiz_0/inst/clk_out1_design_1_clk_wiz_0_0
    BUFGCTRL_X0Y16       BUFG (Prop_bufg_I_O)         0.026    -1.042 r  design_1_i/clk_wiz_0/inst/clkout1_buf/O
                         net (fo=128, routed)         0.581    -0.462    design_1_i/TGP_1/U0/TGP_v1_0_M00_AXIS_inst/m00_axis_aclk
    SLICE_X41Y24         FDRE                                         r  design_1_i/TGP_1/U0/TGP_v1_0_M00_AXIS_inst/data_reg_reg[5]/C
  -------------------------------------------------------------------    -------------------
    SLICE_X41Y24         FDRE (Prop_fdre_C_Q)         0.128    -0.334 r  design_1_i/TGP_1/U0/TGP_v1_0_M00_AXIS_inst/data_reg_reg[5]/Q
                         net (fo=1, routed)           0.105    -0.228    design_1_i/PMODVGA_0/U0/PMODVGA_v1_0_S00_AXIS_inst/s00_axis_tdata[1]
    SLICE_X42Y24         FDRE                                         r  design_1_i/PMODVGA_0/U0/PMODVGA_v1_0_S00_AXIS_inst/pixel_b_reg_reg[1]/D
  -------------------------------------------------------------------    -------------------

                         (clock clk_out1_design_1_clk_wiz_0_0 rise edge)
                                                      0.000     0.000 r  
    H16                                               0.000     0.000 r  CLK_I (IN)
                         net (fo=0)                   0.000     0.000    design_1_i/clk_wiz_0/inst/clk_in1
    H16                  IBUF (Prop_ibuf_I_O)         0.413     0.413 r  design_1_i/clk_wiz_0/inst/clkin1_ibufg/O
                         net (fo=1, routed)           0.481     0.894    design_1_i/clk_wiz_0/inst/clk_in1_design_1_clk_wiz_0_0
    PLLE2_ADV_X0Y1       PLLE2_ADV (Prop_plle2_adv_CLKIN1_CLKOUT0)
                                                     -2.543    -1.649 r  design_1_i/clk_wiz_0/inst/plle2_adv_inst/CLKOUT0
                         net (fo=1, routed)           0.544    -1.105    design_1_i/clk_wiz_0/inst/clk_out1_design_1_clk_wiz_0_0
    BUFGCTRL_X0Y16       BUFG (Prop_bufg_I_O)         0.029    -1.076 r  design_1_i/clk_wiz_0/inst/clkout1_buf/O
                         net (fo=128, routed)         0.847    -0.229    design_1_i/PMODVGA_0/U0/PMODVGA_v1_0_S00_AXIS_inst/s00_axis_aclk
    SLICE_X42Y24         FDRE                                         r  design_1_i/PMODVGA_0/U0/PMODVGA_v1_0_S00_AXIS_inst/pixel_b_reg_reg[1]/C
                         clock pessimism             -0.220    -0.449    
                         clock uncertainty            0.176    -0.272    
    SLICE_X42Y24         FDRE (Hold_fdre_C_D)        -0.001    -0.273    design_1_i/PMODVGA_0/U0/PMODVGA_v1_0_S00_AXIS_inst/pixel_b_reg_reg[1]
  -------------------------------------------------------------------
                         required time                          0.273    
                         arrival time                          -0.228    
  -------------------------------------------------------------------
                         slack                                  0.045    

Slack (MET) :             0.059ns  (arrival time - required time)
  Source:                 design_1_i/TGP_1/U0/TGP_v1_0_M00_AXIS_inst/data_reg_reg[12]/C
                            (rising edge-triggered cell FDRE clocked by clk_out1_design_1_clk_wiz_0_0_1  {rise@0.000ns fall@20.000ns period=40.000ns})
  Destination:            design_1_i/PMODVGA_0/U0/PMODVGA_v1_0_S00_AXIS_inst/pixel_g_reg_reg[0]/D
                            (rising edge-triggered cell FDRE clocked by clk_out1_design_1_clk_wiz_0_0  {rise@0.000ns fall@20.000ns period=40.000ns})
  Path Group:             clk_out1_design_1_clk_wiz_0_0
  Path Type:              Hold (Min at Fast Process Corner)
  Requirement:            0.000ns  (clk_out1_design_1_clk_wiz_0_0 rise@0.000ns - clk_out1_design_1_clk_wiz_0_0_1 rise@0.000ns)
  Data Path Delay:        0.325ns  (logic 0.141ns (43.397%)  route 0.184ns (56.603%))
  Logic Levels:           0  
  Clock Path Skew:        0.033ns (DCD - SCD - CPR)
    Destination Clock Delay (DCD):    -0.229ns
    Source Clock Delay      (SCD):    -0.462ns
    Clock Pessimism Removal (CPR):    0.200ns
  Clock Uncertainty:      0.176ns  ((TSJ^2 + DJ^2)^1/2) / 2 + PE
    Total System Jitter     (TSJ):    0.071ns
    Discrete Jitter          (DJ):    0.345ns
    Phase Error              (PE):    0.000ns
  Clock Domain Crossing:  Inter clock paths are considered valid unless explicitly excluded by timing constraints such as set_clock_groups or set_false_path.

    Location             Delay type                Incr(ns)  Path(ns)    Netlist Resource(s)
  -------------------------------------------------------------------    -------------------
                         (clock clk_out1_design_1_clk_wiz_0_0_1 rise edge)
                                                      0.000     0.000 r  
    H16                                               0.000     0.000 r  CLK_I (IN)
                         net (fo=0)                   0.000     0.000    design_1_i/clk_wiz_0/inst/clk_in1
    H16                  IBUF (Prop_ibuf_I_O)         0.225     0.225 r  design_1_i/clk_wiz_0/inst/clkin1_ibufg/O
                         net (fo=1, routed)           0.440     0.665    design_1_i/clk_wiz_0/inst/clk_in1_design_1_clk_wiz_0_0
    PLLE2_ADV_X0Y1       PLLE2_ADV (Prop_plle2_adv_CLKIN1_CLKOUT0)
                                                     -2.231    -1.565 r  design_1_i/clk_wiz_0/inst/plle2_adv_inst/CLKOUT0
                         net (fo=1, routed)           0.497    -1.068    design_1_i/clk_wiz_0/inst/clk_out1_design_1_clk_wiz_0_0
    BUFGCTRL_X0Y16       BUFG (Prop_bufg_I_O)         0.026    -1.042 r  design_1_i/clk_wiz_0/inst/clkout1_buf/O
                         net (fo=128, routed)         0.581    -0.462    design_1_i/TGP_1/U0/TGP_v1_0_M00_AXIS_inst/m00_axis_aclk
    SLICE_X40Y24         FDRE                                         r  design_1_i/TGP_1/U0/TGP_v1_0_M00_AXIS_inst/data_reg_reg[12]/C
  -------------------------------------------------------------------    -------------------
    SLICE_X40Y24         FDRE (Prop_fdre_C_Q)         0.141    -0.321 r  design_1_i/TGP_1/U0/TGP_v1_0_M00_AXIS_inst/data_reg_reg[12]/Q
                         net (fo=1, routed)           0.184    -0.137    design_1_i/PMODVGA_0/U0/PMODVGA_v1_0_S00_AXIS_inst/s00_axis_tdata[4]
    SLICE_X40Y25         FDRE                                         r  design_1_i/PMODVGA_0/U0/PMODVGA_v1_0_S00_AXIS_inst/pixel_g_reg_reg[0]/D
  -------------------------------------------------------------------    -------------------

                         (clock clk_out1_design_1_clk_wiz_0_0 rise edge)
                                                      0.000     0.000 r  
    H16                                               0.000     0.000 r  CLK_I (IN)
                         net (fo=0)                   0.000     0.000    design_1_i/clk_wiz_0/inst/clk_in1
    H16                  IBUF (Prop_ibuf_I_O)         0.413     0.413 r  design_1_i/clk_wiz_0/inst/clkin1_ibufg/O
                         net (fo=1, routed)           0.481     0.894    design_1_i/clk_wiz_0/inst/clk_in1_design_1_clk_wiz_0_0
    PLLE2_ADV_X0Y1       PLLE2_ADV (Prop_plle2_adv_CLKIN1_CLKOUT0)
                                                     -2.543    -1.649 r  design_1_i/clk_wiz_0/inst/plle2_adv_inst/CLKOUT0
                         net (fo=1, routed)           0.544    -1.105    design_1_i/clk_wiz_0/inst/clk_out1_design_1_clk_wiz_0_0
    BUFGCTRL_X0Y16       BUFG (Prop_bufg_I_O)         0.029    -1.076 r  design_1_i/clk_wiz_0/inst/clkout1_buf/O
                         net (fo=128, routed)         0.847    -0.229    design_1_i/PMODVGA_0/U0/PMODVGA_v1_0_S00_AXIS_inst/s00_axis_aclk
    SLICE_X40Y25         FDRE                                         r  design_1_i/PMODVGA_0/U0/PMODVGA_v1_0_S00_AXIS_inst/pixel_g_reg_reg[0]/C
                         clock pessimism             -0.200    -0.429    
                         clock uncertainty            0.176    -0.252    
    SLICE_X40Y25         FDRE (Hold_fdre_C_D)         0.057    -0.195    design_1_i/PMODVGA_0/U0/PMODVGA_v1_0_S00_AXIS_inst/pixel_g_reg_reg[0]
  -------------------------------------------------------------------
                         required time                          0.195    
                         arrival time                          -0.137    
  -------------------------------------------------------------------
                         slack                                  0.059    

Slack (MET) :             0.092ns  (arrival time - required time)
  Source:                 design_1_i/TGP_1/U0/h_cntr_reg_reg[4]/C
                            (rising edge-triggered cell FDRE clocked by clk_out1_design_1_clk_wiz_0_0_1  {rise@0.000ns fall@20.000ns period=40.000ns})
  Destination:            design_1_i/TGP_1/U0/h_cntr_reg_reg[4]/D
                            (rising edge-triggered cell FDRE clocked by clk_out1_design_1_clk_wiz_0_0  {rise@0.000ns fall@20.000ns period=40.000ns})
  Path Group:             clk_out1_design_1_clk_wiz_0_0
  Path Type:              Hold (Min at Fast Process Corner)
  Requirement:            0.000ns  (clk_out1_design_1_clk_wiz_0_0 rise@0.000ns - clk_out1_design_1_clk_wiz_0_0_1 rise@0.000ns)
  Data Path Delay:        0.373ns  (logic 0.256ns (68.565%)  route 0.117ns (31.435%))
  Logic Levels:           1  (CARRY4=1)
  Clock Path Skew:        0.000ns (DCD - SCD - CPR)
    Destination Clock Delay (DCD):    -0.231ns
    Source Clock Delay      (SCD):    -0.464ns
    Clock Pessimism Removal (CPR):    0.233ns
  Clock Uncertainty:      0.176ns  ((TSJ^2 + DJ^2)^1/2) / 2 + PE
    Total System Jitter     (TSJ):    0.071ns
    Discrete Jitter          (DJ):    0.345ns
    Phase Error              (PE):    0.000ns
  Clock Domain Crossing:  Inter clock paths are considered valid unless explicitly excluded by timing constraints such as set_clock_groups or set_false_path.

    Location             Delay type                Incr(ns)  Path(ns)    Netlist Resource(s)
  -------------------------------------------------------------------    -------------------
                         (clock clk_out1_design_1_clk_wiz_0_0_1 rise edge)
                                                      0.000     0.000 r  
    H16                                               0.000     0.000 r  CLK_I (IN)
                         net (fo=0)                   0.000     0.000    design_1_i/clk_wiz_0/inst/clk_in1
    H16                  IBUF (Prop_ibuf_I_O)         0.225     0.225 r  design_1_i/clk_wiz_0/inst/clkin1_ibufg/O
                         net (fo=1, routed)           0.440     0.665    design_1_i/clk_wiz_0/inst/clk_in1_design_1_clk_wiz_0_0
    PLLE2_ADV_X0Y1       PLLE2_ADV (Prop_plle2_adv_CLKIN1_CLKOUT0)
                                                     -2.231    -1.565 r  design_1_i/clk_wiz_0/inst/plle2_adv_inst/CLKOUT0
                         net (fo=1, routed)           0.497    -1.068    design_1_i/clk_wiz_0/inst/clk_out1_design_1_clk_wiz_0_0
    BUFGCTRL_X0Y16       BUFG (Prop_bufg_I_O)         0.026    -1.042 r  design_1_i/clk_wiz_0/inst/clkout1_buf/O
                         net (fo=128, routed)         0.579    -0.464    design_1_i/TGP_1/U0/m00_axis_aclk
    SLICE_X37Y25         FDRE                                         r  design_1_i/TGP_1/U0/h_cntr_reg_reg[4]/C
  -------------------------------------------------------------------    -------------------
    SLICE_X37Y25         FDRE (Prop_fdre_C_Q)         0.141    -0.323 r  design_1_i/TGP_1/U0/h_cntr_reg_reg[4]/Q
                         net (fo=9, routed)           0.117    -0.205    design_1_i/TGP_1/U0/p_0_in[2]
    SLICE_X37Y25         CARRY4 (Prop_carry4_S[0]_O[0])
                                                      0.115    -0.090 r  design_1_i/TGP_1/U0/h_cntr_reg_reg[4]_i_1/O[0]
                         net (fo=1, routed)           0.000    -0.090    design_1_i/TGP_1/U0/h_cntr_reg_reg[4]_i_1_n_7
    SLICE_X37Y25         FDRE                                         r  design_1_i/TGP_1/U0/h_cntr_reg_reg[4]/D
  -------------------------------------------------------------------    -------------------

                         (clock clk_out1_design_1_clk_wiz_0_0 rise edge)
                                                      0.000     0.000 r  
    H16                                               0.000     0.000 r  CLK_I (IN)
                         net (fo=0)                   0.000     0.000    design_1_i/clk_wiz_0/inst/clk_in1
    H16                  IBUF (Prop_ibuf_I_O)         0.413     0.413 r  design_1_i/clk_wiz_0/inst/clkin1_ibufg/O
                         net (fo=1, routed)           0.481     0.894    design_1_i/clk_wiz_0/inst/clk_in1_design_1_clk_wiz_0_0
    PLLE2_ADV_X0Y1       PLLE2_ADV (Prop_plle2_adv_CLKIN1_CLKOUT0)
                                                     -2.543    -1.649 r  design_1_i/clk_wiz_0/inst/plle2_adv_inst/CLKOUT0
                         net (fo=1, routed)           0.544    -1.105    design_1_i/clk_wiz_0/inst/clk_out1_design_1_clk_wiz_0_0
    BUFGCTRL_X0Y16       BUFG (Prop_bufg_I_O)         0.029    -1.076 r  design_1_i/clk_wiz_0/inst/clkout1_buf/O
                         net (fo=128, routed)         0.845    -0.231    design_1_i/TGP_1/U0/m00_axis_aclk
    SLICE_X37Y25         FDRE                                         r  design_1_i/TGP_1/U0/h_cntr_reg_reg[4]/C
                         clock pessimism             -0.233    -0.464    
                         clock uncertainty            0.176    -0.287    
    SLICE_X37Y25         FDRE (Hold_fdre_C_D)         0.105    -0.182    design_1_i/TGP_1/U0/h_cntr_reg_reg[4]
  -------------------------------------------------------------------
                         required time                          0.182    
                         arrival time                          -0.090    
  -------------------------------------------------------------------
                         slack                                  0.092    

Slack (MET) :             0.092ns  (arrival time - required time)
  Source:                 design_1_i/TGP_1/U0/v_cntr_reg_reg[10]/C
                            (rising edge-triggered cell FDRE clocked by clk_out1_design_1_clk_wiz_0_0_1  {rise@0.000ns fall@20.000ns period=40.000ns})
  Destination:            design_1_i/TGP_1/U0/v_cntr_reg_reg[10]/D
                            (rising edge-triggered cell FDRE clocked by clk_out1_design_1_clk_wiz_0_0  {rise@0.000ns fall@20.000ns period=40.000ns})
  Path Group:             clk_out1_design_1_clk_wiz_0_0
  Path Type:              Hold (Min at Fast Process Corner)
  Requirement:            0.000ns  (clk_out1_design_1_clk_wiz_0_0 rise@0.000ns - clk_out1_design_1_clk_wiz_0_0_1 rise@0.000ns)
  Data Path Delay:        0.374ns  (logic 0.252ns (67.467%)  route 0.122ns (32.533%))
  Logic Levels:           1  (CARRY4=1)
  Clock Path Skew:        0.000ns (DCD - SCD - CPR)
    Destination Clock Delay (DCD):    -0.254ns
    Source Clock Delay      (SCD):    -0.487ns
    Clock Pessimism Removal (CPR):    0.233ns
  Clock Uncertainty:      0.176ns  ((TSJ^2 + DJ^2)^1/2) / 2 + PE
    Total System Jitter     (TSJ):    0.071ns
    Discrete Jitter          (DJ):    0.345ns
    Phase Error              (PE):    0.000ns
  Clock Domain Crossing:  Inter clock paths are considered valid unless explicitly excluded by timing constraints such as set_clock_groups or set_false_path.

    Location             Delay type                Incr(ns)  Path(ns)    Netlist Resource(s)
  -------------------------------------------------------------------    -------------------
                         (clock clk_out1_design_1_clk_wiz_0_0_1 rise edge)
                                                      0.000     0.000 r  
    H16                                               0.000     0.000 r  CLK_I (IN)
                         net (fo=0)                   0.000     0.000    design_1_i/clk_wiz_0/inst/clk_in1
    H16                  IBUF (Prop_ibuf_I_O)         0.225     0.225 r  design_1_i/clk_wiz_0/inst/clkin1_ibufg/O
                         net (fo=1, routed)           0.440     0.665    design_1_i/clk_wiz_0/inst/clk_in1_design_1_clk_wiz_0_0
    PLLE2_ADV_X0Y1       PLLE2_ADV (Prop_plle2_adv_CLKIN1_CLKOUT0)
                                                     -2.231    -1.565 r  design_1_i/clk_wiz_0/inst/plle2_adv_inst/CLKOUT0
                         net (fo=1, routed)           0.497    -1.068    design_1_i/clk_wiz_0/inst/clk_out1_design_1_clk_wiz_0_0
    BUFGCTRL_X0Y16       BUFG (Prop_bufg_I_O)         0.026    -1.042 r  design_1_i/clk_wiz_0/inst/clkout1_buf/O
                         net (fo=128, routed)         0.556    -0.487    design_1_i/TGP_1/U0/m00_axis_aclk
    SLICE_X33Y20         FDRE                                         r  design_1_i/TGP_1/U0/v_cntr_reg_reg[10]/C
  -------------------------------------------------------------------    -------------------
    SLICE_X33Y20         FDRE (Prop_fdre_C_Q)         0.141    -0.346 r  design_1_i/TGP_1/U0/v_cntr_reg_reg[10]/Q
                         net (fo=8, routed)           0.122    -0.224    design_1_i/TGP_1/U0/v_cntr_reg_reg[10]
    SLICE_X33Y20         CARRY4 (Prop_carry4_S[2]_O[2])
                                                      0.111    -0.113 r  design_1_i/TGP_1/U0/v_cntr_reg_reg[8]_i_1/O[2]
                         net (fo=1, routed)           0.000    -0.113    design_1_i/TGP_1/U0/v_cntr_reg_reg[8]_i_1_n_5
    SLICE_X33Y20         FDRE                                         r  design_1_i/TGP_1/U0/v_cntr_reg_reg[10]/D
  -------------------------------------------------------------------    -------------------

                         (clock clk_out1_design_1_clk_wiz_0_0 rise edge)
                                                      0.000     0.000 r  
    H16                                               0.000     0.000 r  CLK_I (IN)
                         net (fo=0)                   0.000     0.000    design_1_i/clk_wiz_0/inst/clk_in1
    H16                  IBUF (Prop_ibuf_I_O)         0.413     0.413 r  design_1_i/clk_wiz_0/inst/clkin1_ibufg/O
                         net (fo=1, routed)           0.481     0.894    design_1_i/clk_wiz_0/inst/clk_in1_design_1_clk_wiz_0_0
    PLLE2_ADV_X0Y1       PLLE2_ADV (Prop_plle2_adv_CLKIN1_CLKOUT0)
                                                     -2.543    -1.649 r  design_1_i/clk_wiz_0/inst/plle2_adv_inst/CLKOUT0
                         net (fo=1, routed)           0.544    -1.105    design_1_i/clk_wiz_0/inst/clk_out1_design_1_clk_wiz_0_0
    BUFGCTRL_X0Y16       BUFG (Prop_bufg_I_O)         0.029    -1.076 r  design_1_i/clk_wiz_0/inst/clkout1_buf/O
                         net (fo=128, routed)         0.822    -0.254    design_1_i/TGP_1/U0/m00_axis_aclk
    SLICE_X33Y20         FDRE                                         r  design_1_i/TGP_1/U0/v_cntr_reg_reg[10]/C
                         clock pessimism             -0.233    -0.487    
                         clock uncertainty            0.176    -0.310    
    SLICE_X33Y20         FDRE (Hold_fdre_C_D)         0.105    -0.205    design_1_i/TGP_1/U0/v_cntr_reg_reg[10]
  -------------------------------------------------------------------
                         required time                          0.205    
                         arrival time                          -0.113    
  -------------------------------------------------------------------
                         slack                                  0.092    

Slack (MET) :             0.094ns  (arrival time - required time)
  Source:                 design_1_i/TGP_1/U0/TGP_v1_0_M00_AXIS_inst/data_reg_reg[6]/C
                            (rising edge-triggered cell FDRE clocked by clk_out1_design_1_clk_wiz_0_0_1  {rise@0.000ns fall@20.000ns period=40.000ns})
  Destination:            design_1_i/PMODVGA_0/U0/PMODVGA_v1_0_S00_AXIS_inst/pixel_b_reg_reg[2]/D
                            (rising edge-triggered cell FDRE clocked by clk_out1_design_1_clk_wiz_0_0  {rise@0.000ns fall@20.000ns period=40.000ns})
  Path Group:             clk_out1_design_1_clk_wiz_0_0
  Path Type:              Hold (Min at Fast Process Corner)
  Requirement:            0.000ns  (clk_out1_design_1_clk_wiz_0_0 rise@0.000ns - clk_out1_design_1_clk_wiz_0_0_1 rise@0.000ns)
  Data Path Delay:        0.346ns  (logic 0.141ns (40.724%)  route 0.205ns (59.276%))
  Logic Levels:           0  
  Clock Path Skew:        0.013ns (DCD - SCD - CPR)
    Destination Clock Delay (DCD):    -0.229ns
    Source Clock Delay      (SCD):    -0.462ns
    Clock Pessimism Removal (CPR):    0.220ns
  Clock Uncertainty:      0.176ns  ((TSJ^2 + DJ^2)^1/2) / 2 + PE
    Total System Jitter     (TSJ):    0.071ns
    Discrete Jitter          (DJ):    0.345ns
    Phase Error              (PE):    0.000ns
  Clock Domain Crossing:  Inter clock paths are considered valid unless explicitly excluded by timing constraints such as set_clock_groups or set_false_path.

    Location             Delay type                Incr(ns)  Path(ns)    Netlist Resource(s)
  -------------------------------------------------------------------    -------------------
                         (clock clk_out1_design_1_clk_wiz_0_0_1 rise edge)
                                                      0.000     0.000 r  
    H16                                               0.000     0.000 r  CLK_I (IN)
                         net (fo=0)                   0.000     0.000    design_1_i/clk_wiz_0/inst/clk_in1
    H16                  IBUF (Prop_ibuf_I_O)         0.225     0.225 r  design_1_i/clk_wiz_0/inst/clkin1_ibufg/O
                         net (fo=1, routed)           0.440     0.665    design_1_i/clk_wiz_0/inst/clk_in1_design_1_clk_wiz_0_0
    PLLE2_ADV_X0Y1       PLLE2_ADV (Prop_plle2_adv_CLKIN1_CLKOUT0)
                                                     -2.231    -1.565 r  design_1_i/clk_wiz_0/inst/plle2_adv_inst/CLKOUT0
                         net (fo=1, routed)           0.497    -1.068    design_1_i/clk_wiz_0/inst/clk_out1_design_1_clk_wiz_0_0
    BUFGCTRL_X0Y16       BUFG (Prop_bufg_I_O)         0.026    -1.042 r  design_1_i/clk_wiz_0/inst/clkout1_buf/O
                         net (fo=128, routed)         0.581    -0.462    design_1_i/TGP_1/U0/TGP_v1_0_M00_AXIS_inst/m00_axis_aclk
    SLICE_X41Y24         FDRE                                         r  design_1_i/TGP_1/U0/TGP_v1_0_M00_AXIS_inst/data_reg_reg[6]/C
  -------------------------------------------------------------------    -------------------
    SLICE_X41Y24         FDRE (Prop_fdre_C_Q)         0.141    -0.321 r  design_1_i/TGP_1/U0/TGP_v1_0_M00_AXIS_inst/data_reg_reg[6]/Q
                         net (fo=1, routed)           0.205    -0.115    design_1_i/PMODVGA_0/U0/PMODVGA_v1_0_S00_AXIS_inst/s00_axis_tdata[2]
    SLICE_X42Y24         FDRE                                         r  design_1_i/PMODVGA_0/U0/PMODVGA_v1_0_S00_AXIS_inst/pixel_b_reg_reg[2]/D
  -------------------------------------------------------------------    -------------------

                         (clock clk_out1_design_1_clk_wiz_0_0 rise edge)
                                                      0.000     0.000 r  
    H16                                               0.000     0.000 r  CLK_I (IN)
                         net (fo=0)                   0.000     0.000    design_1_i/clk_wiz_0/inst/clk_in1
    H16                  IBUF (Prop_ibuf_I_O)         0.413     0.413 r  design_1_i/clk_wiz_0/inst/clkin1_ibufg/O
                         net (fo=1, routed)           0.481     0.894    design_1_i/clk_wiz_0/inst/clk_in1_design_1_clk_wiz_0_0
    PLLE2_ADV_X0Y1       PLLE2_ADV (Prop_plle2_adv_CLKIN1_CLKOUT0)
                                                     -2.543    -1.649 r  design_1_i/clk_wiz_0/inst/plle2_adv_inst/CLKOUT0
                         net (fo=1, routed)           0.544    -1.105    design_1_i/clk_wiz_0/inst/clk_out1_design_1_clk_wiz_0_0
    BUFGCTRL_X0Y16       BUFG (Prop_bufg_I_O)         0.029    -1.076 r  design_1_i/clk_wiz_0/inst/clkout1_buf/O
                         net (fo=128, routed)         0.847    -0.229    design_1_i/PMODVGA_0/U0/PMODVGA_v1_0_S00_AXIS_inst/s00_axis_aclk
    SLICE_X42Y24         FDRE                                         r  design_1_i/PMODVGA_0/U0/PMODVGA_v1_0_S00_AXIS_inst/pixel_b_reg_reg[2]/C
                         clock pessimism             -0.220    -0.449    
                         clock uncertainty            0.176    -0.272    
    SLICE_X42Y24         FDRE (Hold_fdre_C_D)         0.063    -0.209    design_1_i/PMODVGA_0/U0/PMODVGA_v1_0_S00_AXIS_inst/pixel_b_reg_reg[2]
  -------------------------------------------------------------------
                         required time                          0.209    
                         arrival time                          -0.115    
  -------------------------------------------------------------------
                         slack                                  0.094    

Slack (MET) :             0.098ns  (arrival time - required time)
  Source:                 design_1_i/TGP_1/U0/TGP_v1_0_M00_AXIS_inst/valid_reg_reg/C
                            (rising edge-triggered cell FDRE clocked by clk_out1_design_1_clk_wiz_0_0_1  {rise@0.000ns fall@20.000ns period=40.000ns})
  Destination:            design_1_i/TGP_1/U0/TGP_v1_0_M00_AXIS_inst/valid_reg_reg/D
                            (rising edge-triggered cell FDRE clocked by clk_out1_design_1_clk_wiz_0_0  {rise@0.000ns fall@20.000ns period=40.000ns})
  Path Group:             clk_out1_design_1_clk_wiz_0_0
  Path Type:              Hold (Min at Fast Process Corner)
  Requirement:            0.000ns  (clk_out1_design_1_clk_wiz_0_0 rise@0.000ns - clk_out1_design_1_clk_wiz_0_0_1 rise@0.000ns)
  Data Path Delay:        0.365ns  (logic 0.186ns (50.911%)  route 0.179ns (49.089%))
  Logic Levels:           1  (LUT4=1)
  Clock Path Skew:        0.000ns (DCD - SCD - CPR)
    Destination Clock Delay (DCD):    -0.228ns
    Source Clock Delay      (SCD):    -0.461ns
    Clock Pessimism Removal (CPR):    0.233ns
  Clock Uncertainty:      0.176ns  ((TSJ^2 + DJ^2)^1/2) / 2 + PE
    Total System Jitter     (TSJ):    0.071ns
    Discrete Jitter          (DJ):    0.345ns
    Phase Error              (PE):    0.000ns
  Clock Domain Crossing:  Inter clock paths are considered valid unless explicitly excluded by timing constraints such as set_clock_groups or set_false_path.

    Location             Delay type                Incr(ns)  Path(ns)    Netlist Resource(s)
  -------------------------------------------------------------------    -------------------
                         (clock clk_out1_design_1_clk_wiz_0_0_1 rise edge)
                                                      0.000     0.000 r  
    H16                                               0.000     0.000 r  CLK_I (IN)
                         net (fo=0)                   0.000     0.000    design_1_i/clk_wiz_0/inst/clk_in1
    H16                  IBUF (Prop_ibuf_I_O)         0.225     0.225 r  design_1_i/clk_wiz_0/inst/clkin1_ibufg/O
                         net (fo=1, routed)           0.440     0.665    design_1_i/clk_wiz_0/inst/clk_in1_design_1_clk_wiz_0_0
    PLLE2_ADV_X0Y1       PLLE2_ADV (Prop_plle2_adv_CLKIN1_CLKOUT0)
                                                     -2.231    -1.565 r  design_1_i/clk_wiz_0/inst/plle2_adv_inst/CLKOUT0
                         net (fo=1, routed)           0.497    -1.068    design_1_i/clk_wiz_0/inst/clk_out1_design_1_clk_wiz_0_0
    BUFGCTRL_X0Y16       BUFG (Prop_bufg_I_O)         0.026    -1.042 r  design_1_i/clk_wiz_0/inst/clkout1_buf/O
                         net (fo=128, routed)         0.582    -0.461    design_1_i/TGP_1/U0/TGP_v1_0_M00_AXIS_inst/m00_axis_aclk
    SLICE_X41Y26         FDRE                                         r  design_1_i/TGP_1/U0/TGP_v1_0_M00_AXIS_inst/valid_reg_reg/C
  -------------------------------------------------------------------    -------------------
    SLICE_X41Y26         FDRE (Prop_fdre_C_Q)         0.141    -0.320 r  design_1_i/TGP_1/U0/TGP_v1_0_M00_AXIS_inst/valid_reg_reg/Q
                         net (fo=3, routed)           0.179    -0.140    design_1_i/TGP_1/U0/TGP_v1_0_M00_AXIS_inst/m00_axis_tvalid
    SLICE_X41Y26         LUT4 (Prop_lut4_I3_O)        0.045    -0.095 r  design_1_i/TGP_1/U0/TGP_v1_0_M00_AXIS_inst/valid_reg_i_1/O
                         net (fo=1, routed)           0.000    -0.095    design_1_i/TGP_1/U0/TGP_v1_0_M00_AXIS_inst/valid_reg_i_1_n_0
    SLICE_X41Y26         FDRE                                         r  design_1_i/TGP_1/U0/TGP_v1_0_M00_AXIS_inst/valid_reg_reg/D
  -------------------------------------------------------------------    -------------------

                         (clock clk_out1_design_1_clk_wiz_0_0 rise edge)
                                                      0.000     0.000 r  
    H16                                               0.000     0.000 r  CLK_I (IN)
                         net (fo=0)                   0.000     0.000    design_1_i/clk_wiz_0/inst/clk_in1
    H16                  IBUF (Prop_ibuf_I_O)         0.413     0.413 r  design_1_i/clk_wiz_0/inst/clkin1_ibufg/O
                         net (fo=1, routed)           0.481     0.894    design_1_i/clk_wiz_0/inst/clk_in1_design_1_clk_wiz_0_0
    PLLE2_ADV_X0Y1       PLLE2_ADV (Prop_plle2_adv_CLKIN1_CLKOUT0)
                                                     -2.543    -1.649 r  design_1_i/clk_wiz_0/inst/plle2_adv_inst/CLKOUT0
                         net (fo=1, routed)           0.544    -1.105    design_1_i/clk_wiz_0/inst/clk_out1_design_1_clk_wiz_0_0
    BUFGCTRL_X0Y16       BUFG (Prop_bufg_I_O)         0.029    -1.076 r  design_1_i/clk_wiz_0/inst/clkout1_buf/O
                         net (fo=128, routed)         0.848    -0.228    design_1_i/TGP_1/U0/TGP_v1_0_M00_AXIS_inst/m00_axis_aclk
    SLICE_X41Y26         FDRE                                         r  design_1_i/TGP_1/U0/TGP_v1_0_M00_AXIS_inst/valid_reg_reg/C
                         clock pessimism             -0.233    -0.461    
                         clock uncertainty            0.176    -0.284    
    SLICE_X41Y26         FDRE (Hold_fdre_C_D)         0.091    -0.193    design_1_i/TGP_1/U0/TGP_v1_0_M00_AXIS_inst/valid_reg_reg
  -------------------------------------------------------------------
                         required time                          0.193    
                         arrival time                          -0.095    
  -------------------------------------------------------------------
                         slack                                  0.098    

Slack (MET) :             0.100ns  (arrival time - required time)
  Source:                 design_1_i/TGP_1/U0/box_x_dir_reg/C
                            (rising edge-triggered cell FDRE clocked by clk_out1_design_1_clk_wiz_0_0_1  {rise@0.000ns fall@20.000ns period=40.000ns})
  Destination:            design_1_i/TGP_1/U0/box_x_dir_reg/D
                            (rising edge-triggered cell FDRE clocked by clk_out1_design_1_clk_wiz_0_0  {rise@0.000ns fall@20.000ns period=40.000ns})
  Path Group:             clk_out1_design_1_clk_wiz_0_0
  Path Type:              Hold (Min at Fast Process Corner)
  Requirement:            0.000ns  (clk_out1_design_1_clk_wiz_0_0 rise@0.000ns - clk_out1_design_1_clk_wiz_0_0_1 rise@0.000ns)
  Data Path Delay:        0.396ns  (logic 0.209ns (52.728%)  route 0.187ns (47.272%))
  Logic Levels:           1  (LUT5=1)
  Clock Path Skew:        0.000ns (DCD - SCD - CPR)
    Destination Clock Delay (DCD):    -0.228ns
    Source Clock Delay      (SCD):    -0.461ns
    Clock Pessimism Removal (CPR):    0.233ns
  Clock Uncertainty:      0.176ns  ((TSJ^2 + DJ^2)^1/2) / 2 + PE
    Total System Jitter     (TSJ):    0.071ns
    Discrete Jitter          (DJ):    0.345ns
    Phase Error              (PE):    0.000ns
  Clock Domain Crossing:  Inter clock paths are considered valid unless explicitly excluded by timing constraints such as set_clock_groups or set_false_path.

    Location             Delay type                Incr(ns)  Path(ns)    Netlist Resource(s)
  -------------------------------------------------------------------    -------------------
                         (clock clk_out1_design_1_clk_wiz_0_0_1 rise edge)
                                                      0.000     0.000 r  
    H16                                               0.000     0.000 r  CLK_I (IN)
                         net (fo=0)                   0.000     0.000    design_1_i/clk_wiz_0/inst/clk_in1
    H16                  IBUF (Prop_ibuf_I_O)         0.225     0.225 r  design_1_i/clk_wiz_0/inst/clkin1_ibufg/O
                         net (fo=1, routed)           0.440     0.665    design_1_i/clk_wiz_0/inst/clk_in1_design_1_clk_wiz_0_0
    PLLE2_ADV_X0Y1       PLLE2_ADV (Prop_plle2_adv_CLKIN1_CLKOUT0)
                                                     -2.231    -1.565 r  design_1_i/clk_wiz_0/inst/plle2_adv_inst/CLKOUT0
                         net (fo=1, routed)           0.497    -1.068    design_1_i/clk_wiz_0/inst/clk_out1_design_1_clk_wiz_0_0
    BUFGCTRL_X0Y16       BUFG (Prop_bufg_I_O)         0.026    -1.042 r  design_1_i/clk_wiz_0/inst/clkout1_buf/O
                         net (fo=128, routed)         0.582    -0.461    design_1_i/TGP_1/U0/m00_axis_aclk
    SLICE_X38Y27         FDRE                                         r  design_1_i/TGP_1/U0/box_x_dir_reg/C
  -------------------------------------------------------------------    -------------------
    SLICE_X38Y27         FDRE (Prop_fdre_C_Q)         0.164    -0.297 r  design_1_i/TGP_1/U0/box_x_dir_reg/Q
                         net (fo=27, routed)          0.187    -0.109    design_1_i/TGP_1/U0/box_x_dir_reg_n_0
    SLICE_X38Y27         LUT5 (Prop_lut5_I4_O)        0.045    -0.064 r  design_1_i/TGP_1/U0/box_x_dir_i_1/O
                         net (fo=1, routed)           0.000    -0.064    design_1_i/TGP_1/U0/box_x_dir_i_1_n_0
    SLICE_X38Y27         FDRE                                         r  design_1_i/TGP_1/U0/box_x_dir_reg/D
  -------------------------------------------------------------------    -------------------

                         (clock clk_out1_design_1_clk_wiz_0_0 rise edge)
                                                      0.000     0.000 r  
    H16                                               0.000     0.000 r  CLK_I (IN)
                         net (fo=0)                   0.000     0.000    design_1_i/clk_wiz_0/inst/clk_in1
    H16                  IBUF (Prop_ibuf_I_O)         0.413     0.413 r  design_1_i/clk_wiz_0/inst/clkin1_ibufg/O
                         net (fo=1, routed)           0.481     0.894    design_1_i/clk_wiz_0/inst/clk_in1_design_1_clk_wiz_0_0
    PLLE2_ADV_X0Y1       PLLE2_ADV (Prop_plle2_adv_CLKIN1_CLKOUT0)
                                                     -2.543    -1.649 r  design_1_i/clk_wiz_0/inst/plle2_adv_inst/CLKOUT0
                         net (fo=1, routed)           0.544    -1.105    design_1_i/clk_wiz_0/inst/clk_out1_design_1_clk_wiz_0_0
    BUFGCTRL_X0Y16       BUFG (Prop_bufg_I_O)         0.029    -1.076 r  design_1_i/clk_wiz_0/inst/clkout1_buf/O
                         net (fo=128, routed)         0.848    -0.228    design_1_i/TGP_1/U0/m00_axis_aclk
    SLICE_X38Y27         FDRE                                         r  design_1_i/TGP_1/U0/box_x_dir_reg/C
                         clock pessimism             -0.233    -0.461    
                         clock uncertainty            0.176    -0.284    
    SLICE_X38Y27         FDRE (Hold_fdre_C_D)         0.120    -0.164    design_1_i/TGP_1/U0/box_x_dir_reg
  -------------------------------------------------------------------
                         required time                          0.164    
                         arrival time                          -0.064    
  -------------------------------------------------------------------
                         slack                                  0.100    

Slack (MET) :             0.100ns  (arrival time - required time)
  Source:                 design_1_i/TGP_1/U0/v_cntr_reg_reg[7]/C
                            (rising edge-triggered cell FDRE clocked by clk_out1_design_1_clk_wiz_0_0_1  {rise@0.000ns fall@20.000ns period=40.000ns})
  Destination:            design_1_i/TGP_1/U0/v_cntr_reg_reg[7]/D
                            (rising edge-triggered cell FDRE clocked by clk_out1_design_1_clk_wiz_0_0  {rise@0.000ns fall@20.000ns period=40.000ns})
  Path Group:             clk_out1_design_1_clk_wiz_0_0
  Path Type:              Hold (Min at Fast Process Corner)
  Requirement:            0.000ns  (clk_out1_design_1_clk_wiz_0_0 rise@0.000ns - clk_out1_design_1_clk_wiz_0_0_1 rise@0.000ns)
  Data Path Delay:        0.381ns  (logic 0.249ns (65.279%)  route 0.132ns (34.721%))
  Logic Levels:           1  (CARRY4=1)
  Clock Path Skew:        0.000ns (DCD - SCD - CPR)
    Destination Clock Delay (DCD):    -0.253ns
    Source Clock Delay      (SCD):    -0.486ns
    Clock Pessimism Removal (CPR):    0.233ns
  Clock Uncertainty:      0.176ns  ((TSJ^2 + DJ^2)^1/2) / 2 + PE
    Total System Jitter     (TSJ):    0.071ns
    Discrete Jitter          (DJ):    0.345ns
    Phase Error              (PE):    0.000ns
  Clock Domain Crossing:  Inter clock paths are considered valid unless explicitly excluded by timing constraints such as set_clock_groups or set_false_path.

    Location             Delay type                Incr(ns)  Path(ns)    Netlist Resource(s)
  -------------------------------------------------------------------    -------------------
                         (clock clk_out1_design_1_clk_wiz_0_0_1 rise edge)
                                                      0.000     0.000 r  
    H16                                               0.000     0.000 r  CLK_I (IN)
                         net (fo=0)                   0.000     0.000    design_1_i/clk_wiz_0/inst/clk_in1
    H16                  IBUF (Prop_ibuf_I_O)         0.225     0.225 r  design_1_i/clk_wiz_0/inst/clkin1_ibufg/O
                         net (fo=1, routed)           0.440     0.665    design_1_i/clk_wiz_0/inst/clk_in1_design_1_clk_wiz_0_0
    PLLE2_ADV_X0Y1       PLLE2_ADV (Prop_plle2_adv_CLKIN1_CLKOUT0)
                                                     -2.231    -1.565 r  design_1_i/clk_wiz_0/inst/plle2_adv_inst/CLKOUT0
                         net (fo=1, routed)           0.497    -1.068    design_1_i/clk_wiz_0/inst/clk_out1_design_1_clk_wiz_0_0
    BUFGCTRL_X0Y16       BUFG (Prop_bufg_I_O)         0.026    -1.042 r  design_1_i/clk_wiz_0/inst/clkout1_buf/O
                         net (fo=128, routed)         0.557    -0.486    design_1_i/TGP_1/U0/m00_axis_aclk
    SLICE_X33Y19         FDRE                                         r  design_1_i/TGP_1/U0/v_cntr_reg_reg[7]/C
  -------------------------------------------------------------------    -------------------
    SLICE_X33Y19         FDRE (Prop_fdre_C_Q)         0.141    -0.345 r  design_1_i/TGP_1/U0/v_cntr_reg_reg[7]/Q
                         net (fo=8, routed)           0.132    -0.212    design_1_i/TGP_1/U0/v_cntr_reg_reg[7]
    SLICE_X33Y19         CARRY4 (Prop_carry4_S[3]_O[3])
                                                      0.108    -0.104 r  design_1_i/TGP_1/U0/v_cntr_reg_reg[4]_i_1/O[3]
                         net (fo=1, routed)           0.000    -0.104    design_1_i/TGP_1/U0/v_cntr_reg_reg[4]_i_1_n_4
    SLICE_X33Y19         FDRE                                         r  design_1_i/TGP_1/U0/v_cntr_reg_reg[7]/D
  -------------------------------------------------------------------    -------------------

                         (clock clk_out1_design_1_clk_wiz_0_0 rise edge)
                                                      0.000     0.000 r  
    H16                                               0.000     0.000 r  CLK_I (IN)
                         net (fo=0)                   0.000     0.000    design_1_i/clk_wiz_0/inst/clk_in1
    H16                  IBUF (Prop_ibuf_I_O)         0.413     0.413 r  design_1_i/clk_wiz_0/inst/clkin1_ibufg/O
                         net (fo=1, routed)           0.481     0.894    design_1_i/clk_wiz_0/inst/clk_in1_design_1_clk_wiz_0_0
    PLLE2_ADV_X0Y1       PLLE2_ADV (Prop_plle2_adv_CLKIN1_CLKOUT0)
                                                     -2.543    -1.649 r  design_1_i/clk_wiz_0/inst/plle2_adv_inst/CLKOUT0
                         net (fo=1, routed)           0.544    -1.105    design_1_i/clk_wiz_0/inst/clk_out1_design_1_clk_wiz_0_0
    BUFGCTRL_X0Y16       BUFG (Prop_bufg_I_O)         0.029    -1.076 r  design_1_i/clk_wiz_0/inst/clkout1_buf/O
                         net (fo=128, routed)         0.823    -0.253    design_1_i/TGP_1/U0/m00_axis_aclk
    SLICE_X33Y19         FDRE                                         r  design_1_i/TGP_1/U0/v_cntr_reg_reg[7]/C
                         clock pessimism             -0.233    -0.486    
                         clock uncertainty            0.176    -0.309    
    SLICE_X33Y19         FDRE (Hold_fdre_C_D)         0.105    -0.204    design_1_i/TGP_1/U0/v_cntr_reg_reg[7]
  -------------------------------------------------------------------
                         required time                          0.204    
                         arrival time                          -0.104    
  -------------------------------------------------------------------
                         slack                                  0.100    

Slack (MET) :             0.100ns  (arrival time - required time)
  Source:                 design_1_i/TGP_1/U0/h_cntr_reg_reg[11]/C
                            (rising edge-triggered cell FDRE clocked by clk_out1_design_1_clk_wiz_0_0_1  {rise@0.000ns fall@20.000ns period=40.000ns})
  Destination:            design_1_i/TGP_1/U0/h_cntr_reg_reg[11]/D
                            (rising edge-triggered cell FDRE clocked by clk_out1_design_1_clk_wiz_0_0  {rise@0.000ns fall@20.000ns period=40.000ns})
  Path Group:             clk_out1_design_1_clk_wiz_0_0
  Path Type:              Hold (Min at Fast Process Corner)
  Requirement:            0.000ns  (clk_out1_design_1_clk_wiz_0_0 rise@0.000ns - clk_out1_design_1_clk_wiz_0_0_1 rise@0.000ns)
  Data Path Delay:        0.382ns  (logic 0.249ns (65.268%)  route 0.133ns (34.732%))
  Logic Levels:           1  (CARRY4=1)
  Clock Path Skew:        0.000ns (DCD - SCD - CPR)
    Destination Clock Delay (DCD):    -0.230ns
    Source Clock Delay      (SCD):    -0.463ns
    Clock Pessimism Removal (CPR):    0.233ns
  Clock Uncertainty:      0.176ns  ((TSJ^2 + DJ^2)^1/2) / 2 + PE
    Total System Jitter     (TSJ):    0.071ns
    Discrete Jitter          (DJ):    0.345ns
    Phase Error              (PE):    0.000ns
  Clock Domain Crossing:  Inter clock paths are considered valid unless explicitly excluded by timing constraints such as set_clock_groups or set_false_path.

    Location             Delay type                Incr(ns)  Path(ns)    Netlist Resource(s)
  -------------------------------------------------------------------    -------------------
                         (clock clk_out1_design_1_clk_wiz_0_0_1 rise edge)
                                                      0.000     0.000 r  
    H16                                               0.000     0.000 r  CLK_I (IN)
                         net (fo=0)                   0.000     0.000    design_1_i/clk_wiz_0/inst/clk_in1
    H16                  IBUF (Prop_ibuf_I_O)         0.225     0.225 r  design_1_i/clk_wiz_0/inst/clkin1_ibufg/O
                         net (fo=1, routed)           0.440     0.665    design_1_i/clk_wiz_0/inst/clk_in1_design_1_clk_wiz_0_0
    PLLE2_ADV_X0Y1       PLLE2_ADV (Prop_plle2_adv_CLKIN1_CLKOUT0)
                                                     -2.231    -1.565 r  design_1_i/clk_wiz_0/inst/plle2_adv_inst/CLKOUT0
                         net (fo=1, routed)           0.497    -1.068    design_1_i/clk_wiz_0/inst/clk_out1_design_1_clk_wiz_0_0
    BUFGCTRL_X0Y16       BUFG (Prop_bufg_I_O)         0.026    -1.042 r  design_1_i/clk_wiz_0/inst/clkout1_buf/O
                         net (fo=128, routed)         0.580    -0.463    design_1_i/TGP_1/U0/m00_axis_aclk
    SLICE_X37Y26         FDRE                                         r  design_1_i/TGP_1/U0/h_cntr_reg_reg[11]/C
  -------------------------------------------------------------------    -------------------
    SLICE_X37Y26         FDRE (Prop_fdre_C_Q)         0.141    -0.322 r  design_1_i/TGP_1/U0/h_cntr_reg_reg[11]/Q
                         net (fo=8, routed)           0.133    -0.189    design_1_i/TGP_1/U0/h_cntr_reg_reg_n_0_[11]
    SLICE_X37Y26         CARRY4 (Prop_carry4_S[3]_O[3])
                                                      0.108    -0.081 r  design_1_i/TGP_1/U0/h_cntr_reg_reg[8]_i_1/O[3]
                         net (fo=1, routed)           0.000    -0.081    design_1_i/TGP_1/U0/h_cntr_reg_reg[8]_i_1_n_4
    SLICE_X37Y26         FDRE                                         r  design_1_i/TGP_1/U0/h_cntr_reg_reg[11]/D
  -------------------------------------------------------------------    -------------------

                         (clock clk_out1_design_1_clk_wiz_0_0 rise edge)
                                                      0.000     0.000 r  
    H16                                               0.000     0.000 r  CLK_I (IN)
                         net (fo=0)                   0.000     0.000    design_1_i/clk_wiz_0/inst/clk_in1
    H16                  IBUF (Prop_ibuf_I_O)         0.413     0.413 r  design_1_i/clk_wiz_0/inst/clkin1_ibufg/O
                         net (fo=1, routed)           0.481     0.894    design_1_i/clk_wiz_0/inst/clk_in1_design_1_clk_wiz_0_0
    PLLE2_ADV_X0Y1       PLLE2_ADV (Prop_plle2_adv_CLKIN1_CLKOUT0)
                                                     -2.543    -1.649 r  design_1_i/clk_wiz_0/inst/plle2_adv_inst/CLKOUT0
                         net (fo=1, routed)           0.544    -1.105    design_1_i/clk_wiz_0/inst/clk_out1_design_1_clk_wiz_0_0
    BUFGCTRL_X0Y16       BUFG (Prop_bufg_I_O)         0.029    -1.076 r  design_1_i/clk_wiz_0/inst/clkout1_buf/O
                         net (fo=128, routed)         0.846    -0.230    design_1_i/TGP_1/U0/m00_axis_aclk
    SLICE_X37Y26         FDRE                                         r  design_1_i/TGP_1/U0/h_cntr_reg_reg[11]/C
                         clock pessimism             -0.233    -0.463    
                         clock uncertainty            0.176    -0.286    
    SLICE_X37Y26         FDRE (Hold_fdre_C_D)         0.105    -0.181    design_1_i/TGP_1/U0/h_cntr_reg_reg[11]
  -------------------------------------------------------------------
                         required time                          0.181    
                         arrival time                          -0.081    
  -------------------------------------------------------------------
                         slack                                  0.100    





---------------------------------------------------------------------------------------------------
From Clock:  clk_out1_design_1_clk_wiz_0_0
  To Clock:  clk_out1_design_1_clk_wiz_0_0_1

Setup :            0  Failing Endpoints,  Worst Slack       33.574ns,  Total Violation        0.000ns
Hold  :            0  Failing Endpoints,  Worst Slack        0.036ns,  Total Violation        0.000ns
---------------------------------------------------------------------------------------------------


Max Delay Paths
--------------------------------------------------------------------------------------
Slack (MET) :             33.574ns  (required time - arrival time)
  Source:                 design_1_i/TGP_1/U0/h_cntr_reg_reg[1]/C
                            (rising edge-triggered cell FDRE clocked by clk_out1_design_1_clk_wiz_0_0  {rise@0.000ns fall@20.000ns period=40.000ns})
  Destination:            design_1_i/TGP_1/U0/v_cntr_reg_reg[0]/R
                            (rising edge-triggered cell FDRE clocked by clk_out1_design_1_clk_wiz_0_0_1  {rise@0.000ns fall@20.000ns period=40.000ns})
  Path Group:             clk_out1_design_1_clk_wiz_0_0_1
  Path Type:              Setup (Max at Slow Process Corner)
  Requirement:            40.000ns  (clk_out1_design_1_clk_wiz_0_0_1 rise@40.000ns - clk_out1_design_1_clk_wiz_0_0 rise@0.000ns)
  Data Path Delay:        5.694ns  (logic 0.828ns (14.541%)  route 4.866ns (85.459%))
  Logic Levels:           3  (LUT4=1 LUT6=2)
  Clock Path Skew:        -0.127ns (DCD - SCD + CPR)
    Destination Clock Delay (DCD):    -1.891ns = ( 38.109 - 40.000 ) 
    Source Clock Delay      (SCD):    -2.166ns
    Clock Pessimism Removal (CPR):    -0.402ns
  Clock Uncertainty:      0.176ns  ((TSJ^2 + DJ^2)^1/2) / 2 + PE
    Total System Jitter     (TSJ):    0.071ns
    Discrete Jitter          (DJ):    0.345ns
    Phase Error              (PE):    0.000ns
  Clock Domain Crossing:  Inter clock paths are considered valid unless explicitly excluded by timing constraints such as set_clock_groups or set_false_path.

    Location             Delay type                Incr(ns)  Path(ns)    Netlist Resource(s)
  -------------------------------------------------------------------    -------------------
                         (clock clk_out1_design_1_clk_wiz_0_0 rise edge)
                                                      0.000     0.000 r  
    H16                                               0.000     0.000 r  CLK_I (IN)
                         net (fo=0)                   0.000     0.000    design_1_i/clk_wiz_0/inst/clk_in1
    H16                  IBUF (Prop_ibuf_I_O)         1.457     1.457 r  design_1_i/clk_wiz_0/inst/clkin1_ibufg/O
                         net (fo=1, routed)           1.306     2.763    design_1_i/clk_wiz_0/inst/clk_in1_design_1_clk_wiz_0_0
    PLLE2_ADV_X0Y1       PLLE2_ADV (Prop_plle2_adv_CLKIN1_CLKOUT0)
                                                     -8.519    -5.756 r  design_1_i/clk_wiz_0/inst/plle2_adv_inst/CLKOUT0
                         net (fo=1, routed)           1.754    -4.002    design_1_i/clk_wiz_0/inst/clk_out1_design_1_clk_wiz_0_0
    BUFGCTRL_X0Y16       BUFG (Prop_bufg_I_O)         0.101    -3.901 r  design_1_i/clk_wiz_0/inst/clkout1_buf/O
                         net (fo=128, routed)         1.735    -2.166    design_1_i/TGP_1/U0/m00_axis_aclk
    SLICE_X37Y24         FDRE                                         r  design_1_i/TGP_1/U0/h_cntr_reg_reg[1]/C
  -------------------------------------------------------------------    -------------------
    SLICE_X37Y24         FDRE (Prop_fdre_C_Q)         0.456    -1.710 r  design_1_i/TGP_1/U0/h_cntr_reg_reg[1]/Q
                         net (fo=6, routed)           1.181    -0.528    design_1_i/TGP_1/U0/h_cntr_reg_reg_n_0_[1]
    SLICE_X39Y26         LUT4 (Prop_lut4_I3_O)        0.124    -0.404 f  design_1_i/TGP_1/U0/h_cntr_reg[0]_i_3/O
                         net (fo=1, routed)           0.985     0.581    design_1_i/TGP_1/U0/h_cntr_reg[0]_i_3_n_0
    SLICE_X39Y26         LUT6 (Prop_lut6_I4_O)        0.124     0.705 r  design_1_i/TGP_1/U0/h_cntr_reg[0]_i_1/O
                         net (fo=25, routed)          2.049     2.754    design_1_i/TGP_1/U0/eqOp1_in
    SLICE_X33Y21         LUT6 (Prop_lut6_I0_O)        0.124     2.878 r  design_1_i/TGP_1/U0/v_cntr_reg[0]_i_1/O
                         net (fo=12, routed)          0.650     3.528    design_1_i/TGP_1/U0/v_cntr_reg0
    SLICE_X33Y18         FDRE                                         r  design_1_i/TGP_1/U0/v_cntr_reg_reg[0]/R
  -------------------------------------------------------------------    -------------------

                         (clock clk_out1_design_1_clk_wiz_0_0_1 rise edge)
                                                     40.000    40.000 r  
    H16                                               0.000    40.000 r  CLK_I (IN)
                         net (fo=0)                   0.000    40.000    design_1_i/clk_wiz_0/inst/clk_in1
    H16                  IBUF (Prop_ibuf_I_O)         1.387    41.387 r  design_1_i/clk_wiz_0/inst/clkin1_ibufg/O
                         net (fo=1, routed)           1.181    42.568    design_1_i/clk_wiz_0/inst/clk_in1_design_1_clk_wiz_0_0
    PLLE2_ADV_X0Y1       PLLE2_ADV (Prop_plle2_adv_CLKIN1_CLKOUT0)
                                                     -7.637    34.931 r  design_1_i/clk_wiz_0/inst/plle2_adv_inst/CLKOUT0
                         net (fo=1, routed)           1.594    36.525    design_1_i/clk_wiz_0/inst/clk_out1_design_1_clk_wiz_0_0
    BUFGCTRL_X0Y16       BUFG (Prop_bufg_I_O)         0.091    36.616 r  design_1_i/clk_wiz_0/inst/clkout1_buf/O
                         net (fo=128, routed)         1.493    38.109    design_1_i/TGP_1/U0/m00_axis_aclk
    SLICE_X33Y18         FDRE                                         r  design_1_i/TGP_1/U0/v_cntr_reg_reg[0]/C
                         clock pessimism             -0.402    37.707    
                         clock uncertainty           -0.176    37.531    
    SLICE_X33Y18         FDRE (Setup_fdre_C_R)       -0.429    37.102    design_1_i/TGP_1/U0/v_cntr_reg_reg[0]
  -------------------------------------------------------------------
                         required time                         37.102    
                         arrival time                          -3.528    
  -------------------------------------------------------------------
                         slack                                 33.574    

Slack (MET) :             33.574ns  (required time - arrival time)
  Source:                 design_1_i/TGP_1/U0/h_cntr_reg_reg[1]/C
                            (rising edge-triggered cell FDRE clocked by clk_out1_design_1_clk_wiz_0_0  {rise@0.000ns fall@20.000ns period=40.000ns})
  Destination:            design_1_i/TGP_1/U0/v_cntr_reg_reg[1]/R
                            (rising edge-triggered cell FDRE clocked by clk_out1_design_1_clk_wiz_0_0_1  {rise@0.000ns fall@20.000ns period=40.000ns})
  Path Group:             clk_out1_design_1_clk_wiz_0_0_1
  Path Type:              Setup (Max at Slow Process Corner)
  Requirement:            40.000ns  (clk_out1_design_1_clk_wiz_0_0_1 rise@40.000ns - clk_out1_design_1_clk_wiz_0_0 rise@0.000ns)
  Data Path Delay:        5.694ns  (logic 0.828ns (14.541%)  route 4.866ns (85.459%))
  Logic Levels:           3  (LUT4=1 LUT6=2)
  Clock Path Skew:        -0.127ns (DCD - SCD + CPR)
    Destination Clock Delay (DCD):    -1.891ns = ( 38.109 - 40.000 ) 
    Source Clock Delay      (SCD):    -2.166ns
    Clock Pessimism Removal (CPR):    -0.402ns
  Clock Uncertainty:      0.176ns  ((TSJ^2 + DJ^2)^1/2) / 2 + PE
    Total System Jitter     (TSJ):    0.071ns
    Discrete Jitter          (DJ):    0.345ns
    Phase Error              (PE):    0.000ns
  Clock Domain Crossing:  Inter clock paths are considered valid unless explicitly excluded by timing constraints such as set_clock_groups or set_false_path.

    Location             Delay type                Incr(ns)  Path(ns)    Netlist Resource(s)
  -------------------------------------------------------------------    -------------------
                         (clock clk_out1_design_1_clk_wiz_0_0 rise edge)
                                                      0.000     0.000 r  
    H16                                               0.000     0.000 r  CLK_I (IN)
                         net (fo=0)                   0.000     0.000    design_1_i/clk_wiz_0/inst/clk_in1
    H16                  IBUF (Prop_ibuf_I_O)         1.457     1.457 r  design_1_i/clk_wiz_0/inst/clkin1_ibufg/O
                         net (fo=1, routed)           1.306     2.763    design_1_i/clk_wiz_0/inst/clk_in1_design_1_clk_wiz_0_0
    PLLE2_ADV_X0Y1       PLLE2_ADV (Prop_plle2_adv_CLKIN1_CLKOUT0)
                                                     -8.519    -5.756 r  design_1_i/clk_wiz_0/inst/plle2_adv_inst/CLKOUT0
                         net (fo=1, routed)           1.754    -4.002    design_1_i/clk_wiz_0/inst/clk_out1_design_1_clk_wiz_0_0
    BUFGCTRL_X0Y16       BUFG (Prop_bufg_I_O)         0.101    -3.901 r  design_1_i/clk_wiz_0/inst/clkout1_buf/O
                         net (fo=128, routed)         1.735    -2.166    design_1_i/TGP_1/U0/m00_axis_aclk
    SLICE_X37Y24         FDRE                                         r  design_1_i/TGP_1/U0/h_cntr_reg_reg[1]/C
  -------------------------------------------------------------------    -------------------
    SLICE_X37Y24         FDRE (Prop_fdre_C_Q)         0.456    -1.710 r  design_1_i/TGP_1/U0/h_cntr_reg_reg[1]/Q
                         net (fo=6, routed)           1.181    -0.528    design_1_i/TGP_1/U0/h_cntr_reg_reg_n_0_[1]
    SLICE_X39Y26         LUT4 (Prop_lut4_I3_O)        0.124    -0.404 f  design_1_i/TGP_1/U0/h_cntr_reg[0]_i_3/O
                         net (fo=1, routed)           0.985     0.581    design_1_i/TGP_1/U0/h_cntr_reg[0]_i_3_n_0
    SLICE_X39Y26         LUT6 (Prop_lut6_I4_O)        0.124     0.705 r  design_1_i/TGP_1/U0/h_cntr_reg[0]_i_1/O
                         net (fo=25, routed)          2.049     2.754    design_1_i/TGP_1/U0/eqOp1_in
    SLICE_X33Y21         LUT6 (Prop_lut6_I0_O)        0.124     2.878 r  design_1_i/TGP_1/U0/v_cntr_reg[0]_i_1/O
                         net (fo=12, routed)          0.650     3.528    design_1_i/TGP_1/U0/v_cntr_reg0
    SLICE_X33Y18         FDRE                                         r  design_1_i/TGP_1/U0/v_cntr_reg_reg[1]/R
  -------------------------------------------------------------------    -------------------

                         (clock clk_out1_design_1_clk_wiz_0_0_1 rise edge)
                                                     40.000    40.000 r  
    H16                                               0.000    40.000 r  CLK_I (IN)
                         net (fo=0)                   0.000    40.000    design_1_i/clk_wiz_0/inst/clk_in1
    H16                  IBUF (Prop_ibuf_I_O)         1.387    41.387 r  design_1_i/clk_wiz_0/inst/clkin1_ibufg/O
                         net (fo=1, routed)           1.181    42.568    design_1_i/clk_wiz_0/inst/clk_in1_design_1_clk_wiz_0_0
    PLLE2_ADV_X0Y1       PLLE2_ADV (Prop_plle2_adv_CLKIN1_CLKOUT0)
                                                     -7.637    34.931 r  design_1_i/clk_wiz_0/inst/plle2_adv_inst/CLKOUT0
                         net (fo=1, routed)           1.594    36.525    design_1_i/clk_wiz_0/inst/clk_out1_design_1_clk_wiz_0_0
    BUFGCTRL_X0Y16       BUFG (Prop_bufg_I_O)         0.091    36.616 r  design_1_i/clk_wiz_0/inst/clkout1_buf/O
                         net (fo=128, routed)         1.493    38.109    design_1_i/TGP_1/U0/m00_axis_aclk
    SLICE_X33Y18         FDRE                                         r  design_1_i/TGP_1/U0/v_cntr_reg_reg[1]/C
                         clock pessimism             -0.402    37.707    
                         clock uncertainty           -0.176    37.531    
    SLICE_X33Y18         FDRE (Setup_fdre_C_R)       -0.429    37.102    design_1_i/TGP_1/U0/v_cntr_reg_reg[1]
  -------------------------------------------------------------------
                         required time                         37.102    
                         arrival time                          -3.528    
  -------------------------------------------------------------------
                         slack                                 33.574    

Slack (MET) :             33.574ns  (required time - arrival time)
  Source:                 design_1_i/TGP_1/U0/h_cntr_reg_reg[1]/C
                            (rising edge-triggered cell FDRE clocked by clk_out1_design_1_clk_wiz_0_0  {rise@0.000ns fall@20.000ns period=40.000ns})
  Destination:            design_1_i/TGP_1/U0/v_cntr_reg_reg[2]/R
                            (rising edge-triggered cell FDRE clocked by clk_out1_design_1_clk_wiz_0_0_1  {rise@0.000ns fall@20.000ns period=40.000ns})
  Path Group:             clk_out1_design_1_clk_wiz_0_0_1
  Path Type:              Setup (Max at Slow Process Corner)
  Requirement:            40.000ns  (clk_out1_design_1_clk_wiz_0_0_1 rise@40.000ns - clk_out1_design_1_clk_wiz_0_0 rise@0.000ns)
  Data Path Delay:        5.694ns  (logic 0.828ns (14.541%)  route 4.866ns (85.459%))
  Logic Levels:           3  (LUT4=1 LUT6=2)
  Clock Path Skew:        -0.127ns (DCD - SCD + CPR)
    Destination Clock Delay (DCD):    -1.891ns = ( 38.109 - 40.000 ) 
    Source Clock Delay      (SCD):    -2.166ns
    Clock Pessimism Removal (CPR):    -0.402ns
  Clock Uncertainty:      0.176ns  ((TSJ^2 + DJ^2)^1/2) / 2 + PE
    Total System Jitter     (TSJ):    0.071ns
    Discrete Jitter          (DJ):    0.345ns
    Phase Error              (PE):    0.000ns
  Clock Domain Crossing:  Inter clock paths are considered valid unless explicitly excluded by timing constraints such as set_clock_groups or set_false_path.

    Location             Delay type                Incr(ns)  Path(ns)    Netlist Resource(s)
  -------------------------------------------------------------------    -------------------
                         (clock clk_out1_design_1_clk_wiz_0_0 rise edge)
                                                      0.000     0.000 r  
    H16                                               0.000     0.000 r  CLK_I (IN)
                         net (fo=0)                   0.000     0.000    design_1_i/clk_wiz_0/inst/clk_in1
    H16                  IBUF (Prop_ibuf_I_O)         1.457     1.457 r  design_1_i/clk_wiz_0/inst/clkin1_ibufg/O
                         net (fo=1, routed)           1.306     2.763    design_1_i/clk_wiz_0/inst/clk_in1_design_1_clk_wiz_0_0
    PLLE2_ADV_X0Y1       PLLE2_ADV (Prop_plle2_adv_CLKIN1_CLKOUT0)
                                                     -8.519    -5.756 r  design_1_i/clk_wiz_0/inst/plle2_adv_inst/CLKOUT0
                         net (fo=1, routed)           1.754    -4.002    design_1_i/clk_wiz_0/inst/clk_out1_design_1_clk_wiz_0_0
    BUFGCTRL_X0Y16       BUFG (Prop_bufg_I_O)         0.101    -3.901 r  design_1_i/clk_wiz_0/inst/clkout1_buf/O
                         net (fo=128, routed)         1.735    -2.166    design_1_i/TGP_1/U0/m00_axis_aclk
    SLICE_X37Y24         FDRE                                         r  design_1_i/TGP_1/U0/h_cntr_reg_reg[1]/C
  -------------------------------------------------------------------    -------------------
    SLICE_X37Y24         FDRE (Prop_fdre_C_Q)         0.456    -1.710 r  design_1_i/TGP_1/U0/h_cntr_reg_reg[1]/Q
                         net (fo=6, routed)           1.181    -0.528    design_1_i/TGP_1/U0/h_cntr_reg_reg_n_0_[1]
    SLICE_X39Y26         LUT4 (Prop_lut4_I3_O)        0.124    -0.404 f  design_1_i/TGP_1/U0/h_cntr_reg[0]_i_3/O
                         net (fo=1, routed)           0.985     0.581    design_1_i/TGP_1/U0/h_cntr_reg[0]_i_3_n_0
    SLICE_X39Y26         LUT6 (Prop_lut6_I4_O)        0.124     0.705 r  design_1_i/TGP_1/U0/h_cntr_reg[0]_i_1/O
                         net (fo=25, routed)          2.049     2.754    design_1_i/TGP_1/U0/eqOp1_in
    SLICE_X33Y21         LUT6 (Prop_lut6_I0_O)        0.124     2.878 r  design_1_i/TGP_1/U0/v_cntr_reg[0]_i_1/O
                         net (fo=12, routed)          0.650     3.528    design_1_i/TGP_1/U0/v_cntr_reg0
    SLICE_X33Y18         FDRE                                         r  design_1_i/TGP_1/U0/v_cntr_reg_reg[2]/R
  -------------------------------------------------------------------    -------------------

                         (clock clk_out1_design_1_clk_wiz_0_0_1 rise edge)
                                                     40.000    40.000 r  
    H16                                               0.000    40.000 r  CLK_I (IN)
                         net (fo=0)                   0.000    40.000    design_1_i/clk_wiz_0/inst/clk_in1
    H16                  IBUF (Prop_ibuf_I_O)         1.387    41.387 r  design_1_i/clk_wiz_0/inst/clkin1_ibufg/O
                         net (fo=1, routed)           1.181    42.568    design_1_i/clk_wiz_0/inst/clk_in1_design_1_clk_wiz_0_0
    PLLE2_ADV_X0Y1       PLLE2_ADV (Prop_plle2_adv_CLKIN1_CLKOUT0)
                                                     -7.637    34.931 r  design_1_i/clk_wiz_0/inst/plle2_adv_inst/CLKOUT0
                         net (fo=1, routed)           1.594    36.525    design_1_i/clk_wiz_0/inst/clk_out1_design_1_clk_wiz_0_0
    BUFGCTRL_X0Y16       BUFG (Prop_bufg_I_O)         0.091    36.616 r  design_1_i/clk_wiz_0/inst/clkout1_buf/O
                         net (fo=128, routed)         1.493    38.109    design_1_i/TGP_1/U0/m00_axis_aclk
    SLICE_X33Y18         FDRE                                         r  design_1_i/TGP_1/U0/v_cntr_reg_reg[2]/C
                         clock pessimism             -0.402    37.707    
                         clock uncertainty           -0.176    37.531    
    SLICE_X33Y18         FDRE (Setup_fdre_C_R)       -0.429    37.102    design_1_i/TGP_1/U0/v_cntr_reg_reg[2]
  -------------------------------------------------------------------
                         required time                         37.102    
                         arrival time                          -3.528    
  -------------------------------------------------------------------
                         slack                                 33.574    

Slack (MET) :             33.574ns  (required time - arrival time)
  Source:                 design_1_i/TGP_1/U0/h_cntr_reg_reg[1]/C
                            (rising edge-triggered cell FDRE clocked by clk_out1_design_1_clk_wiz_0_0  {rise@0.000ns fall@20.000ns period=40.000ns})
  Destination:            design_1_i/TGP_1/U0/v_cntr_reg_reg[3]/R
                            (rising edge-triggered cell FDRE clocked by clk_out1_design_1_clk_wiz_0_0_1  {rise@0.000ns fall@20.000ns period=40.000ns})
  Path Group:             clk_out1_design_1_clk_wiz_0_0_1
  Path Type:              Setup (Max at Slow Process Corner)
  Requirement:            40.000ns  (clk_out1_design_1_clk_wiz_0_0_1 rise@40.000ns - clk_out1_design_1_clk_wiz_0_0 rise@0.000ns)
  Data Path Delay:        5.694ns  (logic 0.828ns (14.541%)  route 4.866ns (85.459%))
  Logic Levels:           3  (LUT4=1 LUT6=2)
  Clock Path Skew:        -0.127ns (DCD - SCD + CPR)
    Destination Clock Delay (DCD):    -1.891ns = ( 38.109 - 40.000 ) 
    Source Clock Delay      (SCD):    -2.166ns
    Clock Pessimism Removal (CPR):    -0.402ns
  Clock Uncertainty:      0.176ns  ((TSJ^2 + DJ^2)^1/2) / 2 + PE
    Total System Jitter     (TSJ):    0.071ns
    Discrete Jitter          (DJ):    0.345ns
    Phase Error              (PE):    0.000ns
  Clock Domain Crossing:  Inter clock paths are considered valid unless explicitly excluded by timing constraints such as set_clock_groups or set_false_path.

    Location             Delay type                Incr(ns)  Path(ns)    Netlist Resource(s)
  -------------------------------------------------------------------    -------------------
                         (clock clk_out1_design_1_clk_wiz_0_0 rise edge)
                                                      0.000     0.000 r  
    H16                                               0.000     0.000 r  CLK_I (IN)
                         net (fo=0)                   0.000     0.000    design_1_i/clk_wiz_0/inst/clk_in1
    H16                  IBUF (Prop_ibuf_I_O)         1.457     1.457 r  design_1_i/clk_wiz_0/inst/clkin1_ibufg/O
                         net (fo=1, routed)           1.306     2.763    design_1_i/clk_wiz_0/inst/clk_in1_design_1_clk_wiz_0_0
    PLLE2_ADV_X0Y1       PLLE2_ADV (Prop_plle2_adv_CLKIN1_CLKOUT0)
                                                     -8.519    -5.756 r  design_1_i/clk_wiz_0/inst/plle2_adv_inst/CLKOUT0
                         net (fo=1, routed)           1.754    -4.002    design_1_i/clk_wiz_0/inst/clk_out1_design_1_clk_wiz_0_0
    BUFGCTRL_X0Y16       BUFG (Prop_bufg_I_O)         0.101    -3.901 r  design_1_i/clk_wiz_0/inst/clkout1_buf/O
                         net (fo=128, routed)         1.735    -2.166    design_1_i/TGP_1/U0/m00_axis_aclk
    SLICE_X37Y24         FDRE                                         r  design_1_i/TGP_1/U0/h_cntr_reg_reg[1]/C
  -------------------------------------------------------------------    -------------------
    SLICE_X37Y24         FDRE (Prop_fdre_C_Q)         0.456    -1.710 r  design_1_i/TGP_1/U0/h_cntr_reg_reg[1]/Q
                         net (fo=6, routed)           1.181    -0.528    design_1_i/TGP_1/U0/h_cntr_reg_reg_n_0_[1]
    SLICE_X39Y26         LUT4 (Prop_lut4_I3_O)        0.124    -0.404 f  design_1_i/TGP_1/U0/h_cntr_reg[0]_i_3/O
                         net (fo=1, routed)           0.985     0.581    design_1_i/TGP_1/U0/h_cntr_reg[0]_i_3_n_0
    SLICE_X39Y26         LUT6 (Prop_lut6_I4_O)        0.124     0.705 r  design_1_i/TGP_1/U0/h_cntr_reg[0]_i_1/O
                         net (fo=25, routed)          2.049     2.754    design_1_i/TGP_1/U0/eqOp1_in
    SLICE_X33Y21         LUT6 (Prop_lut6_I0_O)        0.124     2.878 r  design_1_i/TGP_1/U0/v_cntr_reg[0]_i_1/O
                         net (fo=12, routed)          0.650     3.528    design_1_i/TGP_1/U0/v_cntr_reg0
    SLICE_X33Y18         FDRE                                         r  design_1_i/TGP_1/U0/v_cntr_reg_reg[3]/R
  -------------------------------------------------------------------    -------------------

                         (clock clk_out1_design_1_clk_wiz_0_0_1 rise edge)
                                                     40.000    40.000 r  
    H16                                               0.000    40.000 r  CLK_I (IN)
                         net (fo=0)                   0.000    40.000    design_1_i/clk_wiz_0/inst/clk_in1
    H16                  IBUF (Prop_ibuf_I_O)         1.387    41.387 r  design_1_i/clk_wiz_0/inst/clkin1_ibufg/O
                         net (fo=1, routed)           1.181    42.568    design_1_i/clk_wiz_0/inst/clk_in1_design_1_clk_wiz_0_0
    PLLE2_ADV_X0Y1       PLLE2_ADV (Prop_plle2_adv_CLKIN1_CLKOUT0)
                                                     -7.637    34.931 r  design_1_i/clk_wiz_0/inst/plle2_adv_inst/CLKOUT0
                         net (fo=1, routed)           1.594    36.525    design_1_i/clk_wiz_0/inst/clk_out1_design_1_clk_wiz_0_0
    BUFGCTRL_X0Y16       BUFG (Prop_bufg_I_O)         0.091    36.616 r  design_1_i/clk_wiz_0/inst/clkout1_buf/O
                         net (fo=128, routed)         1.493    38.109    design_1_i/TGP_1/U0/m00_axis_aclk
    SLICE_X33Y18         FDRE                                         r  design_1_i/TGP_1/U0/v_cntr_reg_reg[3]/C
                         clock pessimism             -0.402    37.707    
                         clock uncertainty           -0.176    37.531    
    SLICE_X33Y18         FDRE (Setup_fdre_C_R)       -0.429    37.102    design_1_i/TGP_1/U0/v_cntr_reg_reg[3]
  -------------------------------------------------------------------
                         required time                         37.102    
                         arrival time                          -3.528    
  -------------------------------------------------------------------
                         slack                                 33.574    

Slack (MET) :             33.636ns  (required time - arrival time)
  Source:                 design_1_i/TGP_1/U0/h_cntr_reg_reg[1]/C
                            (rising edge-triggered cell FDRE clocked by clk_out1_design_1_clk_wiz_0_0  {rise@0.000ns fall@20.000ns period=40.000ns})
  Destination:            design_1_i/TGP_1/U0/v_cntr_reg_reg[10]/R
                            (rising edge-triggered cell FDRE clocked by clk_out1_design_1_clk_wiz_0_0_1  {rise@0.000ns fall@20.000ns period=40.000ns})
  Path Group:             clk_out1_design_1_clk_wiz_0_0_1
  Path Type:              Setup (Max at Slow Process Corner)
  Requirement:            40.000ns  (clk_out1_design_1_clk_wiz_0_0_1 rise@40.000ns - clk_out1_design_1_clk_wiz_0_0 rise@0.000ns)
  Data Path Delay:        5.631ns  (logic 0.828ns (14.705%)  route 4.803ns (85.295%))
  Logic Levels:           3  (LUT4=1 LUT6=2)
  Clock Path Skew:        -0.128ns (DCD - SCD + CPR)
    Destination Clock Delay (DCD):    -1.892ns = ( 38.108 - 40.000 ) 
    Source Clock Delay      (SCD):    -2.166ns
    Clock Pessimism Removal (CPR):    -0.402ns
  Clock Uncertainty:      0.176ns  ((TSJ^2 + DJ^2)^1/2) / 2 + PE
    Total System Jitter     (TSJ):    0.071ns
    Discrete Jitter          (DJ):    0.345ns
    Phase Error              (PE):    0.000ns
  Clock Domain Crossing:  Inter clock paths are considered valid unless explicitly excluded by timing constraints such as set_clock_groups or set_false_path.

    Location             Delay type                Incr(ns)  Path(ns)    Netlist Resource(s)
  -------------------------------------------------------------------    -------------------
                         (clock clk_out1_design_1_clk_wiz_0_0 rise edge)
                                                      0.000     0.000 r  
    H16                                               0.000     0.000 r  CLK_I (IN)
                         net (fo=0)                   0.000     0.000    design_1_i/clk_wiz_0/inst/clk_in1
    H16                  IBUF (Prop_ibuf_I_O)         1.457     1.457 r  design_1_i/clk_wiz_0/inst/clkin1_ibufg/O
                         net (fo=1, routed)           1.306     2.763    design_1_i/clk_wiz_0/inst/clk_in1_design_1_clk_wiz_0_0
    PLLE2_ADV_X0Y1       PLLE2_ADV (Prop_plle2_adv_CLKIN1_CLKOUT0)
                                                     -8.519    -5.756 r  design_1_i/clk_wiz_0/inst/plle2_adv_inst/CLKOUT0
                         net (fo=1, routed)           1.754    -4.002    design_1_i/clk_wiz_0/inst/clk_out1_design_1_clk_wiz_0_0
    BUFGCTRL_X0Y16       BUFG (Prop_bufg_I_O)         0.101    -3.901 r  design_1_i/clk_wiz_0/inst/clkout1_buf/O
                         net (fo=128, routed)         1.735    -2.166    design_1_i/TGP_1/U0/m00_axis_aclk
    SLICE_X37Y24         FDRE                                         r  design_1_i/TGP_1/U0/h_cntr_reg_reg[1]/C
  -------------------------------------------------------------------    -------------------
    SLICE_X37Y24         FDRE (Prop_fdre_C_Q)         0.456    -1.710 r  design_1_i/TGP_1/U0/h_cntr_reg_reg[1]/Q
                         net (fo=6, routed)           1.181    -0.528    design_1_i/TGP_1/U0/h_cntr_reg_reg_n_0_[1]
    SLICE_X39Y26         LUT4 (Prop_lut4_I3_O)        0.124    -0.404 f  design_1_i/TGP_1/U0/h_cntr_reg[0]_i_3/O
                         net (fo=1, routed)           0.985     0.581    design_1_i/TGP_1/U0/h_cntr_reg[0]_i_3_n_0
    SLICE_X39Y26         LUT6 (Prop_lut6_I4_O)        0.124     0.705 r  design_1_i/TGP_1/U0/h_cntr_reg[0]_i_1/O
                         net (fo=25, routed)          2.049     2.754    design_1_i/TGP_1/U0/eqOp1_in
    SLICE_X33Y21         LUT6 (Prop_lut6_I0_O)        0.124     2.878 r  design_1_i/TGP_1/U0/v_cntr_reg[0]_i_1/O
                         net (fo=12, routed)          0.587     3.465    design_1_i/TGP_1/U0/v_cntr_reg0
    SLICE_X33Y20         FDRE                                         r  design_1_i/TGP_1/U0/v_cntr_reg_reg[10]/R
  -------------------------------------------------------------------    -------------------

                         (clock clk_out1_design_1_clk_wiz_0_0_1 rise edge)
                                                     40.000    40.000 r  
    H16                                               0.000    40.000 r  CLK_I (IN)
                         net (fo=0)                   0.000    40.000    design_1_i/clk_wiz_0/inst/clk_in1
    H16                  IBUF (Prop_ibuf_I_O)         1.387    41.387 r  design_1_i/clk_wiz_0/inst/clkin1_ibufg/O
                         net (fo=1, routed)           1.181    42.568    design_1_i/clk_wiz_0/inst/clk_in1_design_1_clk_wiz_0_0
    PLLE2_ADV_X0Y1       PLLE2_ADV (Prop_plle2_adv_CLKIN1_CLKOUT0)
                                                     -7.637    34.931 r  design_1_i/clk_wiz_0/inst/plle2_adv_inst/CLKOUT0
                         net (fo=1, routed)           1.594    36.525    design_1_i/clk_wiz_0/inst/clk_out1_design_1_clk_wiz_0_0
    BUFGCTRL_X0Y16       BUFG (Prop_bufg_I_O)         0.091    36.616 r  design_1_i/clk_wiz_0/inst/clkout1_buf/O
                         net (fo=128, routed)         1.492    38.108    design_1_i/TGP_1/U0/m00_axis_aclk
    SLICE_X33Y20         FDRE                                         r  design_1_i/TGP_1/U0/v_cntr_reg_reg[10]/C
                         clock pessimism             -0.402    37.706    
                         clock uncertainty           -0.176    37.530    
    SLICE_X33Y20         FDRE (Setup_fdre_C_R)       -0.429    37.101    design_1_i/TGP_1/U0/v_cntr_reg_reg[10]
  -------------------------------------------------------------------
                         required time                         37.101    
                         arrival time                          -3.465    
  -------------------------------------------------------------------
                         slack                                 33.636    

Slack (MET) :             33.636ns  (required time - arrival time)
  Source:                 design_1_i/TGP_1/U0/h_cntr_reg_reg[1]/C
                            (rising edge-triggered cell FDRE clocked by clk_out1_design_1_clk_wiz_0_0  {rise@0.000ns fall@20.000ns period=40.000ns})
  Destination:            design_1_i/TGP_1/U0/v_cntr_reg_reg[11]/R
                            (rising edge-triggered cell FDRE clocked by clk_out1_design_1_clk_wiz_0_0_1  {rise@0.000ns fall@20.000ns period=40.000ns})
  Path Group:             clk_out1_design_1_clk_wiz_0_0_1
  Path Type:              Setup (Max at Slow Process Corner)
  Requirement:            40.000ns  (clk_out1_design_1_clk_wiz_0_0_1 rise@40.000ns - clk_out1_design_1_clk_wiz_0_0 rise@0.000ns)
  Data Path Delay:        5.631ns  (logic 0.828ns (14.705%)  route 4.803ns (85.295%))
  Logic Levels:           3  (LUT4=1 LUT6=2)
  Clock Path Skew:        -0.128ns (DCD - SCD + CPR)
    Destination Clock Delay (DCD):    -1.892ns = ( 38.108 - 40.000 ) 
    Source Clock Delay      (SCD):    -2.166ns
    Clock Pessimism Removal (CPR):    -0.402ns
  Clock Uncertainty:      0.176ns  ((TSJ^2 + DJ^2)^1/2) / 2 + PE
    Total System Jitter     (TSJ):    0.071ns
    Discrete Jitter          (DJ):    0.345ns
    Phase Error              (PE):    0.000ns
  Clock Domain Crossing:  Inter clock paths are considered valid unless explicitly excluded by timing constraints such as set_clock_groups or set_false_path.

    Location             Delay type                Incr(ns)  Path(ns)    Netlist Resource(s)
  -------------------------------------------------------------------    -------------------
                         (clock clk_out1_design_1_clk_wiz_0_0 rise edge)
                                                      0.000     0.000 r  
    H16                                               0.000     0.000 r  CLK_I (IN)
                         net (fo=0)                   0.000     0.000    design_1_i/clk_wiz_0/inst/clk_in1
    H16                  IBUF (Prop_ibuf_I_O)         1.457     1.457 r  design_1_i/clk_wiz_0/inst/clkin1_ibufg/O
                         net (fo=1, routed)           1.306     2.763    design_1_i/clk_wiz_0/inst/clk_in1_design_1_clk_wiz_0_0
    PLLE2_ADV_X0Y1       PLLE2_ADV (Prop_plle2_adv_CLKIN1_CLKOUT0)
                                                     -8.519    -5.756 r  design_1_i/clk_wiz_0/inst/plle2_adv_inst/CLKOUT0
                         net (fo=1, routed)           1.754    -4.002    design_1_i/clk_wiz_0/inst/clk_out1_design_1_clk_wiz_0_0
    BUFGCTRL_X0Y16       BUFG (Prop_bufg_I_O)         0.101    -3.901 r  design_1_i/clk_wiz_0/inst/clkout1_buf/O
                         net (fo=128, routed)         1.735    -2.166    design_1_i/TGP_1/U0/m00_axis_aclk
    SLICE_X37Y24         FDRE                                         r  design_1_i/TGP_1/U0/h_cntr_reg_reg[1]/C
  -------------------------------------------------------------------    -------------------
    SLICE_X37Y24         FDRE (Prop_fdre_C_Q)         0.456    -1.710 r  design_1_i/TGP_1/U0/h_cntr_reg_reg[1]/Q
                         net (fo=6, routed)           1.181    -0.528    design_1_i/TGP_1/U0/h_cntr_reg_reg_n_0_[1]
    SLICE_X39Y26         LUT4 (Prop_lut4_I3_O)        0.124    -0.404 f  design_1_i/TGP_1/U0/h_cntr_reg[0]_i_3/O
                         net (fo=1, routed)           0.985     0.581    design_1_i/TGP_1/U0/h_cntr_reg[0]_i_3_n_0
    SLICE_X39Y26         LUT6 (Prop_lut6_I4_O)        0.124     0.705 r  design_1_i/TGP_1/U0/h_cntr_reg[0]_i_1/O
                         net (fo=25, routed)          2.049     2.754    design_1_i/TGP_1/U0/eqOp1_in
    SLICE_X33Y21         LUT6 (Prop_lut6_I0_O)        0.124     2.878 r  design_1_i/TGP_1/U0/v_cntr_reg[0]_i_1/O
                         net (fo=12, routed)          0.587     3.465    design_1_i/TGP_1/U0/v_cntr_reg0
    SLICE_X33Y20         FDRE                                         r  design_1_i/TGP_1/U0/v_cntr_reg_reg[11]/R
  -------------------------------------------------------------------    -------------------

                         (clock clk_out1_design_1_clk_wiz_0_0_1 rise edge)
                                                     40.000    40.000 r  
    H16                                               0.000    40.000 r  CLK_I (IN)
                         net (fo=0)                   0.000    40.000    design_1_i/clk_wiz_0/inst/clk_in1
    H16                  IBUF (Prop_ibuf_I_O)         1.387    41.387 r  design_1_i/clk_wiz_0/inst/clkin1_ibufg/O
                         net (fo=1, routed)           1.181    42.568    design_1_i/clk_wiz_0/inst/clk_in1_design_1_clk_wiz_0_0
    PLLE2_ADV_X0Y1       PLLE2_ADV (Prop_plle2_adv_CLKIN1_CLKOUT0)
                                                     -7.637    34.931 r  design_1_i/clk_wiz_0/inst/plle2_adv_inst/CLKOUT0
                         net (fo=1, routed)           1.594    36.525    design_1_i/clk_wiz_0/inst/clk_out1_design_1_clk_wiz_0_0
    BUFGCTRL_X0Y16       BUFG (Prop_bufg_I_O)         0.091    36.616 r  design_1_i/clk_wiz_0/inst/clkout1_buf/O
                         net (fo=128, routed)         1.492    38.108    design_1_i/TGP_1/U0/m00_axis_aclk
    SLICE_X33Y20         FDRE                                         r  design_1_i/TGP_1/U0/v_cntr_reg_reg[11]/C
                         clock pessimism             -0.402    37.706    
                         clock uncertainty           -0.176    37.530    
    SLICE_X33Y20         FDRE (Setup_fdre_C_R)       -0.429    37.101    design_1_i/TGP_1/U0/v_cntr_reg_reg[11]
  -------------------------------------------------------------------
                         required time                         37.101    
                         arrival time                          -3.465    
  -------------------------------------------------------------------
                         slack                                 33.636    

Slack (MET) :             33.636ns  (required time - arrival time)
  Source:                 design_1_i/TGP_1/U0/h_cntr_reg_reg[1]/C
                            (rising edge-triggered cell FDRE clocked by clk_out1_design_1_clk_wiz_0_0  {rise@0.000ns fall@20.000ns period=40.000ns})
  Destination:            design_1_i/TGP_1/U0/v_cntr_reg_reg[8]/R
                            (rising edge-triggered cell FDRE clocked by clk_out1_design_1_clk_wiz_0_0_1  {rise@0.000ns fall@20.000ns period=40.000ns})
  Path Group:             clk_out1_design_1_clk_wiz_0_0_1
  Path Type:              Setup (Max at Slow Process Corner)
  Requirement:            40.000ns  (clk_out1_design_1_clk_wiz_0_0_1 rise@40.000ns - clk_out1_design_1_clk_wiz_0_0 rise@0.000ns)
  Data Path Delay:        5.631ns  (logic 0.828ns (14.705%)  route 4.803ns (85.295%))
  Logic Levels:           3  (LUT4=1 LUT6=2)
  Clock Path Skew:        -0.128ns (DCD - SCD + CPR)
    Destination Clock Delay (DCD):    -1.892ns = ( 38.108 - 40.000 ) 
    Source Clock Delay      (SCD):    -2.166ns
    Clock Pessimism Removal (CPR):    -0.402ns
  Clock Uncertainty:      0.176ns  ((TSJ^2 + DJ^2)^1/2) / 2 + PE
    Total System Jitter     (TSJ):    0.071ns
    Discrete Jitter          (DJ):    0.345ns
    Phase Error              (PE):    0.000ns
  Clock Domain Crossing:  Inter clock paths are considered valid unless explicitly excluded by timing constraints such as set_clock_groups or set_false_path.

    Location             Delay type                Incr(ns)  Path(ns)    Netlist Resource(s)
  -------------------------------------------------------------------    -------------------
                         (clock clk_out1_design_1_clk_wiz_0_0 rise edge)
                                                      0.000     0.000 r  
    H16                                               0.000     0.000 r  CLK_I (IN)
                         net (fo=0)                   0.000     0.000    design_1_i/clk_wiz_0/inst/clk_in1
    H16                  IBUF (Prop_ibuf_I_O)         1.457     1.457 r  design_1_i/clk_wiz_0/inst/clkin1_ibufg/O
                         net (fo=1, routed)           1.306     2.763    design_1_i/clk_wiz_0/inst/clk_in1_design_1_clk_wiz_0_0
    PLLE2_ADV_X0Y1       PLLE2_ADV (Prop_plle2_adv_CLKIN1_CLKOUT0)
                                                     -8.519    -5.756 r  design_1_i/clk_wiz_0/inst/plle2_adv_inst/CLKOUT0
                         net (fo=1, routed)           1.754    -4.002    design_1_i/clk_wiz_0/inst/clk_out1_design_1_clk_wiz_0_0
    BUFGCTRL_X0Y16       BUFG (Prop_bufg_I_O)         0.101    -3.901 r  design_1_i/clk_wiz_0/inst/clkout1_buf/O
                         net (fo=128, routed)         1.735    -2.166    design_1_i/TGP_1/U0/m00_axis_aclk
    SLICE_X37Y24         FDRE                                         r  design_1_i/TGP_1/U0/h_cntr_reg_reg[1]/C
  -------------------------------------------------------------------    -------------------
    SLICE_X37Y24         FDRE (Prop_fdre_C_Q)         0.456    -1.710 r  design_1_i/TGP_1/U0/h_cntr_reg_reg[1]/Q
                         net (fo=6, routed)           1.181    -0.528    design_1_i/TGP_1/U0/h_cntr_reg_reg_n_0_[1]
    SLICE_X39Y26         LUT4 (Prop_lut4_I3_O)        0.124    -0.404 f  design_1_i/TGP_1/U0/h_cntr_reg[0]_i_3/O
                         net (fo=1, routed)           0.985     0.581    design_1_i/TGP_1/U0/h_cntr_reg[0]_i_3_n_0
    SLICE_X39Y26         LUT6 (Prop_lut6_I4_O)        0.124     0.705 r  design_1_i/TGP_1/U0/h_cntr_reg[0]_i_1/O
                         net (fo=25, routed)          2.049     2.754    design_1_i/TGP_1/U0/eqOp1_in
    SLICE_X33Y21         LUT6 (Prop_lut6_I0_O)        0.124     2.878 r  design_1_i/TGP_1/U0/v_cntr_reg[0]_i_1/O
                         net (fo=12, routed)          0.587     3.465    design_1_i/TGP_1/U0/v_cntr_reg0
    SLICE_X33Y20         FDRE                                         r  design_1_i/TGP_1/U0/v_cntr_reg_reg[8]/R
  -------------------------------------------------------------------    -------------------

                         (clock clk_out1_design_1_clk_wiz_0_0_1 rise edge)
                                                     40.000    40.000 r  
    H16                                               0.000    40.000 r  CLK_I (IN)
                         net (fo=0)                   0.000    40.000    design_1_i/clk_wiz_0/inst/clk_in1
    H16                  IBUF (Prop_ibuf_I_O)         1.387    41.387 r  design_1_i/clk_wiz_0/inst/clkin1_ibufg/O
                         net (fo=1, routed)           1.181    42.568    design_1_i/clk_wiz_0/inst/clk_in1_design_1_clk_wiz_0_0
    PLLE2_ADV_X0Y1       PLLE2_ADV (Prop_plle2_adv_CLKIN1_CLKOUT0)
                                                     -7.637    34.931 r  design_1_i/clk_wiz_0/inst/plle2_adv_inst/CLKOUT0
                         net (fo=1, routed)           1.594    36.525    design_1_i/clk_wiz_0/inst/clk_out1_design_1_clk_wiz_0_0
    BUFGCTRL_X0Y16       BUFG (Prop_bufg_I_O)         0.091    36.616 r  design_1_i/clk_wiz_0/inst/clkout1_buf/O
                         net (fo=128, routed)         1.492    38.108    design_1_i/TGP_1/U0/m00_axis_aclk
    SLICE_X33Y20         FDRE                                         r  design_1_i/TGP_1/U0/v_cntr_reg_reg[8]/C
                         clock pessimism             -0.402    37.706    
                         clock uncertainty           -0.176    37.530    
    SLICE_X33Y20         FDRE (Setup_fdre_C_R)       -0.429    37.101    design_1_i/TGP_1/U0/v_cntr_reg_reg[8]
  -------------------------------------------------------------------
                         required time                         37.101    
                         arrival time                          -3.465    
  -------------------------------------------------------------------
                         slack                                 33.636    

Slack (MET) :             33.636ns  (required time - arrival time)
  Source:                 design_1_i/TGP_1/U0/h_cntr_reg_reg[1]/C
                            (rising edge-triggered cell FDRE clocked by clk_out1_design_1_clk_wiz_0_0  {rise@0.000ns fall@20.000ns period=40.000ns})
  Destination:            design_1_i/TGP_1/U0/v_cntr_reg_reg[9]/R
                            (rising edge-triggered cell FDRE clocked by clk_out1_design_1_clk_wiz_0_0_1  {rise@0.000ns fall@20.000ns period=40.000ns})
  Path Group:             clk_out1_design_1_clk_wiz_0_0_1
  Path Type:              Setup (Max at Slow Process Corner)
  Requirement:            40.000ns  (clk_out1_design_1_clk_wiz_0_0_1 rise@40.000ns - clk_out1_design_1_clk_wiz_0_0 rise@0.000ns)
  Data Path Delay:        5.631ns  (logic 0.828ns (14.705%)  route 4.803ns (85.295%))
  Logic Levels:           3  (LUT4=1 LUT6=2)
  Clock Path Skew:        -0.128ns (DCD - SCD + CPR)
    Destination Clock Delay (DCD):    -1.892ns = ( 38.108 - 40.000 ) 
    Source Clock Delay      (SCD):    -2.166ns
    Clock Pessimism Removal (CPR):    -0.402ns
  Clock Uncertainty:      0.176ns  ((TSJ^2 + DJ^2)^1/2) / 2 + PE
    Total System Jitter     (TSJ):    0.071ns
    Discrete Jitter          (DJ):    0.345ns
    Phase Error              (PE):    0.000ns
  Clock Domain Crossing:  Inter clock paths are considered valid unless explicitly excluded by timing constraints such as set_clock_groups or set_false_path.

    Location             Delay type                Incr(ns)  Path(ns)    Netlist Resource(s)
  -------------------------------------------------------------------    -------------------
                         (clock clk_out1_design_1_clk_wiz_0_0 rise edge)
                                                      0.000     0.000 r  
    H16                                               0.000     0.000 r  CLK_I (IN)
                         net (fo=0)                   0.000     0.000    design_1_i/clk_wiz_0/inst/clk_in1
    H16                  IBUF (Prop_ibuf_I_O)         1.457     1.457 r  design_1_i/clk_wiz_0/inst/clkin1_ibufg/O
                         net (fo=1, routed)           1.306     2.763    design_1_i/clk_wiz_0/inst/clk_in1_design_1_clk_wiz_0_0
    PLLE2_ADV_X0Y1       PLLE2_ADV (Prop_plle2_adv_CLKIN1_CLKOUT0)
                                                     -8.519    -5.756 r  design_1_i/clk_wiz_0/inst/plle2_adv_inst/CLKOUT0
                         net (fo=1, routed)           1.754    -4.002    design_1_i/clk_wiz_0/inst/clk_out1_design_1_clk_wiz_0_0
    BUFGCTRL_X0Y16       BUFG (Prop_bufg_I_O)         0.101    -3.901 r  design_1_i/clk_wiz_0/inst/clkout1_buf/O
                         net (fo=128, routed)         1.735    -2.166    design_1_i/TGP_1/U0/m00_axis_aclk
    SLICE_X37Y24         FDRE                                         r  design_1_i/TGP_1/U0/h_cntr_reg_reg[1]/C
  -------------------------------------------------------------------    -------------------
    SLICE_X37Y24         FDRE (Prop_fdre_C_Q)         0.456    -1.710 r  design_1_i/TGP_1/U0/h_cntr_reg_reg[1]/Q
                         net (fo=6, routed)           1.181    -0.528    design_1_i/TGP_1/U0/h_cntr_reg_reg_n_0_[1]
    SLICE_X39Y26         LUT4 (Prop_lut4_I3_O)        0.124    -0.404 f  design_1_i/TGP_1/U0/h_cntr_reg[0]_i_3/O
                         net (fo=1, routed)           0.985     0.581    design_1_i/TGP_1/U0/h_cntr_reg[0]_i_3_n_0
    SLICE_X39Y26         LUT6 (Prop_lut6_I4_O)        0.124     0.705 r  design_1_i/TGP_1/U0/h_cntr_reg[0]_i_1/O
                         net (fo=25, routed)          2.049     2.754    design_1_i/TGP_1/U0/eqOp1_in
    SLICE_X33Y21         LUT6 (Prop_lut6_I0_O)        0.124     2.878 r  design_1_i/TGP_1/U0/v_cntr_reg[0]_i_1/O
                         net (fo=12, routed)          0.587     3.465    design_1_i/TGP_1/U0/v_cntr_reg0
    SLICE_X33Y20         FDRE                                         r  design_1_i/TGP_1/U0/v_cntr_reg_reg[9]/R
  -------------------------------------------------------------------    -------------------

                         (clock clk_out1_design_1_clk_wiz_0_0_1 rise edge)
                                                     40.000    40.000 r  
    H16                                               0.000    40.000 r  CLK_I (IN)
                         net (fo=0)                   0.000    40.000    design_1_i/clk_wiz_0/inst/clk_in1
    H16                  IBUF (Prop_ibuf_I_O)         1.387    41.387 r  design_1_i/clk_wiz_0/inst/clkin1_ibufg/O
                         net (fo=1, routed)           1.181    42.568    design_1_i/clk_wiz_0/inst/clk_in1_design_1_clk_wiz_0_0
    PLLE2_ADV_X0Y1       PLLE2_ADV (Prop_plle2_adv_CLKIN1_CLKOUT0)
                                                     -7.637    34.931 r  design_1_i/clk_wiz_0/inst/plle2_adv_inst/CLKOUT0
                         net (fo=1, routed)           1.594    36.525    design_1_i/clk_wiz_0/inst/clk_out1_design_1_clk_wiz_0_0
    BUFGCTRL_X0Y16       BUFG (Prop_bufg_I_O)         0.091    36.616 r  design_1_i/clk_wiz_0/inst/clkout1_buf/O
                         net (fo=128, routed)         1.492    38.108    design_1_i/TGP_1/U0/m00_axis_aclk
    SLICE_X33Y20         FDRE                                         r  design_1_i/TGP_1/U0/v_cntr_reg_reg[9]/C
                         clock pessimism             -0.402    37.706    
                         clock uncertainty           -0.176    37.530    
    SLICE_X33Y20         FDRE (Setup_fdre_C_R)       -0.429    37.101    design_1_i/TGP_1/U0/v_cntr_reg_reg[9]
  -------------------------------------------------------------------
                         required time                         37.101    
                         arrival time                          -3.465    
  -------------------------------------------------------------------
                         slack                                 33.636    

Slack (MET) :             33.687ns  (required time - arrival time)
  Source:                 design_1_i/TGP_1/U0/box_y_reg_reg[3]/C
                            (rising edge-triggered cell FDRE clocked by clk_out1_design_1_clk_wiz_0_0  {rise@0.000ns fall@20.000ns period=40.000ns})
  Destination:            design_1_i/TGP_1/U0/TGP_v1_0_M00_AXIS_inst/data_reg_reg[22]/D
                            (rising edge-triggered cell FDRE clocked by clk_out1_design_1_clk_wiz_0_0_1  {rise@0.000ns fall@20.000ns period=40.000ns})
  Path Group:             clk_out1_design_1_clk_wiz_0_0_1
  Path Type:              Setup (Max at Slow Process Corner)
  Requirement:            40.000ns  (clk_out1_design_1_clk_wiz_0_0_1 rise@40.000ns - clk_out1_design_1_clk_wiz_0_0 rise@0.000ns)
  Data Path Delay:        6.102ns  (logic 2.483ns (40.691%)  route 3.619ns (59.309%))
  Logic Levels:           8  (CARRY4=4 LUT1=1 LUT2=1 LUT4=1 LUT6=1)
  Clock Path Skew:        -0.066ns (DCD - SCD + CPR)
    Destination Clock Delay (DCD):    -1.822ns = ( 38.178 - 40.000 ) 
    Source Clock Delay      (SCD):    -2.158ns
    Clock Pessimism Removal (CPR):    -0.402ns
  Clock Uncertainty:      0.176ns  ((TSJ^2 + DJ^2)^1/2) / 2 + PE
    Total System Jitter     (TSJ):    0.071ns
    Discrete Jitter          (DJ):    0.345ns
    Phase Error              (PE):    0.000ns
  Clock Domain Crossing:  Inter clock paths are considered valid unless explicitly excluded by timing constraints such as set_clock_groups or set_false_path.

    Location             Delay type                Incr(ns)  Path(ns)    Netlist Resource(s)
  -------------------------------------------------------------------    -------------------
                         (clock clk_out1_design_1_clk_wiz_0_0 rise edge)
                                                      0.000     0.000 r  
    H16                                               0.000     0.000 r  CLK_I (IN)
                         net (fo=0)                   0.000     0.000    design_1_i/clk_wiz_0/inst/clk_in1
    H16                  IBUF (Prop_ibuf_I_O)         1.457     1.457 r  design_1_i/clk_wiz_0/inst/clkin1_ibufg/O
                         net (fo=1, routed)           1.306     2.763    design_1_i/clk_wiz_0/inst/clk_in1_design_1_clk_wiz_0_0
    PLLE2_ADV_X0Y1       PLLE2_ADV (Prop_plle2_adv_CLKIN1_CLKOUT0)
                                                     -8.519    -5.756 r  design_1_i/clk_wiz_0/inst/plle2_adv_inst/CLKOUT0
                         net (fo=1, routed)           1.754    -4.002    design_1_i/clk_wiz_0/inst/clk_out1_design_1_clk_wiz_0_0
    BUFGCTRL_X0Y16       BUFG (Prop_bufg_I_O)         0.101    -3.901 r  design_1_i/clk_wiz_0/inst/clkout1_buf/O
                         net (fo=128, routed)         1.743    -2.158    design_1_i/TGP_1/U0/m00_axis_aclk
    SLICE_X37Y19         FDRE                                         r  design_1_i/TGP_1/U0/box_y_reg_reg[3]/C
  -------------------------------------------------------------------    -------------------
    SLICE_X37Y19         FDRE (Prop_fdre_C_Q)         0.456    -1.702 f  design_1_i/TGP_1/U0/box_y_reg_reg[3]/Q
                         net (fo=6, routed)           0.940    -0.761    design_1_i/TGP_1/U0/box_y_reg_reg[3]
    SLICE_X34Y19         LUT1 (Prop_lut1_I0_O)        0.124    -0.637 r  design_1_i/TGP_1/U0/_carry_i_6/O
                         net (fo=1, routed)           0.000    -0.637    design_1_i/TGP_1/U0/_carry_i_6_n_0
    SLICE_X34Y19         CARRY4 (Prop_carry4_S[1]_CO[3])
                                                      0.533    -0.104 r  design_1_i/TGP_1/U0/_carry_i_5/CO[3]
                         net (fo=1, routed)           0.000    -0.104    design_1_i/TGP_1/U0/_carry_i_5_n_0
    SLICE_X34Y20         CARRY4 (Prop_carry4_CI_CO[3])
                                                      0.117     0.013 r  design_1_i/TGP_1/U0/_carry__0_i_5/CO[3]
                         net (fo=1, routed)           0.000     0.013    design_1_i/TGP_1/U0/_carry__0_i_5_n_0
    SLICE_X34Y21         CARRY4 (Prop_carry4_CI_O[1])
                                                      0.323     0.336 r  design_1_i/TGP_1/U0/_carry__1_i_5/O[1]
                         net (fo=1, routed)           0.823     1.158    design_1_i/TGP_1/U0/TGP_v1_0_M00_AXIS_inst/O[1]
    SLICE_X32Y21         LUT2 (Prop_lut2_I1_O)        0.306     1.464 r  design_1_i/TGP_1/U0/TGP_v1_0_M00_AXIS_inst/_carry__1_i_1/O
                         net (fo=1, routed)           0.000     1.464    design_1_i/TGP_1/U0/TGP_v1_0_M00_AXIS_inst_n_1
    SLICE_X32Y21         CARRY4 (Prop_carry4_S[3]_CO[3])
                                                      0.376     1.840 r  design_1_i/TGP_1/U0/_carry__1/CO[3]
                         net (fo=1, routed)           1.155     2.995    design_1_i/TGP_1/U0/TGP_v1_0_M00_AXIS_inst/data_reg_reg[23]_0[0]
    SLICE_X38Y23         LUT6 (Prop_lut6_I2_O)        0.124     3.119 r  design_1_i/TGP_1/U0/TGP_v1_0_M00_AXIS_inst/data_reg[23]_i_4/O
                         net (fo=12, routed)          0.701     3.820    design_1_i/TGP_1/U0/TGP_v1_0_M00_AXIS_inst/data_reg[23]_i_4_n_0
    SLICE_X41Y24         LUT4 (Prop_lut4_I1_O)        0.124     3.944 r  design_1_i/TGP_1/U0/TGP_v1_0_M00_AXIS_inst/data_reg[22]_i_1/O
                         net (fo=1, routed)           0.000     3.944    design_1_i/TGP_1/U0/TGP_v1_0_M00_AXIS_inst/vga_red[2]
    SLICE_X41Y24         FDRE                                         r  design_1_i/TGP_1/U0/TGP_v1_0_M00_AXIS_inst/data_reg_reg[22]/D
  -------------------------------------------------------------------    -------------------

                         (clock clk_out1_design_1_clk_wiz_0_0_1 rise edge)
                                                     40.000    40.000 r  
    H16                                               0.000    40.000 r  CLK_I (IN)
                         net (fo=0)                   0.000    40.000    design_1_i/clk_wiz_0/inst/clk_in1
    H16                  IBUF (Prop_ibuf_I_O)         1.387    41.387 r  design_1_i/clk_wiz_0/inst/clkin1_ibufg/O
                         net (fo=1, routed)           1.181    42.568    design_1_i/clk_wiz_0/inst/clk_in1_design_1_clk_wiz_0_0
    PLLE2_ADV_X0Y1       PLLE2_ADV (Prop_plle2_adv_CLKIN1_CLKOUT0)
                                                     -7.637    34.931 r  design_1_i/clk_wiz_0/inst/plle2_adv_inst/CLKOUT0
                         net (fo=1, routed)           1.594    36.525    design_1_i/clk_wiz_0/inst/clk_out1_design_1_clk_wiz_0_0
    BUFGCTRL_X0Y16       BUFG (Prop_bufg_I_O)         0.091    36.616 r  design_1_i/clk_wiz_0/inst/clkout1_buf/O
                         net (fo=128, routed)         1.562    38.178    design_1_i/TGP_1/U0/TGP_v1_0_M00_AXIS_inst/m00_axis_aclk
    SLICE_X41Y24         FDRE                                         r  design_1_i/TGP_1/U0/TGP_v1_0_M00_AXIS_inst/data_reg_reg[22]/C
                         clock pessimism             -0.402    37.776    
                         clock uncertainty           -0.176    37.600    
    SLICE_X41Y24         FDRE (Setup_fdre_C_D)        0.031    37.631    design_1_i/TGP_1/U0/TGP_v1_0_M00_AXIS_inst/data_reg_reg[22]
  -------------------------------------------------------------------
                         required time                         37.631    
                         arrival time                          -3.944    
  -------------------------------------------------------------------
                         slack                                 33.687    

Slack (MET) :             33.703ns  (required time - arrival time)
  Source:                 design_1_i/TGP_1/U0/box_y_reg_reg[3]/C
                            (rising edge-triggered cell FDRE clocked by clk_out1_design_1_clk_wiz_0_0  {rise@0.000ns fall@20.000ns period=40.000ns})
  Destination:            design_1_i/TGP_1/U0/TGP_v1_0_M00_AXIS_inst/data_reg_reg[23]/D
                            (rising edge-triggered cell FDRE clocked by clk_out1_design_1_clk_wiz_0_0_1  {rise@0.000ns fall@20.000ns period=40.000ns})
  Path Group:             clk_out1_design_1_clk_wiz_0_0_1
  Path Type:              Setup (Max at Slow Process Corner)
  Requirement:            40.000ns  (clk_out1_design_1_clk_wiz_0_0_1 rise@40.000ns - clk_out1_design_1_clk_wiz_0_0 rise@0.000ns)
  Data Path Delay:        6.130ns  (logic 2.511ns (40.962%)  route 3.619ns (59.038%))
  Logic Levels:           8  (CARRY4=4 LUT1=1 LUT2=1 LUT4=1 LUT6=1)
  Clock Path Skew:        -0.066ns (DCD - SCD + CPR)
    Destination Clock Delay (DCD):    -1.822ns = ( 38.178 - 40.000 ) 
    Source Clock Delay      (SCD):    -2.158ns
    Clock Pessimism Removal (CPR):    -0.402ns
  Clock Uncertainty:      0.176ns  ((TSJ^2 + DJ^2)^1/2) / 2 + PE
    Total System Jitter     (TSJ):    0.071ns
    Discrete Jitter          (DJ):    0.345ns
    Phase Error              (PE):    0.000ns
  Clock Domain Crossing:  Inter clock paths are considered valid unless explicitly excluded by timing constraints such as set_clock_groups or set_false_path.

    Location             Delay type                Incr(ns)  Path(ns)    Netlist Resource(s)
  -------------------------------------------------------------------    -------------------
                         (clock clk_out1_design_1_clk_wiz_0_0 rise edge)
                                                      0.000     0.000 r  
    H16                                               0.000     0.000 r  CLK_I (IN)
                         net (fo=0)                   0.000     0.000    design_1_i/clk_wiz_0/inst/clk_in1
    H16                  IBUF (Prop_ibuf_I_O)         1.457     1.457 r  design_1_i/clk_wiz_0/inst/clkin1_ibufg/O
                         net (fo=1, routed)           1.306     2.763    design_1_i/clk_wiz_0/inst/clk_in1_design_1_clk_wiz_0_0
    PLLE2_ADV_X0Y1       PLLE2_ADV (Prop_plle2_adv_CLKIN1_CLKOUT0)
                                                     -8.519    -5.756 r  design_1_i/clk_wiz_0/inst/plle2_adv_inst/CLKOUT0
                         net (fo=1, routed)           1.754    -4.002    design_1_i/clk_wiz_0/inst/clk_out1_design_1_clk_wiz_0_0
    BUFGCTRL_X0Y16       BUFG (Prop_bufg_I_O)         0.101    -3.901 r  design_1_i/clk_wiz_0/inst/clkout1_buf/O
                         net (fo=128, routed)         1.743    -2.158    design_1_i/TGP_1/U0/m00_axis_aclk
    SLICE_X37Y19         FDRE                                         r  design_1_i/TGP_1/U0/box_y_reg_reg[3]/C
  -------------------------------------------------------------------    -------------------
    SLICE_X37Y19         FDRE (Prop_fdre_C_Q)         0.456    -1.702 f  design_1_i/TGP_1/U0/box_y_reg_reg[3]/Q
                         net (fo=6, routed)           0.940    -0.761    design_1_i/TGP_1/U0/box_y_reg_reg[3]
    SLICE_X34Y19         LUT1 (Prop_lut1_I0_O)        0.124    -0.637 r  design_1_i/TGP_1/U0/_carry_i_6/O
                         net (fo=1, routed)           0.000    -0.637    design_1_i/TGP_1/U0/_carry_i_6_n_0
    SLICE_X34Y19         CARRY4 (Prop_carry4_S[1]_CO[3])
                                                      0.533    -0.104 r  design_1_i/TGP_1/U0/_carry_i_5/CO[3]
                         net (fo=1, routed)           0.000    -0.104    design_1_i/TGP_1/U0/_carry_i_5_n_0
    SLICE_X34Y20         CARRY4 (Prop_carry4_CI_CO[3])
                                                      0.117     0.013 r  design_1_i/TGP_1/U0/_carry__0_i_5/CO[3]
                         net (fo=1, routed)           0.000     0.013    design_1_i/TGP_1/U0/_carry__0_i_5_n_0
    SLICE_X34Y21         CARRY4 (Prop_carry4_CI_O[1])
                                                      0.323     0.336 r  design_1_i/TGP_1/U0/_carry__1_i_5/O[1]
                         net (fo=1, routed)           0.823     1.158    design_1_i/TGP_1/U0/TGP_v1_0_M00_AXIS_inst/O[1]
    SLICE_X32Y21         LUT2 (Prop_lut2_I1_O)        0.306     1.464 r  design_1_i/TGP_1/U0/TGP_v1_0_M00_AXIS_inst/_carry__1_i_1/O
                         net (fo=1, routed)           0.000     1.464    design_1_i/TGP_1/U0/TGP_v1_0_M00_AXIS_inst_n_1
    SLICE_X32Y21         CARRY4 (Prop_carry4_S[3]_CO[3])
                                                      0.376     1.840 r  design_1_i/TGP_1/U0/_carry__1/CO[3]
                         net (fo=1, routed)           1.155     2.995    design_1_i/TGP_1/U0/TGP_v1_0_M00_AXIS_inst/data_reg_reg[23]_0[0]
    SLICE_X38Y23         LUT6 (Prop_lut6_I2_O)        0.124     3.119 r  design_1_i/TGP_1/U0/TGP_v1_0_M00_AXIS_inst/data_reg[23]_i_4/O
                         net (fo=12, routed)          0.701     3.820    design_1_i/TGP_1/U0/TGP_v1_0_M00_AXIS_inst/data_reg[23]_i_4_n_0
    SLICE_X41Y24         LUT4 (Prop_lut4_I1_O)        0.152     3.972 r  design_1_i/TGP_1/U0/TGP_v1_0_M00_AXIS_inst/data_reg[23]_i_2/O
                         net (fo=1, routed)           0.000     3.972    design_1_i/TGP_1/U0/TGP_v1_0_M00_AXIS_inst/vga_red[3]
    SLICE_X41Y24         FDRE                                         r  design_1_i/TGP_1/U0/TGP_v1_0_M00_AXIS_inst/data_reg_reg[23]/D
  -------------------------------------------------------------------    -------------------

                         (clock clk_out1_design_1_clk_wiz_0_0_1 rise edge)
                                                     40.000    40.000 r  
    H16                                               0.000    40.000 r  CLK_I (IN)
                         net (fo=0)                   0.000    40.000    design_1_i/clk_wiz_0/inst/clk_in1
    H16                  IBUF (Prop_ibuf_I_O)         1.387    41.387 r  design_1_i/clk_wiz_0/inst/clkin1_ibufg/O
                         net (fo=1, routed)           1.181    42.568    design_1_i/clk_wiz_0/inst/clk_in1_design_1_clk_wiz_0_0
    PLLE2_ADV_X0Y1       PLLE2_ADV (Prop_plle2_adv_CLKIN1_CLKOUT0)
                                                     -7.637    34.931 r  design_1_i/clk_wiz_0/inst/plle2_adv_inst/CLKOUT0
                         net (fo=1, routed)           1.594    36.525    design_1_i/clk_wiz_0/inst/clk_out1_design_1_clk_wiz_0_0
    BUFGCTRL_X0Y16       BUFG (Prop_bufg_I_O)         0.091    36.616 r  design_1_i/clk_wiz_0/inst/clkout1_buf/O
                         net (fo=128, routed)         1.562    38.178    design_1_i/TGP_1/U0/TGP_v1_0_M00_AXIS_inst/m00_axis_aclk
    SLICE_X41Y24         FDRE                                         r  design_1_i/TGP_1/U0/TGP_v1_0_M00_AXIS_inst/data_reg_reg[23]/C
                         clock pessimism             -0.402    37.776    
                         clock uncertainty           -0.176    37.600    
    SLICE_X41Y24         FDRE (Setup_fdre_C_D)        0.075    37.675    design_1_i/TGP_1/U0/TGP_v1_0_M00_AXIS_inst/data_reg_reg[23]
  -------------------------------------------------------------------
                         required time                         37.675    
                         arrival time                          -3.972    
  -------------------------------------------------------------------
                         slack                                 33.703    





Min Delay Paths
--------------------------------------------------------------------------------------
Slack (MET) :             0.036ns  (arrival time - required time)
  Source:                 design_1_i/TGP_1/U0/TGP_v1_0_M00_AXIS_inst/data_reg_reg[22]/C
                            (rising edge-triggered cell FDRE clocked by clk_out1_design_1_clk_wiz_0_0  {rise@0.000ns fall@20.000ns period=40.000ns})
  Destination:            design_1_i/PMODVGA_0/U0/PMODVGA_v1_0_S00_AXIS_inst/pixel_r_reg_reg[2]/D
                            (rising edge-triggered cell FDRE clocked by clk_out1_design_1_clk_wiz_0_0_1  {rise@0.000ns fall@20.000ns period=40.000ns})
  Path Group:             clk_out1_design_1_clk_wiz_0_0_1
  Path Type:              Hold (Min at Fast Process Corner)
  Requirement:            0.000ns  (clk_out1_design_1_clk_wiz_0_0_1 rise@0.000ns - clk_out1_design_1_clk_wiz_0_0 rise@0.000ns)
  Data Path Delay:        0.315ns  (logic 0.141ns (44.769%)  route 0.174ns (55.231%))
  Logic Levels:           0  
  Clock Path Skew:        0.033ns (DCD - SCD - CPR)
    Destination Clock Delay (DCD):    -0.229ns
    Source Clock Delay      (SCD):    -0.462ns
    Clock Pessimism Removal (CPR):    0.200ns
  Clock Uncertainty:      0.176ns  ((TSJ^2 + DJ^2)^1/2) / 2 + PE
    Total System Jitter     (TSJ):    0.071ns
    Discrete Jitter          (DJ):    0.345ns
    Phase Error              (PE):    0.000ns
  Clock Domain Crossing:  Inter clock paths are considered valid unless explicitly excluded by timing constraints such as set_clock_groups or set_false_path.

    Location             Delay type                Incr(ns)  Path(ns)    Netlist Resource(s)
  -------------------------------------------------------------------    -------------------
                         (clock clk_out1_design_1_clk_wiz_0_0 rise edge)
                                                      0.000     0.000 r  
    H16                                               0.000     0.000 r  CLK_I (IN)
                         net (fo=0)                   0.000     0.000    design_1_i/clk_wiz_0/inst/clk_in1
    H16                  IBUF (Prop_ibuf_I_O)         0.225     0.225 r  design_1_i/clk_wiz_0/inst/clkin1_ibufg/O
                         net (fo=1, routed)           0.440     0.665    design_1_i/clk_wiz_0/inst/clk_in1_design_1_clk_wiz_0_0
    PLLE2_ADV_X0Y1       PLLE2_ADV (Prop_plle2_adv_CLKIN1_CLKOUT0)
                                                     -2.231    -1.565 r  design_1_i/clk_wiz_0/inst/plle2_adv_inst/CLKOUT0
                         net (fo=1, routed)           0.497    -1.068    design_1_i/clk_wiz_0/inst/clk_out1_design_1_clk_wiz_0_0
    BUFGCTRL_X0Y16       BUFG (Prop_bufg_I_O)         0.026    -1.042 r  design_1_i/clk_wiz_0/inst/clkout1_buf/O
                         net (fo=128, routed)         0.581    -0.462    design_1_i/TGP_1/U0/TGP_v1_0_M00_AXIS_inst/m00_axis_aclk
    SLICE_X41Y24         FDRE                                         r  design_1_i/TGP_1/U0/TGP_v1_0_M00_AXIS_inst/data_reg_reg[22]/C
  -------------------------------------------------------------------    -------------------
    SLICE_X41Y24         FDRE (Prop_fdre_C_Q)         0.141    -0.321 r  design_1_i/TGP_1/U0/TGP_v1_0_M00_AXIS_inst/data_reg_reg[22]/Q
                         net (fo=1, routed)           0.174    -0.147    design_1_i/PMODVGA_0/U0/PMODVGA_v1_0_S00_AXIS_inst/s00_axis_tdata[10]
    SLICE_X41Y25         FDRE                                         r  design_1_i/PMODVGA_0/U0/PMODVGA_v1_0_S00_AXIS_inst/pixel_r_reg_reg[2]/D
  -------------------------------------------------------------------    -------------------

                         (clock clk_out1_design_1_clk_wiz_0_0_1 rise edge)
                                                      0.000     0.000 r  
    H16                                               0.000     0.000 r  CLK_I (IN)
                         net (fo=0)                   0.000     0.000    design_1_i/clk_wiz_0/inst/clk_in1
    H16                  IBUF (Prop_ibuf_I_O)         0.413     0.413 r  design_1_i/clk_wiz_0/inst/clkin1_ibufg/O
                         net (fo=1, routed)           0.481     0.894    design_1_i/clk_wiz_0/inst/clk_in1_design_1_clk_wiz_0_0
    PLLE2_ADV_X0Y1       PLLE2_ADV (Prop_plle2_adv_CLKIN1_CLKOUT0)
                                                     -2.543    -1.649 r  design_1_i/clk_wiz_0/inst/plle2_adv_inst/CLKOUT0
                         net (fo=1, routed)           0.544    -1.105    design_1_i/clk_wiz_0/inst/clk_out1_design_1_clk_wiz_0_0
    BUFGCTRL_X0Y16       BUFG (Prop_bufg_I_O)         0.029    -1.076 r  design_1_i/clk_wiz_0/inst/clkout1_buf/O
                         net (fo=128, routed)         0.847    -0.229    design_1_i/PMODVGA_0/U0/PMODVGA_v1_0_S00_AXIS_inst/s00_axis_aclk
    SLICE_X41Y25         FDRE                                         r  design_1_i/PMODVGA_0/U0/PMODVGA_v1_0_S00_AXIS_inst/pixel_r_reg_reg[2]/C
                         clock pessimism             -0.200    -0.429    
                         clock uncertainty            0.176    -0.252    
    SLICE_X41Y25         FDRE (Hold_fdre_C_D)         0.070    -0.182    design_1_i/PMODVGA_0/U0/PMODVGA_v1_0_S00_AXIS_inst/pixel_r_reg_reg[2]
  -------------------------------------------------------------------
                         required time                          0.182    
                         arrival time                          -0.147    
  -------------------------------------------------------------------
                         slack                                  0.036    

Slack (MET) :             0.045ns  (arrival time - required time)
  Source:                 design_1_i/TGP_1/U0/TGP_v1_0_M00_AXIS_inst/data_reg_reg[5]/C
                            (rising edge-triggered cell FDRE clocked by clk_out1_design_1_clk_wiz_0_0  {rise@0.000ns fall@20.000ns period=40.000ns})
  Destination:            design_1_i/PMODVGA_0/U0/PMODVGA_v1_0_S00_AXIS_inst/pixel_b_reg_reg[1]/D
                            (rising edge-triggered cell FDRE clocked by clk_out1_design_1_clk_wiz_0_0_1  {rise@0.000ns fall@20.000ns period=40.000ns})
  Path Group:             clk_out1_design_1_clk_wiz_0_0_1
  Path Type:              Hold (Min at Fast Process Corner)
  Requirement:            0.000ns  (clk_out1_design_1_clk_wiz_0_0_1 rise@0.000ns - clk_out1_design_1_clk_wiz_0_0 rise@0.000ns)
  Data Path Delay:        0.233ns  (logic 0.128ns (54.843%)  route 0.105ns (45.157%))
  Logic Levels:           0  
  Clock Path Skew:        0.013ns (DCD - SCD - CPR)
    Destination Clock Delay (DCD):    -0.229ns
    Source Clock Delay      (SCD):    -0.462ns
    Clock Pessimism Removal (CPR):    0.220ns
  Clock Uncertainty:      0.176ns  ((TSJ^2 + DJ^2)^1/2) / 2 + PE
    Total System Jitter     (TSJ):    0.071ns
    Discrete Jitter          (DJ):    0.345ns
    Phase Error              (PE):    0.000ns
  Clock Domain Crossing:  Inter clock paths are considered valid unless explicitly excluded by timing constraints such as set_clock_groups or set_false_path.

    Location             Delay type                Incr(ns)  Path(ns)    Netlist Resource(s)
  -------------------------------------------------------------------    -------------------
                         (clock clk_out1_design_1_clk_wiz_0_0 rise edge)
                                                      0.000     0.000 r  
    H16                                               0.000     0.000 r  CLK_I (IN)
                         net (fo=0)                   0.000     0.000    design_1_i/clk_wiz_0/inst/clk_in1
    H16                  IBUF (Prop_ibuf_I_O)         0.225     0.225 r  design_1_i/clk_wiz_0/inst/clkin1_ibufg/O
                         net (fo=1, routed)           0.440     0.665    design_1_i/clk_wiz_0/inst/clk_in1_design_1_clk_wiz_0_0
    PLLE2_ADV_X0Y1       PLLE2_ADV (Prop_plle2_adv_CLKIN1_CLKOUT0)
                                                     -2.231    -1.565 r  design_1_i/clk_wiz_0/inst/plle2_adv_inst/CLKOUT0
                         net (fo=1, routed)           0.497    -1.068    design_1_i/clk_wiz_0/inst/clk_out1_design_1_clk_wiz_0_0
    BUFGCTRL_X0Y16       BUFG (Prop_bufg_I_O)         0.026    -1.042 r  design_1_i/clk_wiz_0/inst/clkout1_buf/O
                         net (fo=128, routed)         0.581    -0.462    design_1_i/TGP_1/U0/TGP_v1_0_M00_AXIS_inst/m00_axis_aclk
    SLICE_X41Y24         FDRE                                         r  design_1_i/TGP_1/U0/TGP_v1_0_M00_AXIS_inst/data_reg_reg[5]/C
  -------------------------------------------------------------------    -------------------
    SLICE_X41Y24         FDRE (Prop_fdre_C_Q)         0.128    -0.334 r  design_1_i/TGP_1/U0/TGP_v1_0_M00_AXIS_inst/data_reg_reg[5]/Q
                         net (fo=1, routed)           0.105    -0.228    design_1_i/PMODVGA_0/U0/PMODVGA_v1_0_S00_AXIS_inst/s00_axis_tdata[1]
    SLICE_X42Y24         FDRE                                         r  design_1_i/PMODVGA_0/U0/PMODVGA_v1_0_S00_AXIS_inst/pixel_b_reg_reg[1]/D
  -------------------------------------------------------------------    -------------------

                         (clock clk_out1_design_1_clk_wiz_0_0_1 rise edge)
                                                      0.000     0.000 r  
    H16                                               0.000     0.000 r  CLK_I (IN)
                         net (fo=0)                   0.000     0.000    design_1_i/clk_wiz_0/inst/clk_in1
    H16                  IBUF (Prop_ibuf_I_O)         0.413     0.413 r  design_1_i/clk_wiz_0/inst/clkin1_ibufg/O
                         net (fo=1, routed)           0.481     0.894    design_1_i/clk_wiz_0/inst/clk_in1_design_1_clk_wiz_0_0
    PLLE2_ADV_X0Y1       PLLE2_ADV (Prop_plle2_adv_CLKIN1_CLKOUT0)
                                                     -2.543    -1.649 r  design_1_i/clk_wiz_0/inst/plle2_adv_inst/CLKOUT0
                         net (fo=1, routed)           0.544    -1.105    design_1_i/clk_wiz_0/inst/clk_out1_design_1_clk_wiz_0_0
    BUFGCTRL_X0Y16       BUFG (Prop_bufg_I_O)         0.029    -1.076 r  design_1_i/clk_wiz_0/inst/clkout1_buf/O
                         net (fo=128, routed)         0.847    -0.229    design_1_i/PMODVGA_0/U0/PMODVGA_v1_0_S00_AXIS_inst/s00_axis_aclk
    SLICE_X42Y24         FDRE                                         r  design_1_i/PMODVGA_0/U0/PMODVGA_v1_0_S00_AXIS_inst/pixel_b_reg_reg[1]/C
                         clock pessimism             -0.220    -0.449    
                         clock uncertainty            0.176    -0.272    
    SLICE_X42Y24         FDRE (Hold_fdre_C_D)        -0.001    -0.273    design_1_i/PMODVGA_0/U0/PMODVGA_v1_0_S00_AXIS_inst/pixel_b_reg_reg[1]
  -------------------------------------------------------------------
                         required time                          0.273    
                         arrival time                          -0.228    
  -------------------------------------------------------------------
                         slack                                  0.045    

Slack (MET) :             0.059ns  (arrival time - required time)
  Source:                 design_1_i/TGP_1/U0/TGP_v1_0_M00_AXIS_inst/data_reg_reg[12]/C
                            (rising edge-triggered cell FDRE clocked by clk_out1_design_1_clk_wiz_0_0  {rise@0.000ns fall@20.000ns period=40.000ns})
  Destination:            design_1_i/PMODVGA_0/U0/PMODVGA_v1_0_S00_AXIS_inst/pixel_g_reg_reg[0]/D
                            (rising edge-triggered cell FDRE clocked by clk_out1_design_1_clk_wiz_0_0_1  {rise@0.000ns fall@20.000ns period=40.000ns})
  Path Group:             clk_out1_design_1_clk_wiz_0_0_1
  Path Type:              Hold (Min at Fast Process Corner)
  Requirement:            0.000ns  (clk_out1_design_1_clk_wiz_0_0_1 rise@0.000ns - clk_out1_design_1_clk_wiz_0_0 rise@0.000ns)
  Data Path Delay:        0.325ns  (logic 0.141ns (43.397%)  route 0.184ns (56.603%))
  Logic Levels:           0  
  Clock Path Skew:        0.033ns (DCD - SCD - CPR)
    Destination Clock Delay (DCD):    -0.229ns
    Source Clock Delay      (SCD):    -0.462ns
    Clock Pessimism Removal (CPR):    0.200ns
  Clock Uncertainty:      0.176ns  ((TSJ^2 + DJ^2)^1/2) / 2 + PE
    Total System Jitter     (TSJ):    0.071ns
    Discrete Jitter          (DJ):    0.345ns
    Phase Error              (PE):    0.000ns
  Clock Domain Crossing:  Inter clock paths are considered valid unless explicitly excluded by timing constraints such as set_clock_groups or set_false_path.

    Location             Delay type                Incr(ns)  Path(ns)    Netlist Resource(s)
  -------------------------------------------------------------------    -------------------
                         (clock clk_out1_design_1_clk_wiz_0_0 rise edge)
                                                      0.000     0.000 r  
    H16                                               0.000     0.000 r  CLK_I (IN)
                         net (fo=0)                   0.000     0.000    design_1_i/clk_wiz_0/inst/clk_in1
    H16                  IBUF (Prop_ibuf_I_O)         0.225     0.225 r  design_1_i/clk_wiz_0/inst/clkin1_ibufg/O
                         net (fo=1, routed)           0.440     0.665    design_1_i/clk_wiz_0/inst/clk_in1_design_1_clk_wiz_0_0
    PLLE2_ADV_X0Y1       PLLE2_ADV (Prop_plle2_adv_CLKIN1_CLKOUT0)
                                                     -2.231    -1.565 r  design_1_i/clk_wiz_0/inst/plle2_adv_inst/CLKOUT0
                         net (fo=1, routed)           0.497    -1.068    design_1_i/clk_wiz_0/inst/clk_out1_design_1_clk_wiz_0_0
    BUFGCTRL_X0Y16       BUFG (Prop_bufg_I_O)         0.026    -1.042 r  design_1_i/clk_wiz_0/inst/clkout1_buf/O
                         net (fo=128, routed)         0.581    -0.462    design_1_i/TGP_1/U0/TGP_v1_0_M00_AXIS_inst/m00_axis_aclk
    SLICE_X40Y24         FDRE                                         r  design_1_i/TGP_1/U0/TGP_v1_0_M00_AXIS_inst/data_reg_reg[12]/C
  -------------------------------------------------------------------    -------------------
    SLICE_X40Y24         FDRE (Prop_fdre_C_Q)         0.141    -0.321 r  design_1_i/TGP_1/U0/TGP_v1_0_M00_AXIS_inst/data_reg_reg[12]/Q
                         net (fo=1, routed)           0.184    -0.137    design_1_i/PMODVGA_0/U0/PMODVGA_v1_0_S00_AXIS_inst/s00_axis_tdata[4]
    SLICE_X40Y25         FDRE                                         r  design_1_i/PMODVGA_0/U0/PMODVGA_v1_0_S00_AXIS_inst/pixel_g_reg_reg[0]/D
  -------------------------------------------------------------------    -------------------

                         (clock clk_out1_design_1_clk_wiz_0_0_1 rise edge)
                                                      0.000     0.000 r  
    H16                                               0.000     0.000 r  CLK_I (IN)
                         net (fo=0)                   0.000     0.000    design_1_i/clk_wiz_0/inst/clk_in1
    H16                  IBUF (Prop_ibuf_I_O)         0.413     0.413 r  design_1_i/clk_wiz_0/inst/clkin1_ibufg/O
                         net (fo=1, routed)           0.481     0.894    design_1_i/clk_wiz_0/inst/clk_in1_design_1_clk_wiz_0_0
    PLLE2_ADV_X0Y1       PLLE2_ADV (Prop_plle2_adv_CLKIN1_CLKOUT0)
                                                     -2.543    -1.649 r  design_1_i/clk_wiz_0/inst/plle2_adv_inst/CLKOUT0
                         net (fo=1, routed)           0.544    -1.105    design_1_i/clk_wiz_0/inst/clk_out1_design_1_clk_wiz_0_0
    BUFGCTRL_X0Y16       BUFG (Prop_bufg_I_O)         0.029    -1.076 r  design_1_i/clk_wiz_0/inst/clkout1_buf/O
                         net (fo=128, routed)         0.847    -0.229    design_1_i/PMODVGA_0/U0/PMODVGA_v1_0_S00_AXIS_inst/s00_axis_aclk
    SLICE_X40Y25         FDRE                                         r  design_1_i/PMODVGA_0/U0/PMODVGA_v1_0_S00_AXIS_inst/pixel_g_reg_reg[0]/C
                         clock pessimism             -0.200    -0.429    
                         clock uncertainty            0.176    -0.252    
    SLICE_X40Y25         FDRE (Hold_fdre_C_D)         0.057    -0.195    design_1_i/PMODVGA_0/U0/PMODVGA_v1_0_S00_AXIS_inst/pixel_g_reg_reg[0]
  -------------------------------------------------------------------
                         required time                          0.195    
                         arrival time                          -0.137    
  -------------------------------------------------------------------
                         slack                                  0.059    

Slack (MET) :             0.092ns  (arrival time - required time)
  Source:                 design_1_i/TGP_1/U0/h_cntr_reg_reg[4]/C
                            (rising edge-triggered cell FDRE clocked by clk_out1_design_1_clk_wiz_0_0  {rise@0.000ns fall@20.000ns period=40.000ns})
  Destination:            design_1_i/TGP_1/U0/h_cntr_reg_reg[4]/D
                            (rising edge-triggered cell FDRE clocked by clk_out1_design_1_clk_wiz_0_0_1  {rise@0.000ns fall@20.000ns period=40.000ns})
  Path Group:             clk_out1_design_1_clk_wiz_0_0_1
  Path Type:              Hold (Min at Fast Process Corner)
  Requirement:            0.000ns  (clk_out1_design_1_clk_wiz_0_0_1 rise@0.000ns - clk_out1_design_1_clk_wiz_0_0 rise@0.000ns)
  Data Path Delay:        0.373ns  (logic 0.256ns (68.565%)  route 0.117ns (31.435%))
  Logic Levels:           1  (CARRY4=1)
  Clock Path Skew:        0.000ns (DCD - SCD - CPR)
    Destination Clock Delay (DCD):    -0.231ns
    Source Clock Delay      (SCD):    -0.464ns
    Clock Pessimism Removal (CPR):    0.233ns
  Clock Uncertainty:      0.176ns  ((TSJ^2 + DJ^2)^1/2) / 2 + PE
    Total System Jitter     (TSJ):    0.071ns
    Discrete Jitter          (DJ):    0.345ns
    Phase Error              (PE):    0.000ns
  Clock Domain Crossing:  Inter clock paths are considered valid unless explicitly excluded by timing constraints such as set_clock_groups or set_false_path.

    Location             Delay type                Incr(ns)  Path(ns)    Netlist Resource(s)
  -------------------------------------------------------------------    -------------------
                         (clock clk_out1_design_1_clk_wiz_0_0 rise edge)
                                                      0.000     0.000 r  
    H16                                               0.000     0.000 r  CLK_I (IN)
                         net (fo=0)                   0.000     0.000    design_1_i/clk_wiz_0/inst/clk_in1
    H16                  IBUF (Prop_ibuf_I_O)         0.225     0.225 r  design_1_i/clk_wiz_0/inst/clkin1_ibufg/O
                         net (fo=1, routed)           0.440     0.665    design_1_i/clk_wiz_0/inst/clk_in1_design_1_clk_wiz_0_0
    PLLE2_ADV_X0Y1       PLLE2_ADV (Prop_plle2_adv_CLKIN1_CLKOUT0)
                                                     -2.231    -1.565 r  design_1_i/clk_wiz_0/inst/plle2_adv_inst/CLKOUT0
                         net (fo=1, routed)           0.497    -1.068    design_1_i/clk_wiz_0/inst/clk_out1_design_1_clk_wiz_0_0
    BUFGCTRL_X0Y16       BUFG (Prop_bufg_I_O)         0.026    -1.042 r  design_1_i/clk_wiz_0/inst/clkout1_buf/O
                         net (fo=128, routed)         0.579    -0.464    design_1_i/TGP_1/U0/m00_axis_aclk
    SLICE_X37Y25         FDRE                                         r  design_1_i/TGP_1/U0/h_cntr_reg_reg[4]/C
  -------------------------------------------------------------------    -------------------
    SLICE_X37Y25         FDRE (Prop_fdre_C_Q)         0.141    -0.323 r  design_1_i/TGP_1/U0/h_cntr_reg_reg[4]/Q
                         net (fo=9, routed)           0.117    -0.205    design_1_i/TGP_1/U0/p_0_in[2]
    SLICE_X37Y25         CARRY4 (Prop_carry4_S[0]_O[0])
                                                      0.115    -0.090 r  design_1_i/TGP_1/U0/h_cntr_reg_reg[4]_i_1/O[0]
                         net (fo=1, routed)           0.000    -0.090    design_1_i/TGP_1/U0/h_cntr_reg_reg[4]_i_1_n_7
    SLICE_X37Y25         FDRE                                         r  design_1_i/TGP_1/U0/h_cntr_reg_reg[4]/D
  -------------------------------------------------------------------    -------------------

                         (clock clk_out1_design_1_clk_wiz_0_0_1 rise edge)
                                                      0.000     0.000 r  
    H16                                               0.000     0.000 r  CLK_I (IN)
                         net (fo=0)                   0.000     0.000    design_1_i/clk_wiz_0/inst/clk_in1
    H16                  IBUF (Prop_ibuf_I_O)         0.413     0.413 r  design_1_i/clk_wiz_0/inst/clkin1_ibufg/O
                         net (fo=1, routed)           0.481     0.894    design_1_i/clk_wiz_0/inst/clk_in1_design_1_clk_wiz_0_0
    PLLE2_ADV_X0Y1       PLLE2_ADV (Prop_plle2_adv_CLKIN1_CLKOUT0)
                                                     -2.543    -1.649 r  design_1_i/clk_wiz_0/inst/plle2_adv_inst/CLKOUT0
                         net (fo=1, routed)           0.544    -1.105    design_1_i/clk_wiz_0/inst/clk_out1_design_1_clk_wiz_0_0
    BUFGCTRL_X0Y16       BUFG (Prop_bufg_I_O)         0.029    -1.076 r  design_1_i/clk_wiz_0/inst/clkout1_buf/O
                         net (fo=128, routed)         0.845    -0.231    design_1_i/TGP_1/U0/m00_axis_aclk
    SLICE_X37Y25         FDRE                                         r  design_1_i/TGP_1/U0/h_cntr_reg_reg[4]/C
                         clock pessimism             -0.233    -0.464    
                         clock uncertainty            0.176    -0.287    
    SLICE_X37Y25         FDRE (Hold_fdre_C_D)         0.105    -0.182    design_1_i/TGP_1/U0/h_cntr_reg_reg[4]
  -------------------------------------------------------------------
                         required time                          0.182    
                         arrival time                          -0.090    
  -------------------------------------------------------------------
                         slack                                  0.092    

Slack (MET) :             0.092ns  (arrival time - required time)
  Source:                 design_1_i/TGP_1/U0/v_cntr_reg_reg[10]/C
                            (rising edge-triggered cell FDRE clocked by clk_out1_design_1_clk_wiz_0_0  {rise@0.000ns fall@20.000ns period=40.000ns})
  Destination:            design_1_i/TGP_1/U0/v_cntr_reg_reg[10]/D
                            (rising edge-triggered cell FDRE clocked by clk_out1_design_1_clk_wiz_0_0_1  {rise@0.000ns fall@20.000ns period=40.000ns})
  Path Group:             clk_out1_design_1_clk_wiz_0_0_1
  Path Type:              Hold (Min at Fast Process Corner)
  Requirement:            0.000ns  (clk_out1_design_1_clk_wiz_0_0_1 rise@0.000ns - clk_out1_design_1_clk_wiz_0_0 rise@0.000ns)
  Data Path Delay:        0.374ns  (logic 0.252ns (67.467%)  route 0.122ns (32.533%))
  Logic Levels:           1  (CARRY4=1)
  Clock Path Skew:        0.000ns (DCD - SCD - CPR)
    Destination Clock Delay (DCD):    -0.254ns
    Source Clock Delay      (SCD):    -0.487ns
    Clock Pessimism Removal (CPR):    0.233ns
  Clock Uncertainty:      0.176ns  ((TSJ^2 + DJ^2)^1/2) / 2 + PE
    Total System Jitter     (TSJ):    0.071ns
    Discrete Jitter          (DJ):    0.345ns
    Phase Error              (PE):    0.000ns
  Clock Domain Crossing:  Inter clock paths are considered valid unless explicitly excluded by timing constraints such as set_clock_groups or set_false_path.

    Location             Delay type                Incr(ns)  Path(ns)    Netlist Resource(s)
  -------------------------------------------------------------------    -------------------
                         (clock clk_out1_design_1_clk_wiz_0_0 rise edge)
                                                      0.000     0.000 r  
    H16                                               0.000     0.000 r  CLK_I (IN)
                         net (fo=0)                   0.000     0.000    design_1_i/clk_wiz_0/inst/clk_in1
    H16                  IBUF (Prop_ibuf_I_O)         0.225     0.225 r  design_1_i/clk_wiz_0/inst/clkin1_ibufg/O
                         net (fo=1, routed)           0.440     0.665    design_1_i/clk_wiz_0/inst/clk_in1_design_1_clk_wiz_0_0
    PLLE2_ADV_X0Y1       PLLE2_ADV (Prop_plle2_adv_CLKIN1_CLKOUT0)
                                                     -2.231    -1.565 r  design_1_i/clk_wiz_0/inst/plle2_adv_inst/CLKOUT0
                         net (fo=1, routed)           0.497    -1.068    design_1_i/clk_wiz_0/inst/clk_out1_design_1_clk_wiz_0_0
    BUFGCTRL_X0Y16       BUFG (Prop_bufg_I_O)         0.026    -1.042 r  design_1_i/clk_wiz_0/inst/clkout1_buf/O
                         net (fo=128, routed)         0.556    -0.487    design_1_i/TGP_1/U0/m00_axis_aclk
    SLICE_X33Y20         FDRE                                         r  design_1_i/TGP_1/U0/v_cntr_reg_reg[10]/C
  -------------------------------------------------------------------    -------------------
    SLICE_X33Y20         FDRE (Prop_fdre_C_Q)         0.141    -0.346 r  design_1_i/TGP_1/U0/v_cntr_reg_reg[10]/Q
                         net (fo=8, routed)           0.122    -0.224    design_1_i/TGP_1/U0/v_cntr_reg_reg[10]
    SLICE_X33Y20         CARRY4 (Prop_carry4_S[2]_O[2])
                                                      0.111    -0.113 r  design_1_i/TGP_1/U0/v_cntr_reg_reg[8]_i_1/O[2]
                         net (fo=1, routed)           0.000    -0.113    design_1_i/TGP_1/U0/v_cntr_reg_reg[8]_i_1_n_5
    SLICE_X33Y20         FDRE                                         r  design_1_i/TGP_1/U0/v_cntr_reg_reg[10]/D
  -------------------------------------------------------------------    -------------------

                         (clock clk_out1_design_1_clk_wiz_0_0_1 rise edge)
                                                      0.000     0.000 r  
    H16                                               0.000     0.000 r  CLK_I (IN)
                         net (fo=0)                   0.000     0.000    design_1_i/clk_wiz_0/inst/clk_in1
    H16                  IBUF (Prop_ibuf_I_O)         0.413     0.413 r  design_1_i/clk_wiz_0/inst/clkin1_ibufg/O
                         net (fo=1, routed)           0.481     0.894    design_1_i/clk_wiz_0/inst/clk_in1_design_1_clk_wiz_0_0
    PLLE2_ADV_X0Y1       PLLE2_ADV (Prop_plle2_adv_CLKIN1_CLKOUT0)
                                                     -2.543    -1.649 r  design_1_i/clk_wiz_0/inst/plle2_adv_inst/CLKOUT0
                         net (fo=1, routed)           0.544    -1.105    design_1_i/clk_wiz_0/inst/clk_out1_design_1_clk_wiz_0_0
    BUFGCTRL_X0Y16       BUFG (Prop_bufg_I_O)         0.029    -1.076 r  design_1_i/clk_wiz_0/inst/clkout1_buf/O
                         net (fo=128, routed)         0.822    -0.254    design_1_i/TGP_1/U0/m00_axis_aclk
    SLICE_X33Y20         FDRE                                         r  design_1_i/TGP_1/U0/v_cntr_reg_reg[10]/C
                         clock pessimism             -0.233    -0.487    
                         clock uncertainty            0.176    -0.310    
    SLICE_X33Y20         FDRE (Hold_fdre_C_D)         0.105    -0.205    design_1_i/TGP_1/U0/v_cntr_reg_reg[10]
  -------------------------------------------------------------------
                         required time                          0.205    
                         arrival time                          -0.113    
  -------------------------------------------------------------------
                         slack                                  0.092    

Slack (MET) :             0.094ns  (arrival time - required time)
  Source:                 design_1_i/TGP_1/U0/TGP_v1_0_M00_AXIS_inst/data_reg_reg[6]/C
                            (rising edge-triggered cell FDRE clocked by clk_out1_design_1_clk_wiz_0_0  {rise@0.000ns fall@20.000ns period=40.000ns})
  Destination:            design_1_i/PMODVGA_0/U0/PMODVGA_v1_0_S00_AXIS_inst/pixel_b_reg_reg[2]/D
                            (rising edge-triggered cell FDRE clocked by clk_out1_design_1_clk_wiz_0_0_1  {rise@0.000ns fall@20.000ns period=40.000ns})
  Path Group:             clk_out1_design_1_clk_wiz_0_0_1
  Path Type:              Hold (Min at Fast Process Corner)
  Requirement:            0.000ns  (clk_out1_design_1_clk_wiz_0_0_1 rise@0.000ns - clk_out1_design_1_clk_wiz_0_0 rise@0.000ns)
  Data Path Delay:        0.346ns  (logic 0.141ns (40.724%)  route 0.205ns (59.276%))
  Logic Levels:           0  
  Clock Path Skew:        0.013ns (DCD - SCD - CPR)
    Destination Clock Delay (DCD):    -0.229ns
    Source Clock Delay      (SCD):    -0.462ns
    Clock Pessimism Removal (CPR):    0.220ns
  Clock Uncertainty:      0.176ns  ((TSJ^2 + DJ^2)^1/2) / 2 + PE
    Total System Jitter     (TSJ):    0.071ns
    Discrete Jitter          (DJ):    0.345ns
    Phase Error              (PE):    0.000ns
  Clock Domain Crossing:  Inter clock paths are considered valid unless explicitly excluded by timing constraints such as set_clock_groups or set_false_path.

    Location             Delay type                Incr(ns)  Path(ns)    Netlist Resource(s)
  -------------------------------------------------------------------    -------------------
                         (clock clk_out1_design_1_clk_wiz_0_0 rise edge)
                                                      0.000     0.000 r  
    H16                                               0.000     0.000 r  CLK_I (IN)
                         net (fo=0)                   0.000     0.000    design_1_i/clk_wiz_0/inst/clk_in1
    H16                  IBUF (Prop_ibuf_I_O)         0.225     0.225 r  design_1_i/clk_wiz_0/inst/clkin1_ibufg/O
                         net (fo=1, routed)           0.440     0.665    design_1_i/clk_wiz_0/inst/clk_in1_design_1_clk_wiz_0_0
    PLLE2_ADV_X0Y1       PLLE2_ADV (Prop_plle2_adv_CLKIN1_CLKOUT0)
                                                     -2.231    -1.565 r  design_1_i/clk_wiz_0/inst/plle2_adv_inst/CLKOUT0
                         net (fo=1, routed)           0.497    -1.068    design_1_i/clk_wiz_0/inst/clk_out1_design_1_clk_wiz_0_0
    BUFGCTRL_X0Y16       BUFG (Prop_bufg_I_O)         0.026    -1.042 r  design_1_i/clk_wiz_0/inst/clkout1_buf/O
                         net (fo=128, routed)         0.581    -0.462    design_1_i/TGP_1/U0/TGP_v1_0_M00_AXIS_inst/m00_axis_aclk
    SLICE_X41Y24         FDRE                                         r  design_1_i/TGP_1/U0/TGP_v1_0_M00_AXIS_inst/data_reg_reg[6]/C
  -------------------------------------------------------------------    -------------------
    SLICE_X41Y24         FDRE (Prop_fdre_C_Q)         0.141    -0.321 r  design_1_i/TGP_1/U0/TGP_v1_0_M00_AXIS_inst/data_reg_reg[6]/Q
                         net (fo=1, routed)           0.205    -0.115    design_1_i/PMODVGA_0/U0/PMODVGA_v1_0_S00_AXIS_inst/s00_axis_tdata[2]
    SLICE_X42Y24         FDRE                                         r  design_1_i/PMODVGA_0/U0/PMODVGA_v1_0_S00_AXIS_inst/pixel_b_reg_reg[2]/D
  -------------------------------------------------------------------    -------------------

                         (clock clk_out1_design_1_clk_wiz_0_0_1 rise edge)
                                                      0.000     0.000 r  
    H16                                               0.000     0.000 r  CLK_I (IN)
                         net (fo=0)                   0.000     0.000    design_1_i/clk_wiz_0/inst/clk_in1
    H16                  IBUF (Prop_ibuf_I_O)         0.413     0.413 r  design_1_i/clk_wiz_0/inst/clkin1_ibufg/O
                         net (fo=1, routed)           0.481     0.894    design_1_i/clk_wiz_0/inst/clk_in1_design_1_clk_wiz_0_0
    PLLE2_ADV_X0Y1       PLLE2_ADV (Prop_plle2_adv_CLKIN1_CLKOUT0)
                                                     -2.543    -1.649 r  design_1_i/clk_wiz_0/inst/plle2_adv_inst/CLKOUT0
                         net (fo=1, routed)           0.544    -1.105    design_1_i/clk_wiz_0/inst/clk_out1_design_1_clk_wiz_0_0
    BUFGCTRL_X0Y16       BUFG (Prop_bufg_I_O)         0.029    -1.076 r  design_1_i/clk_wiz_0/inst/clkout1_buf/O
                         net (fo=128, routed)         0.847    -0.229    design_1_i/PMODVGA_0/U0/PMODVGA_v1_0_S00_AXIS_inst/s00_axis_aclk
    SLICE_X42Y24         FDRE                                         r  design_1_i/PMODVGA_0/U0/PMODVGA_v1_0_S00_AXIS_inst/pixel_b_reg_reg[2]/C
                         clock pessimism             -0.220    -0.449    
                         clock uncertainty            0.176    -0.272    
    SLICE_X42Y24         FDRE (Hold_fdre_C_D)         0.063    -0.209    design_1_i/PMODVGA_0/U0/PMODVGA_v1_0_S00_AXIS_inst/pixel_b_reg_reg[2]
  -------------------------------------------------------------------
                         required time                          0.209    
                         arrival time                          -0.115    
  -------------------------------------------------------------------
                         slack                                  0.094    

Slack (MET) :             0.098ns  (arrival time - required time)
  Source:                 design_1_i/TGP_1/U0/TGP_v1_0_M00_AXIS_inst/valid_reg_reg/C
                            (rising edge-triggered cell FDRE clocked by clk_out1_design_1_clk_wiz_0_0  {rise@0.000ns fall@20.000ns period=40.000ns})
  Destination:            design_1_i/TGP_1/U0/TGP_v1_0_M00_AXIS_inst/valid_reg_reg/D
                            (rising edge-triggered cell FDRE clocked by clk_out1_design_1_clk_wiz_0_0_1  {rise@0.000ns fall@20.000ns period=40.000ns})
  Path Group:             clk_out1_design_1_clk_wiz_0_0_1
  Path Type:              Hold (Min at Fast Process Corner)
  Requirement:            0.000ns  (clk_out1_design_1_clk_wiz_0_0_1 rise@0.000ns - clk_out1_design_1_clk_wiz_0_0 rise@0.000ns)
  Data Path Delay:        0.365ns  (logic 0.186ns (50.911%)  route 0.179ns (49.089%))
  Logic Levels:           1  (LUT4=1)
  Clock Path Skew:        0.000ns (DCD - SCD - CPR)
    Destination Clock Delay (DCD):    -0.228ns
    Source Clock Delay      (SCD):    -0.461ns
    Clock Pessimism Removal (CPR):    0.233ns
  Clock Uncertainty:      0.176ns  ((TSJ^2 + DJ^2)^1/2) / 2 + PE
    Total System Jitter     (TSJ):    0.071ns
    Discrete Jitter          (DJ):    0.345ns
    Phase Error              (PE):    0.000ns
  Clock Domain Crossing:  Inter clock paths are considered valid unless explicitly excluded by timing constraints such as set_clock_groups or set_false_path.

    Location             Delay type                Incr(ns)  Path(ns)    Netlist Resource(s)
  -------------------------------------------------------------------    -------------------
                         (clock clk_out1_design_1_clk_wiz_0_0 rise edge)
                                                      0.000     0.000 r  
    H16                                               0.000     0.000 r  CLK_I (IN)
                         net (fo=0)                   0.000     0.000    design_1_i/clk_wiz_0/inst/clk_in1
    H16                  IBUF (Prop_ibuf_I_O)         0.225     0.225 r  design_1_i/clk_wiz_0/inst/clkin1_ibufg/O
                         net (fo=1, routed)           0.440     0.665    design_1_i/clk_wiz_0/inst/clk_in1_design_1_clk_wiz_0_0
    PLLE2_ADV_X0Y1       PLLE2_ADV (Prop_plle2_adv_CLKIN1_CLKOUT0)
                                                     -2.231    -1.565 r  design_1_i/clk_wiz_0/inst/plle2_adv_inst/CLKOUT0
                         net (fo=1, routed)           0.497    -1.068    design_1_i/clk_wiz_0/inst/clk_out1_design_1_clk_wiz_0_0
    BUFGCTRL_X0Y16       BUFG (Prop_bufg_I_O)         0.026    -1.042 r  design_1_i/clk_wiz_0/inst/clkout1_buf/O
                         net (fo=128, routed)         0.582    -0.461    design_1_i/TGP_1/U0/TGP_v1_0_M00_AXIS_inst/m00_axis_aclk
    SLICE_X41Y26         FDRE                                         r  design_1_i/TGP_1/U0/TGP_v1_0_M00_AXIS_inst/valid_reg_reg/C
  -------------------------------------------------------------------    -------------------
    SLICE_X41Y26         FDRE (Prop_fdre_C_Q)         0.141    -0.320 r  design_1_i/TGP_1/U0/TGP_v1_0_M00_AXIS_inst/valid_reg_reg/Q
                         net (fo=3, routed)           0.179    -0.140    design_1_i/TGP_1/U0/TGP_v1_0_M00_AXIS_inst/m00_axis_tvalid
    SLICE_X41Y26         LUT4 (Prop_lut4_I3_O)        0.045    -0.095 r  design_1_i/TGP_1/U0/TGP_v1_0_M00_AXIS_inst/valid_reg_i_1/O
                         net (fo=1, routed)           0.000    -0.095    design_1_i/TGP_1/U0/TGP_v1_0_M00_AXIS_inst/valid_reg_i_1_n_0
    SLICE_X41Y26         FDRE                                         r  design_1_i/TGP_1/U0/TGP_v1_0_M00_AXIS_inst/valid_reg_reg/D
  -------------------------------------------------------------------    -------------------

                         (clock clk_out1_design_1_clk_wiz_0_0_1 rise edge)
                                                      0.000     0.000 r  
    H16                                               0.000     0.000 r  CLK_I (IN)
                         net (fo=0)                   0.000     0.000    design_1_i/clk_wiz_0/inst/clk_in1
    H16                  IBUF (Prop_ibuf_I_O)         0.413     0.413 r  design_1_i/clk_wiz_0/inst/clkin1_ibufg/O
                         net (fo=1, routed)           0.481     0.894    design_1_i/clk_wiz_0/inst/clk_in1_design_1_clk_wiz_0_0
    PLLE2_ADV_X0Y1       PLLE2_ADV (Prop_plle2_adv_CLKIN1_CLKOUT0)
                                                     -2.543    -1.649 r  design_1_i/clk_wiz_0/inst/plle2_adv_inst/CLKOUT0
                         net (fo=1, routed)           0.544    -1.105    design_1_i/clk_wiz_0/inst/clk_out1_design_1_clk_wiz_0_0
    BUFGCTRL_X0Y16       BUFG (Prop_bufg_I_O)         0.029    -1.076 r  design_1_i/clk_wiz_0/inst/clkout1_buf/O
                         net (fo=128, routed)         0.848    -0.228    design_1_i/TGP_1/U0/TGP_v1_0_M00_AXIS_inst/m00_axis_aclk
    SLICE_X41Y26         FDRE                                         r  design_1_i/TGP_1/U0/TGP_v1_0_M00_AXIS_inst/valid_reg_reg/C
                         clock pessimism             -0.233    -0.461    
                         clock uncertainty            0.176    -0.284    
    SLICE_X41Y26         FDRE (Hold_fdre_C_D)         0.091    -0.193    design_1_i/TGP_1/U0/TGP_v1_0_M00_AXIS_inst/valid_reg_reg
  -------------------------------------------------------------------
                         required time                          0.193    
                         arrival time                          -0.095    
  -------------------------------------------------------------------
                         slack                                  0.098    

Slack (MET) :             0.100ns  (arrival time - required time)
  Source:                 design_1_i/TGP_1/U0/box_x_dir_reg/C
                            (rising edge-triggered cell FDRE clocked by clk_out1_design_1_clk_wiz_0_0  {rise@0.000ns fall@20.000ns period=40.000ns})
  Destination:            design_1_i/TGP_1/U0/box_x_dir_reg/D
                            (rising edge-triggered cell FDRE clocked by clk_out1_design_1_clk_wiz_0_0_1  {rise@0.000ns fall@20.000ns period=40.000ns})
  Path Group:             clk_out1_design_1_clk_wiz_0_0_1
  Path Type:              Hold (Min at Fast Process Corner)
  Requirement:            0.000ns  (clk_out1_design_1_clk_wiz_0_0_1 rise@0.000ns - clk_out1_design_1_clk_wiz_0_0 rise@0.000ns)
  Data Path Delay:        0.396ns  (logic 0.209ns (52.728%)  route 0.187ns (47.272%))
  Logic Levels:           1  (LUT5=1)
  Clock Path Skew:        0.000ns (DCD - SCD - CPR)
    Destination Clock Delay (DCD):    -0.228ns
    Source Clock Delay      (SCD):    -0.461ns
    Clock Pessimism Removal (CPR):    0.233ns
  Clock Uncertainty:      0.176ns  ((TSJ^2 + DJ^2)^1/2) / 2 + PE
    Total System Jitter     (TSJ):    0.071ns
    Discrete Jitter          (DJ):    0.345ns
    Phase Error              (PE):    0.000ns
  Clock Domain Crossing:  Inter clock paths are considered valid unless explicitly excluded by timing constraints such as set_clock_groups or set_false_path.

    Location             Delay type                Incr(ns)  Path(ns)    Netlist Resource(s)
  -------------------------------------------------------------------    -------------------
                         (clock clk_out1_design_1_clk_wiz_0_0 rise edge)
                                                      0.000     0.000 r  
    H16                                               0.000     0.000 r  CLK_I (IN)
                         net (fo=0)                   0.000     0.000    design_1_i/clk_wiz_0/inst/clk_in1
    H16                  IBUF (Prop_ibuf_I_O)         0.225     0.225 r  design_1_i/clk_wiz_0/inst/clkin1_ibufg/O
                         net (fo=1, routed)           0.440     0.665    design_1_i/clk_wiz_0/inst/clk_in1_design_1_clk_wiz_0_0
    PLLE2_ADV_X0Y1       PLLE2_ADV (Prop_plle2_adv_CLKIN1_CLKOUT0)
                                                     -2.231    -1.565 r  design_1_i/clk_wiz_0/inst/plle2_adv_inst/CLKOUT0
                         net (fo=1, routed)           0.497    -1.068    design_1_i/clk_wiz_0/inst/clk_out1_design_1_clk_wiz_0_0
    BUFGCTRL_X0Y16       BUFG (Prop_bufg_I_O)         0.026    -1.042 r  design_1_i/clk_wiz_0/inst/clkout1_buf/O
                         net (fo=128, routed)         0.582    -0.461    design_1_i/TGP_1/U0/m00_axis_aclk
    SLICE_X38Y27         FDRE                                         r  design_1_i/TGP_1/U0/box_x_dir_reg/C
  -------------------------------------------------------------------    -------------------
    SLICE_X38Y27         FDRE (Prop_fdre_C_Q)         0.164    -0.297 r  design_1_i/TGP_1/U0/box_x_dir_reg/Q
                         net (fo=27, routed)          0.187    -0.109    design_1_i/TGP_1/U0/box_x_dir_reg_n_0
    SLICE_X38Y27         LUT5 (Prop_lut5_I4_O)        0.045    -0.064 r  design_1_i/TGP_1/U0/box_x_dir_i_1/O
                         net (fo=1, routed)           0.000    -0.064    design_1_i/TGP_1/U0/box_x_dir_i_1_n_0
    SLICE_X38Y27         FDRE                                         r  design_1_i/TGP_1/U0/box_x_dir_reg/D
  -------------------------------------------------------------------    -------------------

                         (clock clk_out1_design_1_clk_wiz_0_0_1 rise edge)
                                                      0.000     0.000 r  
    H16                                               0.000     0.000 r  CLK_I (IN)
                         net (fo=0)                   0.000     0.000    design_1_i/clk_wiz_0/inst/clk_in1
    H16                  IBUF (Prop_ibuf_I_O)         0.413     0.413 r  design_1_i/clk_wiz_0/inst/clkin1_ibufg/O
                         net (fo=1, routed)           0.481     0.894    design_1_i/clk_wiz_0/inst/clk_in1_design_1_clk_wiz_0_0
    PLLE2_ADV_X0Y1       PLLE2_ADV (Prop_plle2_adv_CLKIN1_CLKOUT0)
                                                     -2.543    -1.649 r  design_1_i/clk_wiz_0/inst/plle2_adv_inst/CLKOUT0
                         net (fo=1, routed)           0.544    -1.105    design_1_i/clk_wiz_0/inst/clk_out1_design_1_clk_wiz_0_0
    BUFGCTRL_X0Y16       BUFG (Prop_bufg_I_O)         0.029    -1.076 r  design_1_i/clk_wiz_0/inst/clkout1_buf/O
                         net (fo=128, routed)         0.848    -0.228    design_1_i/TGP_1/U0/m00_axis_aclk
    SLICE_X38Y27         FDRE                                         r  design_1_i/TGP_1/U0/box_x_dir_reg/C
                         clock pessimism             -0.233    -0.461    
                         clock uncertainty            0.176    -0.284    
    SLICE_X38Y27         FDRE (Hold_fdre_C_D)         0.120    -0.164    design_1_i/TGP_1/U0/box_x_dir_reg
  -------------------------------------------------------------------
                         required time                          0.164    
                         arrival time                          -0.064    
  -------------------------------------------------------------------
                         slack                                  0.100    

Slack (MET) :             0.100ns  (arrival time - required time)
  Source:                 design_1_i/TGP_1/U0/v_cntr_reg_reg[7]/C
                            (rising edge-triggered cell FDRE clocked by clk_out1_design_1_clk_wiz_0_0  {rise@0.000ns fall@20.000ns period=40.000ns})
  Destination:            design_1_i/TGP_1/U0/v_cntr_reg_reg[7]/D
                            (rising edge-triggered cell FDRE clocked by clk_out1_design_1_clk_wiz_0_0_1  {rise@0.000ns fall@20.000ns period=40.000ns})
  Path Group:             clk_out1_design_1_clk_wiz_0_0_1
  Path Type:              Hold (Min at Fast Process Corner)
  Requirement:            0.000ns  (clk_out1_design_1_clk_wiz_0_0_1 rise@0.000ns - clk_out1_design_1_clk_wiz_0_0 rise@0.000ns)
  Data Path Delay:        0.381ns  (logic 0.249ns (65.279%)  route 0.132ns (34.721%))
  Logic Levels:           1  (CARRY4=1)
  Clock Path Skew:        0.000ns (DCD - SCD - CPR)
    Destination Clock Delay (DCD):    -0.253ns
    Source Clock Delay      (SCD):    -0.486ns
    Clock Pessimism Removal (CPR):    0.233ns
  Clock Uncertainty:      0.176ns  ((TSJ^2 + DJ^2)^1/2) / 2 + PE
    Total System Jitter     (TSJ):    0.071ns
    Discrete Jitter          (DJ):    0.345ns
    Phase Error              (PE):    0.000ns
  Clock Domain Crossing:  Inter clock paths are considered valid unless explicitly excluded by timing constraints such as set_clock_groups or set_false_path.

    Location             Delay type                Incr(ns)  Path(ns)    Netlist Resource(s)
  -------------------------------------------------------------------    -------------------
                         (clock clk_out1_design_1_clk_wiz_0_0 rise edge)
                                                      0.000     0.000 r  
    H16                                               0.000     0.000 r  CLK_I (IN)
                         net (fo=0)                   0.000     0.000    design_1_i/clk_wiz_0/inst/clk_in1
    H16                  IBUF (Prop_ibuf_I_O)         0.225     0.225 r  design_1_i/clk_wiz_0/inst/clkin1_ibufg/O
                         net (fo=1, routed)           0.440     0.665    design_1_i/clk_wiz_0/inst/clk_in1_design_1_clk_wiz_0_0
    PLLE2_ADV_X0Y1       PLLE2_ADV (Prop_plle2_adv_CLKIN1_CLKOUT0)
                                                     -2.231    -1.565 r  design_1_i/clk_wiz_0/inst/plle2_adv_inst/CLKOUT0
                         net (fo=1, routed)           0.497    -1.068    design_1_i/clk_wiz_0/inst/clk_out1_design_1_clk_wiz_0_0
    BUFGCTRL_X0Y16       BUFG (Prop_bufg_I_O)         0.026    -1.042 r  design_1_i/clk_wiz_0/inst/clkout1_buf/O
                         net (fo=128, routed)         0.557    -0.486    design_1_i/TGP_1/U0/m00_axis_aclk
    SLICE_X33Y19         FDRE                                         r  design_1_i/TGP_1/U0/v_cntr_reg_reg[7]/C
  -------------------------------------------------------------------    -------------------
    SLICE_X33Y19         FDRE (Prop_fdre_C_Q)         0.141    -0.345 r  design_1_i/TGP_1/U0/v_cntr_reg_reg[7]/Q
                         net (fo=8, routed)           0.132    -0.212    design_1_i/TGP_1/U0/v_cntr_reg_reg[7]
    SLICE_X33Y19         CARRY4 (Prop_carry4_S[3]_O[3])
                                                      0.108    -0.104 r  design_1_i/TGP_1/U0/v_cntr_reg_reg[4]_i_1/O[3]
                         net (fo=1, routed)           0.000    -0.104    design_1_i/TGP_1/U0/v_cntr_reg_reg[4]_i_1_n_4
    SLICE_X33Y19         FDRE                                         r  design_1_i/TGP_1/U0/v_cntr_reg_reg[7]/D
  -------------------------------------------------------------------    -------------------

                         (clock clk_out1_design_1_clk_wiz_0_0_1 rise edge)
                                                      0.000     0.000 r  
    H16                                               0.000     0.000 r  CLK_I (IN)
                         net (fo=0)                   0.000     0.000    design_1_i/clk_wiz_0/inst/clk_in1
    H16                  IBUF (Prop_ibuf_I_O)         0.413     0.413 r  design_1_i/clk_wiz_0/inst/clkin1_ibufg/O
                         net (fo=1, routed)           0.481     0.894    design_1_i/clk_wiz_0/inst/clk_in1_design_1_clk_wiz_0_0
    PLLE2_ADV_X0Y1       PLLE2_ADV (Prop_plle2_adv_CLKIN1_CLKOUT0)
                                                     -2.543    -1.649 r  design_1_i/clk_wiz_0/inst/plle2_adv_inst/CLKOUT0
                         net (fo=1, routed)           0.544    -1.105    design_1_i/clk_wiz_0/inst/clk_out1_design_1_clk_wiz_0_0
    BUFGCTRL_X0Y16       BUFG (Prop_bufg_I_O)         0.029    -1.076 r  design_1_i/clk_wiz_0/inst/clkout1_buf/O
                         net (fo=128, routed)         0.823    -0.253    design_1_i/TGP_1/U0/m00_axis_aclk
    SLICE_X33Y19         FDRE                                         r  design_1_i/TGP_1/U0/v_cntr_reg_reg[7]/C
                         clock pessimism             -0.233    -0.486    
                         clock uncertainty            0.176    -0.309    
    SLICE_X33Y19         FDRE (Hold_fdre_C_D)         0.105    -0.204    design_1_i/TGP_1/U0/v_cntr_reg_reg[7]
  -------------------------------------------------------------------
                         required time                          0.204    
                         arrival time                          -0.104    
  -------------------------------------------------------------------
                         slack                                  0.100    

Slack (MET) :             0.100ns  (arrival time - required time)
  Source:                 design_1_i/TGP_1/U0/h_cntr_reg_reg[11]/C
                            (rising edge-triggered cell FDRE clocked by clk_out1_design_1_clk_wiz_0_0  {rise@0.000ns fall@20.000ns period=40.000ns})
  Destination:            design_1_i/TGP_1/U0/h_cntr_reg_reg[11]/D
                            (rising edge-triggered cell FDRE clocked by clk_out1_design_1_clk_wiz_0_0_1  {rise@0.000ns fall@20.000ns period=40.000ns})
  Path Group:             clk_out1_design_1_clk_wiz_0_0_1
  Path Type:              Hold (Min at Fast Process Corner)
  Requirement:            0.000ns  (clk_out1_design_1_clk_wiz_0_0_1 rise@0.000ns - clk_out1_design_1_clk_wiz_0_0 rise@0.000ns)
  Data Path Delay:        0.382ns  (logic 0.249ns (65.268%)  route 0.133ns (34.732%))
  Logic Levels:           1  (CARRY4=1)
  Clock Path Skew:        0.000ns (DCD - SCD - CPR)
    Destination Clock Delay (DCD):    -0.230ns
    Source Clock Delay      (SCD):    -0.463ns
    Clock Pessimism Removal (CPR):    0.233ns
  Clock Uncertainty:      0.176ns  ((TSJ^2 + DJ^2)^1/2) / 2 + PE
    Total System Jitter     (TSJ):    0.071ns
    Discrete Jitter          (DJ):    0.345ns
    Phase Error              (PE):    0.000ns
  Clock Domain Crossing:  Inter clock paths are considered valid unless explicitly excluded by timing constraints such as set_clock_groups or set_false_path.

    Location             Delay type                Incr(ns)  Path(ns)    Netlist Resource(s)
  -------------------------------------------------------------------    -------------------
                         (clock clk_out1_design_1_clk_wiz_0_0 rise edge)
                                                      0.000     0.000 r  
    H16                                               0.000     0.000 r  CLK_I (IN)
                         net (fo=0)                   0.000     0.000    design_1_i/clk_wiz_0/inst/clk_in1
    H16                  IBUF (Prop_ibuf_I_O)         0.225     0.225 r  design_1_i/clk_wiz_0/inst/clkin1_ibufg/O
                         net (fo=1, routed)           0.440     0.665    design_1_i/clk_wiz_0/inst/clk_in1_design_1_clk_wiz_0_0
    PLLE2_ADV_X0Y1       PLLE2_ADV (Prop_plle2_adv_CLKIN1_CLKOUT0)
                                                     -2.231    -1.565 r  design_1_i/clk_wiz_0/inst/plle2_adv_inst/CLKOUT0
                         net (fo=1, routed)           0.497    -1.068    design_1_i/clk_wiz_0/inst/clk_out1_design_1_clk_wiz_0_0
    BUFGCTRL_X0Y16       BUFG (Prop_bufg_I_O)         0.026    -1.042 r  design_1_i/clk_wiz_0/inst/clkout1_buf/O
                         net (fo=128, routed)         0.580    -0.463    design_1_i/TGP_1/U0/m00_axis_aclk
    SLICE_X37Y26         FDRE                                         r  design_1_i/TGP_1/U0/h_cntr_reg_reg[11]/C
  -------------------------------------------------------------------    -------------------
    SLICE_X37Y26         FDRE (Prop_fdre_C_Q)         0.141    -0.322 r  design_1_i/TGP_1/U0/h_cntr_reg_reg[11]/Q
                         net (fo=8, routed)           0.133    -0.189    design_1_i/TGP_1/U0/h_cntr_reg_reg_n_0_[11]
    SLICE_X37Y26         CARRY4 (Prop_carry4_S[3]_O[3])
                                                      0.108    -0.081 r  design_1_i/TGP_1/U0/h_cntr_reg_reg[8]_i_1/O[3]
                         net (fo=1, routed)           0.000    -0.081    design_1_i/TGP_1/U0/h_cntr_reg_reg[8]_i_1_n_4
    SLICE_X37Y26         FDRE                                         r  design_1_i/TGP_1/U0/h_cntr_reg_reg[11]/D
  -------------------------------------------------------------------    -------------------

                         (clock clk_out1_design_1_clk_wiz_0_0_1 rise edge)
                                                      0.000     0.000 r  
    H16                                               0.000     0.000 r  CLK_I (IN)
                         net (fo=0)                   0.000     0.000    design_1_i/clk_wiz_0/inst/clk_in1
    H16                  IBUF (Prop_ibuf_I_O)         0.413     0.413 r  design_1_i/clk_wiz_0/inst/clkin1_ibufg/O
                         net (fo=1, routed)           0.481     0.894    design_1_i/clk_wiz_0/inst/clk_in1_design_1_clk_wiz_0_0
    PLLE2_ADV_X0Y1       PLLE2_ADV (Prop_plle2_adv_CLKIN1_CLKOUT0)
                                                     -2.543    -1.649 r  design_1_i/clk_wiz_0/inst/plle2_adv_inst/CLKOUT0
                         net (fo=1, routed)           0.544    -1.105    design_1_i/clk_wiz_0/inst/clk_out1_design_1_clk_wiz_0_0
    BUFGCTRL_X0Y16       BUFG (Prop_bufg_I_O)         0.029    -1.076 r  design_1_i/clk_wiz_0/inst/clkout1_buf/O
                         net (fo=128, routed)         0.846    -0.230    design_1_i/TGP_1/U0/m00_axis_aclk
    SLICE_X37Y26         FDRE                                         r  design_1_i/TGP_1/U0/h_cntr_reg_reg[11]/C
                         clock pessimism             -0.233    -0.463    
                         clock uncertainty            0.176    -0.286    
    SLICE_X37Y26         FDRE (Hold_fdre_C_D)         0.105    -0.181    design_1_i/TGP_1/U0/h_cntr_reg_reg[11]
  -------------------------------------------------------------------
                         required time                          0.181    
                         arrival time                          -0.081    
  -------------------------------------------------------------------
                         slack                                  0.100    





